Cod_CL,Nombre_Completo,Tipo_Id,Identificacion,Telefono,Correo
1,Cliente Demo Helios,Cedula,001-1234567-8,809-555-0100,demo@helios.local
2,Andrés García Romero,Cedula,001-1000001-3,809-501-1001,andres.garcia.1@vimenca-demo.local
3,Patricia González Romero,Cedula,001-1000002-4,849-502-1002,patricia.gonzalez.2@correo.com.do
4,Andrea Martínez Hernández,Cedula,001-1000003-5,809-503-1003,andrea.martinez.3@cliente.test
5,José Martínez Ramírez,Cedula,001-1000004-6,849-504-1004,jose.martinez.4@email.do
6,Yolanda García Ruiz,Cedula,001-1000005-7,849-505-1005,yolanda.garcia.5@email.do
7,Andrea Morales Torres,Cedula,001-1000006-8,849-506-1006,andrea.morales.6@cliente.test
8,Elena Medina Rojas,Cedula,001-1000007-9,809-507-1007,elena.medina.7@correo.com.do
9,Óscar Gómez Flores,Cedula,001-1000008-1,809-508-1008,oscar.gomez.8@email.do
10,David Pérez Martínez,Cedula,001-1000009-2,809-509-1009,david.perez.9@cliente.test
11,Jorge Rojas Díaz,Cedula,001-1000010-3,809-510-1010,jorge.rojas.10@vimenca-demo.local
12,Pablo Ruiz Pérez,Cedula,001-1000011-4,809-511-1011,pablo.ruiz.11@cliente.test
13,Natalia Rivera Guerrero,Cedula,001-1000012-5,849-512-1012,natalia.rivera.12@vimenca-demo.local
14,Carmen Mendoza Martínez,Cedula,001-1000013-6,849-513-1013,carmen.mendoza.13@correo.com.do
15,Patricia Alvarez Rivera,Cedula,001-1000014-7,809-514-1014,patricia.alvarez.14@correo.com.do
16,Rafael Cruz Flores,Cedula,001-1000015-8,849-515-1015,rafael.cruz.15@cliente.test
17,Alejandro Sánchez Díaz,Cedula,001-1000016-9,809-516-1016,alejandro.sanchez.16@vimenca-demo.local
18,Elena Mendoza Peña,Cedula,001-1000017-1,849-517-1017,elena.mendoza.17@correo.com.do
19,María Ruiz Romero,Cedula,001-1000018-2,809-518-1018,maria.ruiz.18@email.do
20,Pablo Cruz Flores,Cedula,001-1000019-3,849-519-1019,pablo.cruz.19@email.do
21,Daniel Guerrero Alvarez,Cedula,001-1000020-4,809-520-1020,daniel.guerrero.20@correo.com.do
22,Carlos Medina Gómez,Cedula,001-1000021-5,829-521-1021,carlos.medina.21@cliente.test
23,Miguel Ramírez Peña,Cedula,001-1000022-6,809-522-1022,miguel.ramirez.22@vimenca-demo.local
24,Isabella Cruz Cabrera,Cedula,001-1000023-7,809-523-1023,isabella.cruz.23@cliente.test
25,Valeria González Torres,Cedula,001-1000024-8,849-524-1024,valeria.gonzalez.24@vimenca-demo.local
26,Karina Morales Cabrera,Cedula,001-1000025-9,829-525-1025,karina.morales.25@cliente.test
27,Patricia González Gutiérrez,Cedula,001-1000026-1,809-526-1026,patricia.gonzalez.26@cliente.test
28,Luis Rojas Pérez,Cedula,001-1000027-2,849-527-1027,luis.rojas.27@email.do
29,María Medina Castillo,Cedula,001-1000028-3,849-528-1028,maria.medina.28@cliente.test
30,Miguel Cruz Cruz,Cedula,001-1000029-4,849-529-1029,miguel.cruz.29@cliente.test
31,Valeria Ruiz Rojas,Cedula,001-1000030-5,849-530-1030,valeria.ruiz.30@correo.com.do
32,Andrés Castillo Cabrera,Cedula,001-1000031-6,849-531-1031,andres.castillo.31@vimenca-demo.local
33,David Pérez Rivera,Cedula,001-1000032-7,809-532-1032,david.perez.32@cliente.test
34,Pablo García Romero,Cedula,001-1000033-8,849-533-1033,pablo.garcia.33@vimenca-demo.local
35,Ana Gutiérrez Peña,Cedula,001-1000034-9,849-534-1034,ana.gutierrez.34@correo.com.do
36,Rosa Guerrero Vargas,Cedula,001-1000035-1,809-535-1035,rosa.guerrero.35@email.do
37,Alejandro Alvarez Sánchez,Cedula,001-1000036-2,849-536-1036,alejandro.alvarez.36@correo.com.do
38,Daniel Ortiz García,Cedula,001-1000037-3,829-537-1037,daniel.ortiz.37@correo.com.do
39,Rosa Torres Rodríguez,Cedula,001-1000038-4,849-538-1038,rosa.torres.38@email.do
40,Pedro Martínez Romero,Cedula,001-1000039-5,809-539-1039,pedro.martinez.39@cliente.test
41,Andrea Alvarez González,Cedula,001-1000040-6,849-540-1040,andrea.alvarez.40@email.do
42,Gabriela Ruiz Sánchez,Cedula,001-1000041-7,849-541-1041,gabriela.ruiz.41@vimenca-demo.local
43,Yolanda Morales Ramírez,Cedula,001-1000042-8,849-542-1042,yolanda.morales.42@email.do
44,Rosa Cruz Castillo,Cedula,001-1000043-9,829-543-1043,rosa.cruz.43@vimenca-demo.local
45,Lucía Reyes Pérez,Cedula,001-1000044-1,809-544-1044,lucia.reyes.44@email.do
46,Miguel Gómez García,Cedula,001-1000045-2,849-545-1045,miguel.gomez.45@email.do
47,Patricia García Martínez,Cedula,001-1000046-3,809-546-1046,patricia.garcia.46@correo.com.do
48,Miguel Cabrera Rodríguez,Cedula,001-1000047-4,809-547-1047,miguel.cabrera.47@vimenca-demo.local
49,Camila Torres Flores,Cedula,001-1000048-5,809-548-1048,camila.torres.48@cliente.test
50,Andrea González Romero,Cedula,001-1000049-6,809-549-1049,andrea.gonzalez.49@cliente.test
51,Gabriela Medina Morales,Cedula,001-1000050-7,809-550-1050,gabriela.medina.50@email.do
52,Rafael Castillo Morales,Cedula,001-1000051-8,829-551-1051,rafael.castillo.51@vimenca-demo.local
53,Héctor Reyes Rojas,Cedula,001-1000052-9,849-552-1052,hector.reyes.52@correo.com.do
54,Rafael Rodríguez Cruz,Cedula,001-1000053-1,809-553-1053,rafael.rodriguez.53@vimenca-demo.local
55,Sofía Ramírez Ramírez,Cedula,001-1000054-2,809-554-1054,sofia.ramirez.54@cliente.test
56,Óscar Sánchez Flores,Cedula,001-1000055-3,809-555-1055,oscar.sanchez.55@cliente.test
57,Miguel Reyes Medina,Cedula,001-1000056-4,809-556-1056,miguel.reyes.56@correo.com.do
58,Andrea Guerrero García,Cedula,001-1000057-5,809-557-1057,andrea.guerrero.57@correo.com.do
59,María Morales Ortiz,Cedula,001-1000058-6,809-558-1058,maria.morales.58@cliente.test
60,Fernando Cabrera Rodríguez,Cedula,001-1000059-7,829-559-1059,fernando.cabrera.59@email.do
61,Juan Cruz Flores,Cedula,001-1000060-8,829-560-1060,juan.cruz.60@cliente.test
62,Óscar Mendoza Romero,Cedula,001-1000061-9,809-561-1061,oscar.mendoza.61@cliente.test
63,Carmen Rivera Ramírez,Cedula,001-1000062-1,849-562-1062,carmen.rivera.62@correo.com.do
64,Andrea Rodríguez Romero,Cedula,001-1000063-2,809-563-1063,andrea.rodriguez.63@vimenca-demo.local
65,Luis Hernández Ortiz,Cedula,001-1000064-3,809-564-1064,luis.hernandez.64@email.do
66,Camila Martínez Rojas,Cedula,001-1000065-4,809-565-1065,camila.martinez.65@email.do
67,Yolanda Martínez Castillo,Cedula,001-1000066-5,829-566-1066,yolanda.martinez.66@email.do
68,Andrés Cabrera Hernández,Cedula,001-1000067-6,849-567-1067,andres.cabrera.67@email.do
69,Yolanda Rodríguez Jiménez,Cedula,001-1000068-7,829-568-1068,yolanda.rodriguez.68@correo.com.do
70,Karina Hernández Gutiérrez,Cedula,001-1000069-8,829-569-1069,karina.hernandez.69@vimenca-demo.local
71,Laura Castillo Mendoza,Cedula,001-1000070-9,809-570-1070,laura.castillo.70@vimenca-demo.local
72,Valeria Cruz González,Cedula,001-1000071-1,829-571-1071,valeria.cruz.71@vimenca-demo.local
73,Daniel Peña Alvarez,Cedula,001-1000072-2,809-572-1072,daniel.peña.72@correo.com.do
74,Pablo Jiménez Hernández,Cedula,001-1000073-3,809-573-1073,pablo.jimenez.73@correo.com.do
75,Andrea Ramírez Gutiérrez,Cedula,001-1000074-4,809-574-1074,andrea.ramirez.74@vimenca-demo.local
76,Jorge Cabrera Martínez,Cedula,001-1000075-5,829-575-1075,jorge.cabrera.75@email.do
77,Diana Sánchez Reyes,Cedula,001-1000076-6,849-576-1076,diana.sanchez.76@vimenca-demo.local
78,Lucía García Castillo,Cedula,001-1000077-7,849-577-1077,lucia.garcia.77@vimenca-demo.local
79,Rafael Cabrera González,Cedula,001-1000078-8,809-578-1078,rafael.cabrera.78@vimenca-demo.local
80,Rafael Romero Ruiz,Cedula,001-1000079-9,829-579-1079,rafael.romero.79@email.do
81,Diana Jiménez Ramírez,Cedula,001-1000080-1,809-580-1080,diana.jimenez.80@vimenca-demo.local
82,Valeria Gutiérrez Ortiz,Cedula,001-1000081-2,809-581-1081,valeria.gutierrez.81@vimenca-demo.local
83,Pedro Vargas Morales,Cedula,001-1000082-3,809-582-1082,pedro.vargas.82@vimenca-demo.local
84,Juan Gómez Alvarez,Cedula,001-1000083-4,849-583-1083,juan.gomez.83@email.do
85,Valeria Sánchez Romero,Cedula,001-1000084-5,849-584-1084,valeria.sanchez.84@cliente.test
86,Óscar Ruiz García,Cedula,001-1000085-6,809-585-1085,oscar.ruiz.85@correo.com.do
87,Manuel Ruiz Rodríguez,Cedula,001-1000086-7,849-586-1086,manuel.ruiz.86@vimenca-demo.local
88,Natalia González Morales,Cedula,001-1000087-8,809-587-1087,natalia.gonzalez.87@email.do
89,Rosa Díaz Cabrera,Cedula,001-1000088-9,829-588-1088,rosa.diaz.88@correo.com.do
90,Laura Castillo Torres,Cedula,001-1000089-1,829-589-1089,laura.castillo.89@correo.com.do
91,Natalia Cabrera Rojas,Cedula,001-1000090-2,849-590-1090,natalia.cabrera.90@cliente.test
92,Manuel Peña Peña,Cedula,001-1000091-3,809-591-1091,manuel.peña.91@email.do
93,Ana Cabrera Morales,Cedula,001-1000092-4,809-592-1092,ana.cabrera.92@correo.com.do
94,David Medina Peña,Cedula,001-1000093-5,849-593-1093,david.medina.93@cliente.test
95,Sofía Flores Sánchez,Cedula,001-1000094-6,829-594-1094,sofia.flores.94@correo.com.do
96,Carlos Rojas Ortiz,Cedula,001-1000095-7,809-595-1095,carlos.rojas.95@email.do
97,Pablo Díaz Rivera,Cedula,001-1000096-8,809-596-1096,pablo.diaz.96@email.do
98,José Castillo Ramírez,Cedula,001-1000097-9,829-597-1097,jose.castillo.97@cliente.test
99,Elena Rojas Martínez,Cedula,001-1000098-1,829-598-1098,elena.rojas.98@vimenca-demo.local
100,Camila Cruz Castillo,Cedula,001-1000099-2,809-599-1099,camila.cruz.99@vimenca-demo.local
101,Andrés Cabrera Flores,Cedula,001-1000100-3,849-600-1100,andres.cabrera.100@email.do
102,Valeria Rodríguez Pérez,Cedula,001-1000101-4,829-601-1101,valeria.rodriguez.101@cliente.test
103,Daniel Morales Jiménez,Cedula,001-1000102-5,829-602-1102,daniel.morales.102@correo.com.do
104,Paola Ramírez Flores,Cedula,001-1000103-6,849-603-1103,paola.ramirez.103@correo.com.do
105,Óscar García Gutiérrez,Cedula,001-1000104-7,829-604-1104,oscar.garcia.104@email.do
106,Óscar Martínez Castillo,Cedula,001-1000105-8,849-605-1105,oscar.martinez.105@vimenca-demo.local
107,Daniel Castillo Rojas,Cedula,001-1000106-9,849-606-1106,daniel.castillo.106@correo.com.do
108,Rosa Gutiérrez Rivera,Cedula,001-1000107-1,829-607-1107,rosa.gutierrez.107@cliente.test
109,Fernando Mendoza Rivera,Cedula,001-1000108-2,809-608-1108,fernando.mendoza.108@email.do
110,Héctor Castillo Cruz,Cedula,001-1000109-3,849-609-1109,hector.castillo.109@email.do
111,Paola Rivera Cruz,Cedula,001-1000110-4,829-610-1110,paola.rivera.110@correo.com.do
112,Diana Ramírez Morales,Cedula,001-1000111-5,829-611-1111,diana.ramirez.111@vimenca-demo.local
113,Iván Reyes Castillo,Cedula,001-1000112-6,849-612-1112,ivan.reyes.112@email.do
114,Gabriela Medina Cabrera,Cedula,001-1000113-7,849-613-1113,gabriela.medina.113@email.do
115,Pedro Rivera Gutiérrez,Cedula,001-1000114-8,809-614-1114,pedro.rivera.114@vimenca-demo.local
116,Sofía Castillo Rivera,Cedula,001-1000115-9,809-615-1115,sofia.castillo.115@email.do
117,Manuel García Rodríguez,Cedula,001-1000116-1,829-616-1116,manuel.garcia.116@email.do
118,Claudia Rojas Alvarez,Cedula,001-1000117-2,829-617-1117,claudia.rojas.117@correo.com.do
119,Héctor Cabrera Vargas,Cedula,001-1000118-3,849-618-1118,hector.cabrera.118@email.do
120,Ricardo Ortiz Cruz,Cedula,001-1000119-4,809-619-1119,ricardo.ortiz.119@email.do
121,Juan Cabrera Alvarez,Cedula,001-1000120-5,829-620-1120,juan.cabrera.120@correo.com.do
122,Patricia Sánchez Medina,Cedula,001-1000121-6,809-621-1121,patricia.sanchez.121@cliente.test
123,Natalia Torres Peña,Cedula,001-1000122-7,829-622-1122,natalia.torres.122@correo.com.do
124,Francisco Medina Reyes,Cedula,001-1000123-8,829-623-1123,francisco.medina.123@vimenca-demo.local
125,Claudia Guerrero Romero,Cedula,001-1000124-9,849-624-1124,claudia.guerrero.124@cliente.test
126,Iván Cabrera Sánchez,Cedula,001-1000125-1,829-625-1125,ivan.cabrera.125@cliente.test
127,Valeria Alvarez Torres,Cedula,001-1000126-2,849-626-1126,valeria.alvarez.126@vimenca-demo.local
128,Isabella Vargas Torres,Cedula,001-1000127-3,829-627-1127,isabella.vargas.127@vimenca-demo.local
129,Miguel Mendoza Rivera,Cedula,001-1000128-4,829-628-1128,miguel.mendoza.128@email.do
130,David Gómez Cabrera,Cedula,001-1000129-5,809-629-1129,david.gomez.129@correo.com.do
131,Manuel Torres Cruz,Cedula,001-1000130-6,849-630-1130,manuel.torres.130@email.do
132,Laura Martínez Morales,Cedula,001-1000131-7,829-631-1131,laura.martinez.131@cliente.test
133,Andrea Reyes Morales,Cedula,001-1000132-8,809-632-1132,andrea.reyes.132@correo.com.do
134,Héctor Cruz Cabrera,Cedula,001-1000133-9,849-633-1133,hector.cruz.133@correo.com.do
135,Ricardo Ortiz García,Cedula,001-1000134-1,829-634-1134,ricardo.ortiz.134@vimenca-demo.local
136,Ricardo Rojas Cabrera,Cedula,001-1000135-2,849-635-1135,ricardo.rojas.135@cliente.test
137,Andrea Medina Jiménez,Cedula,001-1000136-3,829-636-1136,andrea.medina.136@email.do
138,Patricia Flores Morales,Cedula,001-1000137-4,809-637-1137,patricia.flores.137@cliente.test
139,Ricardo Gómez Castillo,Cedula,001-1000138-5,849-638-1138,ricardo.gomez.138@cliente.test
140,María Guerrero Reyes,Cedula,001-1000139-6,849-639-1139,maria.guerrero.139@email.do
141,Andrea García Peña,Cedula,001-1000140-7,849-640-1140,andrea.garcia.140@cliente.test
142,Paola Castillo García,Cedula,001-1000141-8,849-641-1141,paola.castillo.141@correo.com.do
143,Óscar González Rojas,Cedula,001-1000142-9,809-642-1142,oscar.gonzalez.142@cliente.test
144,Luis Flores Cruz,Cedula,001-1000143-1,809-643-1143,luis.flores.143@vimenca-demo.local
145,Pablo Gómez Gómez,Cedula,001-1000144-2,829-644-1144,pablo.gomez.144@cliente.test
146,Héctor Flores Guerrero,Cedula,001-1000145-3,829-645-1145,hector.flores.145@correo.com.do
147,José Romero Ruiz,Cedula,001-1000146-4,829-646-1146,jose.romero.146@correo.com.do
148,Patricia Vargas Martínez,Cedula,001-1000147-5,809-647-1147,patricia.vargas.147@correo.com.do
149,Sofía Ramírez Guerrero,Cedula,001-1000148-6,849-648-1148,sofia.ramirez.148@correo.com.do
150,Manuel Torres González,Cedula,001-1000149-7,849-649-1149,manuel.torres.149@cliente.test
151,Andrés Hernández Ramírez,Cedula,001-1000150-8,849-650-1150,andres.hernandez.150@cliente.test
152,Valeria Alvarez Díaz,Cedula,001-1000151-9,849-651-1151,valeria.alvarez.151@email.do
153,Yolanda Romero Mendoza,Cedula,001-1000152-1,809-652-1152,yolanda.romero.152@correo.com.do
154,Rosa Pérez Hernández,Cedula,001-1000153-2,829-653-1153,rosa.perez.153@correo.com.do
155,Paola Castillo Peña,Cedula,001-1000154-3,829-654-1154,paola.castillo.154@cliente.test
156,Carmen Martínez Hernández,Cedula,001-1000155-4,809-655-1155,carmen.martinez.155@email.do
157,Rosa Rojas Castillo,Cedula,001-1000156-5,849-656-1156,rosa.rojas.156@correo.com.do
158,Carlos Díaz Ruiz,Cedula,001-1000157-6,849-657-1157,carlos.diaz.157@cliente.test
159,Alejandro Martínez Gutiérrez,Cedula,001-1000158-7,809-658-1158,alejandro.martinez.158@vimenca-demo.local
160,Héctor Guerrero Ortiz,Cedula,001-1000159-8,829-659-1159,hector.guerrero.159@correo.com.do
161,Alejandro Vargas Cabrera,Cedula,001-1000160-9,849-660-1160,alejandro.vargas.160@cliente.test
162,Manuel Morales Sánchez,Cedula,001-1000161-1,849-661-1161,manuel.morales.161@vimenca-demo.local
163,Andrea Alvarez Ortiz,Cedula,001-1000162-2,829-662-1162,andrea.alvarez.162@cliente.test
164,Karina Flores Gómez,Cedula,001-1000163-3,809-663-1163,karina.flores.163@email.do
165,Elena Cabrera Reyes,Cedula,001-1000164-4,829-664-1164,elena.cabrera.164@email.do
166,Paola Jiménez Castillo,Cedula,001-1000165-5,829-665-1165,paola.jimenez.165@cliente.test
167,José Ortiz Rojas,Cedula,001-1000166-6,809-666-1166,jose.ortiz.166@vimenca-demo.local
168,Isabella Ramírez Díaz,Cedula,001-1000167-7,829-667-1167,isabella.ramirez.167@vimenca-demo.local
169,Elena Cabrera Jiménez,Cedula,001-1000168-8,849-668-1168,elena.cabrera.168@vimenca-demo.local
170,Juan Gutiérrez Ramírez,Cedula,001-1000169-9,809-669-1169,juan.gutierrez.169@correo.com.do
171,Héctor Ortiz Ruiz,Cedula,001-1000170-1,849-670-1170,hector.ortiz.170@email.do
172,Gabriela Vargas Mendoza,Cedula,001-1000171-2,829-671-1171,gabriela.vargas.171@cliente.test
173,José Martínez Rivera,Cedula,001-1000172-3,829-672-1172,jose.martinez.172@email.do
174,Sofía Rivera Castillo,Cedula,001-1000173-4,829-673-1173,sofia.rivera.173@vimenca-demo.local
175,Natalia Gutiérrez Díaz,Cedula,001-1000174-5,849-674-1174,natalia.gutierrez.174@cliente.test
176,Natalia Gómez Díaz,Cedula,001-1000175-6,829-675-1175,natalia.gomez.175@cliente.test
177,Rosa Flores Torres,Cedula,001-1000176-7,849-676-1176,rosa.flores.176@correo.com.do
178,Carmen Gómez Pérez,Cedula,001-1000177-8,809-677-1177,carmen.gomez.177@email.do
179,Laura Romero Ortiz,Cedula,001-1000178-9,849-678-1178,laura.romero.178@vimenca-demo.local
180,Karina Alvarez Gutiérrez,Cedula,001-1000179-1,809-679-1179,karina.alvarez.179@vimenca-demo.local
181,Carmen Rivera Torres,Cedula,001-1000180-2,809-680-1180,carmen.rivera.180@vimenca-demo.local
182,Rosa García Mendoza,Cedula,001-1000181-3,829-681-1181,rosa.garcia.181@email.do
183,Carlos Rodríguez Ruiz,Cedula,001-1000182-4,849-682-1182,carlos.rodriguez.182@vimenca-demo.local
184,Francisco Vargas Rojas,Cedula,001-1000183-5,809-683-1183,francisco.vargas.183@cliente.test
185,Juan Hernández Rivera,Cedula,001-1000184-6,829-684-1184,juan.hernandez.184@cliente.test
186,Iván Gómez Sánchez,Cedula,001-1000185-7,829-685-1185,ivan.gomez.185@correo.com.do
187,Gabriela Pérez Guerrero,Cedula,001-1000186-8,829-686-1186,gabriela.perez.186@correo.com.do
188,Isabella Martínez Hernández,Cedula,001-1000187-9,809-687-1187,isabella.martinez.187@correo.com.do
189,Manuel Medina Hernández,Cedula,001-1000188-1,809-688-1188,manuel.medina.188@vimenca-demo.local
190,Sofía Pérez Ruiz,Cedula,001-1000189-2,849-689-1189,sofia.perez.189@cliente.test
191,Yolanda Medina Jiménez,Cedula,001-1000190-3,849-690-1190,yolanda.medina.190@email.do
192,Ricardo Reyes Peña,Cedula,001-1000191-4,829-691-1191,ricardo.reyes.191@cliente.test
193,Karina Morales Rivera,Cedula,001-1000192-5,849-692-1192,karina.morales.192@correo.com.do
194,Rafael Alvarez Ramírez,Cedula,001-1000193-6,829-693-1193,rafael.alvarez.193@email.do
195,Pedro Sánchez Torres,Cedula,001-1000194-7,849-694-1194,pedro.sanchez.194@email.do
196,Miguel Sánchez García,Cedula,001-1000195-8,829-695-1195,miguel.sanchez.195@cliente.test
197,Yolanda Ortiz Rivera,Cedula,001-1000196-9,809-696-1196,yolanda.ortiz.196@correo.com.do
198,Diana Mendoza Rivera,Cedula,001-1000197-1,809-697-1197,diana.mendoza.197@cliente.test
199,Patricia Peña Flores,Cedula,001-1000198-2,829-698-1198,patricia.peña.198@email.do
200,Andrés Ruiz Torres,Cedula,001-1000199-3,829-699-1199,andres.ruiz.199@email.do
201,Manuel Martínez Rodríguez,Cedula,001-1000200-4,829-700-1200,manuel.martinez.200@email.do
202,Yolanda Romero Guerrero,Cedula,001-1000201-5,829-701-1201,yolanda.romero.201@vimenca-demo.local
203,Andrés Reyes Mendoza,Cedula,001-1000202-6,849-702-1202,andres.reyes.202@vimenca-demo.local
204,Fernando Flores Gutiérrez,Cedula,001-1000203-7,829-703-1203,fernando.flores.203@cliente.test
205,Pedro Jiménez Rodríguez,Cedula,001-1000204-8,849-704-1204,pedro.jimenez.204@cliente.test
206,Daniel Jiménez Flores,Cedula,001-1000205-9,809-705-1205,daniel.jimenez.205@correo.com.do
207,Patricia Castillo Guerrero,Cedula,001-1000206-1,849-706-1206,patricia.castillo.206@correo.com.do
208,Elena Hernández Rodríguez,Cedula,001-1000207-2,829-707-1207,elena.hernandez.207@email.do
209,Lucía Vargas Reyes,Cedula,001-1000208-3,809-708-1208,lucia.vargas.208@vimenca-demo.local
210,Karina Morales Vargas,Cedula,001-1000209-4,809-709-1209,karina.morales.209@cliente.test
211,Gabriela Díaz Morales,Cedula,001-1000210-5,829-710-1210,gabriela.diaz.210@vimenca-demo.local
212,Rafael Rojas Sánchez,Cedula,001-1000211-6,829-711-1211,rafael.rojas.211@vimenca-demo.local
213,Isabella Rivera Castillo,Cedula,001-1000212-7,849-712-1212,isabella.rivera.212@cliente.test
214,Carlos Reyes Martínez,Cedula,001-1000213-8,829-713-1213,carlos.reyes.213@vimenca-demo.local
215,Daniel Pérez Alvarez,Cedula,001-1000214-9,849-714-1214,daniel.perez.214@cliente.test
216,Juan Castillo Rojas,Cedula,001-1000215-1,829-715-1215,juan.castillo.215@cliente.test
217,Luis Ramírez Gutiérrez,Cedula,001-1000216-2,849-716-1216,luis.ramirez.216@vimenca-demo.local
218,Isabella Vargas Reyes,Cedula,001-1000217-3,809-717-1217,isabella.vargas.217@correo.com.do
219,Elena Ruiz González,Cedula,001-1000218-4,829-718-1218,elena.ruiz.218@vimenca-demo.local
220,Isabella Pérez García,Cedula,001-1000219-5,849-719-1219,isabella.perez.219@email.do
221,María Rivera Ruiz,Cedula,001-1000220-6,849-720-1220,maria.rivera.220@correo.com.do
222,Héctor Martínez Torres,Cedula,001-1000221-7,829-721-1221,hector.martinez.221@correo.com.do
223,Andrés Vargas Guerrero,Cedula,001-1000222-8,829-722-1222,andres.vargas.222@email.do
224,Diana Gutiérrez Mendoza,Cedula,001-1000223-9,829-723-1223,diana.gutierrez.223@vimenca-demo.local
225,Gabriela Ortiz Torres,Cedula,001-1000224-1,849-724-1224,gabriela.ortiz.224@cliente.test
226,Manuel Cruz Ramírez,Cedula,001-1000225-2,809-725-1225,manuel.cruz.225@email.do
227,Elena Alvarez Medina,Cedula,001-1000226-3,829-726-1226,elena.alvarez.226@cliente.test
228,Camila Flores Guerrero,Cedula,001-1000227-4,829-727-1227,camila.flores.227@correo.com.do
229,Rosa Guerrero Hernández,Cedula,001-1000228-5,809-728-1228,rosa.guerrero.228@cliente.test
230,Iván Ruiz Ortiz,Cedula,001-1000229-6,829-729-1229,ivan.ruiz.229@vimenca-demo.local
231,Natalia Alvarez Ruiz,Cedula,001-1000230-7,829-730-1230,natalia.alvarez.230@cliente.test
232,Daniel Rojas Ramírez,Cedula,001-1000231-8,849-731-1231,daniel.rojas.231@email.do
233,Ricardo Torres Rojas,Cedula,001-1000232-9,809-732-1232,ricardo.torres.232@cliente.test
234,Daniel Romero Ortiz,Cedula,001-1000233-1,829-733-1233,daniel.romero.233@cliente.test
235,Manuel Ortiz Rodríguez,Cedula,001-1000234-2,849-734-1234,manuel.ortiz.234@email.do
236,Karina Gómez Rojas,Cedula,001-1000235-3,829-735-1235,karina.gomez.235@correo.com.do
237,Rafael Gutiérrez Peña,Cedula,001-1000236-4,809-736-1236,rafael.gutierrez.236@cliente.test
238,Manuel Morales Rojas,Cedula,001-1000237-5,809-737-1237,manuel.morales.237@email.do
239,Gabriela Medina Flores,Cedula,001-1000238-6,849-738-1238,gabriela.medina.238@vimenca-demo.local
240,Fernando Vargas Martínez,Cedula,001-1000239-7,849-739-1239,fernando.vargas.239@vimenca-demo.local
241,Andrea Cruz Gómez,Cedula,001-1000240-8,849-740-1240,andrea.cruz.240@cliente.test
242,Carlos Jiménez Martínez,Cedula,001-1000241-9,849-741-1241,carlos.jimenez.241@email.do
243,Diana Torres Romero,Cedula,001-1000242-1,829-742-1242,diana.torres.242@correo.com.do
244,Rafael Alvarez Vargas,Cedula,001-1000243-2,829-743-1243,rafael.alvarez.243@correo.com.do
245,María Mendoza Rivera,Cedula,001-1000244-3,809-744-1244,maria.mendoza.244@correo.com.do
246,Daniel Medina Rodríguez,Cedula,001-1000245-4,829-745-1245,daniel.medina.245@vimenca-demo.local
247,Alejandro Morales González,Cedula,001-1000246-5,849-746-1246,alejandro.morales.246@email.do
248,Héctor Hernández Castillo,Cedula,001-1000247-6,809-747-1247,hector.hernandez.247@email.do
249,Ana Martínez Jiménez,Cedula,001-1000248-7,849-748-1248,ana.martinez.248@cliente.test
250,Sofía Ortiz Peña,Cedula,001-1000249-8,809-749-1249,sofia.ortiz.249@email.do
251,Pablo Vargas Flores,Cedula,001-1000250-9,829-750-1250,pablo.vargas.250@cliente.test
252,Juan Cabrera Medina,Cedula,001-1000251-1,829-751-1251,juan.cabrera.251@cliente.test
253,Andrea Sánchez Martínez,Cedula,001-1000252-2,829-752-1252,andrea.sanchez.252@cliente.test
254,Karina Rivera Vargas,Cedula,001-1000253-3,849-753-1253,karina.rivera.253@cliente.test
255,Valeria Reyes Rojas,Cedula,001-1000254-4,809-754-1254,valeria.reyes.254@vimenca-demo.local
256,Ricardo Rojas Ortiz,Cedula,001-1000255-5,809-755-1255,ricardo.rojas.255@correo.com.do
257,Ricardo Hernández Díaz,Cedula,001-1000256-6,849-756-1256,ricardo.hernandez.256@vimenca-demo.local
258,Diana García Guerrero,Cedula,001-1000257-7,829-757-1257,diana.garcia.257@cliente.test
259,Juan Hernández Rojas,Cedula,001-1000258-8,849-758-1258,juan.hernandez.258@correo.com.do
260,Isabella Guerrero Cabrera,Cedula,001-1000259-9,809-759-1259,isabella.guerrero.259@vimenca-demo.local
261,Yolanda Medina Díaz,Cedula,001-1000260-1,849-760-1260,yolanda.medina.260@email.do
262,Carmen Jiménez Flores,Cedula,001-1000261-2,849-761-1261,carmen.jimenez.261@email.do
263,Rafael Cabrera Vargas,Cedula,001-1000262-3,829-762-1262,rafael.cabrera.262@correo.com.do
264,Iván Rodríguez Hernández,Cedula,001-1000263-4,849-763-1263,ivan.rodriguez.263@vimenca-demo.local
265,Francisco Martínez Peña,Cedula,001-1000264-5,829-764-1264,francisco.martinez.264@vimenca-demo.local
266,Héctor Sánchez Ramírez,Cedula,001-1000265-6,849-765-1265,hector.sanchez.265@email.do
267,Alejandro Gutiérrez Gutiérrez,Cedula,001-1000266-7,809-766-1266,alejandro.gutierrez.266@vimenca-demo.local
268,Valeria Peña Guerrero,Cedula,001-1000267-8,829-767-1267,valeria.peña.267@cliente.test
269,David Medina Pérez,Cedula,001-1000268-9,809-768-1268,david.medina.268@cliente.test
270,Manuel Alvarez Torres,Cedula,001-1000269-1,849-769-1269,manuel.alvarez.269@cliente.test
271,Alejandro Martínez Medina,Cedula,001-1000270-2,809-770-1270,alejandro.martinez.270@cliente.test
272,Valeria Ruiz Pérez,Cedula,001-1000271-3,829-771-1271,valeria.ruiz.271@cliente.test
273,Valeria Hernández Cruz,Cedula,001-1000272-4,809-772-1272,valeria.hernandez.272@vimenca-demo.local
274,Patricia Ortiz García,Cedula,001-1000273-5,849-773-1273,patricia.ortiz.273@vimenca-demo.local
275,Patricia Vargas Martínez,Cedula,001-1000274-6,849-774-1274,patricia.vargas.274@cliente.test
276,Rosa Vargas Morales,Cedula,001-1000275-7,809-775-1275,rosa.vargas.275@correo.com.do
277,Carlos Rodríguez Rivera,Cedula,001-1000276-8,809-776-1276,carlos.rodriguez.276@cliente.test
278,Rafael Torres Cabrera,Cedula,001-1000277-9,829-777-1277,rafael.torres.277@email.do
279,Pablo Díaz Castillo,Cedula,001-1000278-1,849-778-1278,pablo.diaz.278@cliente.test
280,Manuel Cabrera Morales,Cedula,001-1000279-2,829-779-1279,manuel.cabrera.279@correo.com.do
281,Claudia Morales Flores,Cedula,001-1000280-3,849-780-1280,claudia.morales.280@correo.com.do
282,Alejandro Ramírez Reyes,Cedula,001-1000281-4,809-781-1281,alejandro.ramirez.281@cliente.test
283,Alejandro Pérez Castillo,Cedula,001-1000282-5,849-782-1282,alejandro.perez.282@vimenca-demo.local
284,Jorge Rodríguez Cruz,Cedula,001-1000283-6,809-783-1283,jorge.rodriguez.283@vimenca-demo.local
285,Andrés Rojas Guerrero,Cedula,001-1000284-7,809-784-1284,andres.rojas.284@cliente.test
286,Laura Vargas Vargas,Cedula,001-1000285-8,809-785-1285,laura.vargas.285@correo.com.do
287,David Torres González,Cedula,001-1000286-9,809-786-1286,david.torres.286@email.do
288,Natalia Ramírez Hernández,Cedula,001-1000287-1,809-787-1287,natalia.ramirez.287@email.do
289,David Alvarez González,Cedula,001-1000288-2,829-788-1288,david.alvarez.288@correo.com.do
290,Manuel González Ruiz,Cedula,001-1000289-3,809-789-1289,manuel.gonzalez.289@vimenca-demo.local
291,Andrés Castillo Rojas,Cedula,001-1000290-4,809-790-1290,andres.castillo.290@correo.com.do
292,Juan Díaz Medina,Cedula,001-1000291-5,849-791-1291,juan.diaz.291@email.do
293,Daniel García Sánchez,Cedula,001-1000292-6,809-792-1292,daniel.garcia.292@vimenca-demo.local
294,Francisco Romero Morales,Cedula,001-1000293-7,849-793-1293,francisco.romero.293@correo.com.do
295,Miguel Ortiz Reyes,Cedula,001-1000294-8,849-794-1294,miguel.ortiz.294@vimenca-demo.local
296,Karina Pérez Reyes,Cedula,001-1000295-9,849-795-1295,karina.perez.295@email.do
297,Carlos Romero Medina,Cedula,001-1000296-1,829-796-1296,carlos.romero.296@vimenca-demo.local
298,José Rodríguez Ortiz,Cedula,001-1000297-2,829-797-1297,jose.rodriguez.297@cliente.test
299,Rafael Ortiz Mendoza,Cedula,001-1000298-3,809-798-1298,rafael.ortiz.298@cliente.test
300,Pedro Gómez Jiménez,Cedula,001-1000299-4,809-799-1299,pedro.gomez.299@email.do
301,Francisco Flores Jiménez,Cedula,001-1000300-5,829-800-1300,francisco.flores.300@vimenca-demo.local
302,Yolanda Gutiérrez Rivera,Cedula,001-1000301-6,849-801-1301,yolanda.gutierrez.301@cliente.test
303,Yolanda Morales Pérez,Cedula,001-1000302-7,849-802-1302,yolanda.morales.302@correo.com.do
304,Natalia Romero Rojas,Cedula,001-1000303-8,829-803-1303,natalia.romero.303@email.do
305,Iván Cabrera Torres,Cedula,001-1000304-9,829-804-1304,ivan.cabrera.304@cliente.test
306,Pablo Cruz Morales,Cedula,001-1000305-1,829-805-1305,pablo.cruz.305@correo.com.do
307,Óscar Gómez Castillo,Cedula,001-1000306-2,829-806-1306,oscar.gomez.306@vimenca-demo.local
308,Manuel Castillo Peña,Cedula,001-1000307-3,809-807-1307,manuel.castillo.307@cliente.test
309,Pedro Guerrero Martínez,Cedula,001-1000308-4,829-808-1308,pedro.guerrero.308@correo.com.do
310,Rafael Romero Romero,Cedula,001-1000309-5,809-809-1309,rafael.romero.309@vimenca-demo.local
311,Natalia Rodríguez Hernández,Cedula,001-1000310-6,849-810-1310,natalia.rodriguez.310@vimenca-demo.local
312,Andrés Morales Díaz,Cedula,001-1000311-7,849-811-1311,andres.morales.311@cliente.test
313,Luis Rivera Jiménez,Cedula,001-1000312-8,829-812-1312,luis.rivera.312@vimenca-demo.local
314,Rafael Hernández Gutiérrez,Cedula,001-1000313-9,809-813-1313,rafael.hernandez.313@email.do
315,Gabriela Torres Rojas,Cedula,001-1000314-1,829-814-1314,gabriela.torres.314@correo.com.do
316,Natalia Díaz Pérez,Cedula,001-1000315-2,849-815-1315,natalia.diaz.315@vimenca-demo.local
317,Patricia Medina Morales,Cedula,001-1000316-3,849-816-1316,patricia.medina.316@correo.com.do
318,Elena García Sánchez,Cedula,001-1000317-4,849-817-1317,elena.garcia.317@vimenca-demo.local
319,Rosa Peña Gómez,Cedula,001-1000318-5,809-818-1318,rosa.peña.318@vimenca-demo.local
320,Ana Rojas González,Cedula,001-1000319-6,809-819-1319,ana.rojas.319@cliente.test
321,Manuel Romero Vargas,Cedula,001-1000320-7,809-820-1320,manuel.romero.320@correo.com.do
322,Lucía Ramírez Cruz,Cedula,001-1000321-8,829-821-1321,lucia.ramirez.321@cliente.test
323,David Sánchez Díaz,Cedula,001-1000322-9,849-822-1322,david.sanchez.322@vimenca-demo.local
324,Daniel Alvarez Hernández,Cedula,001-1000323-1,809-823-1323,daniel.alvarez.323@correo.com.do
325,Manuel Sánchez Alvarez,Cedula,001-1000324-2,849-824-1324,manuel.sanchez.324@correo.com.do
326,Pedro Flores Reyes,Cedula,001-1000325-3,829-825-1325,pedro.flores.325@cliente.test
327,Yolanda Reyes Morales,Cedula,001-1000326-4,809-826-1326,yolanda.reyes.326@vimenca-demo.local
328,Camila Pérez Díaz,Cedula,001-1000327-5,809-827-1327,camila.perez.327@cliente.test
329,Diana Castillo Castillo,Cedula,001-1000328-6,849-828-1328,diana.castillo.328@cliente.test
330,Rosa Rodríguez Torres,Cedula,001-1000329-7,849-829-1329,rosa.rodriguez.329@cliente.test
331,Luis García Ramírez,Cedula,001-1000330-8,809-830-1330,luis.garcia.330@vimenca-demo.local
332,Francisco Alvarez Flores,Cedula,001-1000331-9,829-831-1331,francisco.alvarez.331@vimenca-demo.local
333,Andrés García Ortiz,Cedula,001-1000332-1,809-832-1332,andres.garcia.332@cliente.test
334,Francisco Cruz Ruiz,Cedula,001-1000333-2,849-833-1333,francisco.cruz.333@email.do
335,Natalia Guerrero Castillo,Cedula,001-1000334-3,809-834-1334,natalia.guerrero.334@vimenca-demo.local
336,Fernando Rojas Romero,Cedula,001-1000335-4,829-835-1335,fernando.rojas.335@correo.com.do
337,José Reyes Peña,Cedula,001-1000336-5,829-836-1336,jose.reyes.336@correo.com.do
338,Paola Morales Hernández,Cedula,001-1000337-6,849-837-1337,paola.morales.337@cliente.test
339,Héctor Rivera Pérez,Cedula,001-1000338-7,809-838-1338,hector.rivera.338@cliente.test
340,Daniel Sánchez Medina,Cedula,001-1000339-8,849-839-1339,daniel.sanchez.339@cliente.test
341,Alejandro Martínez Morales,Cedula,001-1000340-9,809-840-1340,alejandro.martinez.340@correo.com.do
342,Óscar Hernández Cruz,Cedula,001-1000341-1,829-841-1341,oscar.hernandez.341@correo.com.do
343,Rosa Romero Gómez,Cedula,001-1000342-2,829-842-1342,rosa.romero.342@email.do
344,María Martínez Gutiérrez,Cedula,001-1000343-3,849-843-1343,maria.martinez.343@correo.com.do
345,Camila Ramírez Cabrera,Cedula,001-1000344-4,829-844-1344,camila.ramirez.344@vimenca-demo.local
346,Manuel Torres Pérez,Cedula,001-1000345-5,829-845-1345,manuel.torres.345@email.do
347,Carmen Sánchez Jiménez,Cedula,001-1000346-6,849-846-1346,carmen.sanchez.346@email.do
348,Miguel Sánchez Alvarez,Cedula,001-1000347-7,829-847-1347,miguel.sanchez.347@cliente.test
349,Paola Alvarez Hernández,Cedula,001-1000348-8,849-848-1348,paola.alvarez.348@cliente.test
350,Paola Vargas Vargas,Cedula,001-1000349-9,849-849-1349,paola.vargas.349@vimenca-demo.local
351,Daniel González Reyes,Cedula,001-1000350-1,829-850-1350,daniel.gonzalez.350@correo.com.do
352,Iván Vargas Rivera,Cedula,001-1000351-2,849-851-1351,ivan.vargas.351@vimenca-demo.local
353,Luis Díaz Gutiérrez,Cedula,001-1000352-3,829-852-1352,luis.diaz.352@correo.com.do
354,Pablo Reyes Rodríguez,Cedula,001-1000353-4,829-853-1353,pablo.reyes.353@correo.com.do
355,Diana Martínez Vargas,Cedula,001-1000354-5,849-854-1354,diana.martinez.354@correo.com.do
356,Yolanda Gutiérrez Cruz,Cedula,001-1000355-6,849-855-1355,yolanda.gutierrez.355@cliente.test
357,Natalia Medina Romero,Cedula,001-1000356-7,829-856-1356,natalia.medina.356@correo.com.do
358,Paola Vargas Ramírez,Cedula,001-1000357-8,849-857-1357,paola.vargas.357@vimenca-demo.local
359,Gabriela Gutiérrez González,Cedula,001-1000358-9,829-858-1358,gabriela.gutierrez.358@correo.com.do
360,Rafael Medina Cabrera,Cedula,001-1000359-1,849-859-1359,rafael.medina.359@vimenca-demo.local
361,Pedro Gutiérrez Vargas,Cedula,001-1000360-2,809-860-1360,pedro.gutierrez.360@email.do
362,Sofía Mendoza Reyes,Cedula,001-1000361-3,849-861-1361,sofia.mendoza.361@cliente.test
363,Lucía Jiménez Sánchez,Cedula,001-1000362-4,829-862-1362,lucia.jimenez.362@vimenca-demo.local
364,Diana Cruz Morales,Cedula,001-1000363-5,849-863-1363,diana.cruz.363@vimenca-demo.local
365,Yolanda Rodríguez Medina,Cedula,001-1000364-6,809-864-1364,yolanda.rodriguez.364@vimenca-demo.local
366,David Pérez Ruiz,Cedula,001-1000365-7,829-865-1365,david.perez.365@cliente.test
367,Valeria Romero Rojas,Cedula,001-1000366-8,829-866-1366,valeria.romero.366@email.do
368,Pedro Hernández Castillo,Cedula,001-1000367-9,829-867-1367,pedro.hernandez.367@email.do
369,Rosa Vargas Mendoza,Cedula,001-1000368-1,809-868-1368,rosa.vargas.368@cliente.test
370,Yolanda Mendoza Martínez,Cedula,001-1000369-2,849-869-1369,yolanda.mendoza.369@vimenca-demo.local
371,Ricardo Vargas Medina,Cedula,001-1000370-3,809-870-1370,ricardo.vargas.370@vimenca-demo.local
372,Lucía Martínez Vargas,Cedula,001-1000371-4,849-871-1371,lucia.martinez.371@cliente.test
373,Alejandro García Díaz,Cedula,001-1000372-5,809-872-1372,alejandro.garcia.372@vimenca-demo.local
374,Laura Gómez Alvarez,Cedula,001-1000373-6,809-873-1373,laura.gomez.373@cliente.test
375,Patricia González González,Cedula,001-1000374-7,829-874-1374,patricia.gonzalez.374@correo.com.do
376,Rafael Gutiérrez Alvarez,Cedula,001-1000375-8,849-875-1375,rafael.gutierrez.375@correo.com.do
377,David Cabrera Alvarez,Cedula,001-1000376-9,849-876-1376,david.cabrera.376@email.do
378,Ricardo González Sánchez,Cedula,001-1000377-1,849-877-1377,ricardo.gonzalez.377@email.do
379,Claudia Medina Cabrera,Cedula,001-1000378-2,849-878-1378,claudia.medina.378@email.do
380,Iván Rodríguez Morales,Cedula,001-1000379-3,849-879-1379,ivan.rodriguez.379@vimenca-demo.local
381,Sofía Reyes Jiménez,Cedula,001-1000380-4,849-880-1380,sofia.reyes.380@vimenca-demo.local
382,Iván Torres Ruiz,Cedula,001-1000381-5,829-881-1381,ivan.torres.381@email.do
383,Gabriela Cabrera Guerrero,Cedula,001-1000382-6,829-882-1382,gabriela.cabrera.382@email.do
384,Paola Reyes Reyes,Cedula,001-1000383-7,829-883-1383,paola.reyes.383@vimenca-demo.local
385,Camila Gutiérrez Morales,Cedula,001-1000384-8,809-884-1384,camila.gutierrez.384@email.do
386,Yolanda González Rojas,Cedula,001-1000385-9,809-885-1385,yolanda.gonzalez.385@vimenca-demo.local
387,Gabriela Rojas Díaz,Cedula,001-1000386-1,849-886-1386,gabriela.rojas.386@correo.com.do
388,Lucía Rojas Pérez,Cedula,001-1000387-2,809-887-1387,lucia.rojas.387@vimenca-demo.local
389,María Flores Reyes,Cedula,001-1000388-3,829-888-1388,maria.flores.388@email.do
390,Pedro Peña Torres,Cedula,001-1000389-4,829-889-1389,pedro.peña.389@cliente.test
391,José Morales Rodríguez,Cedula,001-1000390-5,849-890-1390,jose.morales.390@cliente.test
392,Torres & Cruz SRL,RNC,1300000391,829-891-1391,alejandro.torres.391@correo.com.do
393,Patricia García Gómez,Cedula,001-1000392-7,849-892-1392,patricia.garcia.392@correo.com.do
394,David Medina González,Cedula,001-1000393-8,809-893-1393,david.medina.393@email.do
395,Diana Peña Guerrero,Cedula,001-1000394-9,849-894-1394,diana.peña.394@cliente.test
396,Francisco Alvarez Mendoza,Cedula,001-1000395-1,829-895-1395,francisco.alvarez.395@cliente.test
397,Claudia García Cabrera,Cedula,001-1000396-2,809-896-1396,claudia.garcia.396@correo.com.do
398,Valeria Ramírez Guerrero,Cedula,001-1000397-3,849-897-1397,valeria.ramirez.397@email.do
399,Yolanda Gutiérrez Morales,Cedula,001-1000398-4,829-898-1398,yolanda.gutierrez.398@correo.com.do
400,Sofía Rivera Pérez,Cedula,001-1000399-5,809-899-1399,sofia.rivera.399@correo.com.do
401,Héctor Vargas Medina,Cedula,001-1000400-6,809-500-1400,hector.vargas.400@cliente.test
402,Andrés Guerrero Cabrera,Cedula,001-1000401-7,849-501-1401,andres.guerrero.401@cliente.test
403,Andrea García Vargas,Cedula,001-1000402-8,849-502-1402,andrea.garcia.402@email.do
404,Manuel Rivera Morales,Cedula,001-1000403-9,849-503-1403,manuel.rivera.403@correo.com.do
405,Jorge Torres Hernández,Cedula,001-1000404-1,809-504-1404,jorge.torres.404@cliente.test
406,Pedro Gutiérrez Díaz,Cedula,001-1000405-2,849-505-1405,pedro.gutierrez.405@correo.com.do
407,Andrea Gutiérrez Medina,Cedula,001-1000406-3,829-506-1406,andrea.gutierrez.406@correo.com.do
408,Gabriela Rodríguez Vargas,Cedula,001-1000407-4,829-507-1407,gabriela.rodriguez.407@cliente.test
409,Valeria Romero García,Cedula,001-1000408-5,809-508-1408,valeria.romero.408@vimenca-demo.local
410,Jorge Torres Romero,Cedula,001-1000409-6,849-509-1409,jorge.torres.409@correo.com.do
411,David González Rodríguez,Cedula,001-1000410-7,849-510-1410,david.gonzalez.410@vimenca-demo.local
412,David Guerrero Vargas,Cedula,001-1000411-8,849-511-1411,david.guerrero.411@email.do
413,Pablo Mendoza Ortiz,Cedula,001-1000412-9,809-512-1412,pablo.mendoza.412@email.do
414,Miguel Mendoza Alvarez,Cedula,001-1000413-1,809-513-1413,miguel.mendoza.413@cliente.test
415,Diana Ramírez Rodríguez,Cedula,001-1000414-2,809-514-1414,diana.ramirez.414@email.do
416,Daniel Peña Rivera,Cedula,001-1000415-3,849-515-1415,daniel.peña.415@cliente.test
417,Gabriela Flores Rodríguez,Cedula,001-1000416-4,829-516-1416,gabriela.flores.416@email.do
418,Jorge Rojas Alvarez,Cedula,001-1000417-5,849-517-1417,jorge.rojas.417@correo.com.do
419,David Flores Pérez,Cedula,001-1000418-6,829-518-1418,david.flores.418@vimenca-demo.local
420,Fernando Romero Reyes,Cedula,001-1000419-7,829-519-1419,fernando.romero.419@cliente.test
421,Ana Ortiz Mendoza,Cedula,001-1000420-8,829-520-1420,ana.ortiz.420@cliente.test
422,Lucía Flores Medina,Cedula,001-1000421-9,849-521-1421,lucia.flores.421@correo.com.do
423,Óscar Martínez Morales,Cedula,001-1000422-1,849-522-1422,oscar.martinez.422@email.do
424,Diana Gómez Pérez,Cedula,001-1000423-2,829-523-1423,diana.gomez.423@correo.com.do
425,Diana Rivera Reyes,Cedula,001-1000424-3,809-524-1424,diana.rivera.424@cliente.test
426,Iván Díaz Reyes,Cedula,001-1000425-4,849-525-1425,ivan.diaz.425@correo.com.do
427,Jorge Jiménez Morales,Cedula,001-1000426-5,849-526-1426,jorge.jimenez.426@vimenca-demo.local
428,Luis Martínez Castillo,Cedula,001-1000427-6,829-527-1427,luis.martinez.427@cliente.test
429,Camila Medina Romero,Cedula,001-1000428-7,809-528-1428,camila.medina.428@email.do
430,Manuel Rojas Jiménez,Cedula,001-1000429-8,809-529-1429,manuel.rojas.429@cliente.test
431,Francisco Martínez Torres,Cedula,001-1000430-9,829-530-1430,francisco.martinez.430@vimenca-demo.local
432,Ricardo Hernández Rodríguez,Cedula,001-1000431-1,849-531-1431,ricardo.hernandez.431@email.do
433,Iván Díaz Díaz,Cedula,001-1000432-2,809-532-1432,ivan.diaz.432@cliente.test
434,Paola González Gutiérrez,Cedula,001-1000433-3,829-533-1433,paola.gonzalez.433@vimenca-demo.local
435,Daniel Vargas Flores,Cedula,001-1000434-4,809-534-1434,daniel.vargas.434@email.do
436,José Romero Sánchez,Cedula,001-1000435-5,849-535-1435,jose.romero.435@cliente.test
437,Ricardo Peña Ruiz,Cedula,001-1000436-6,829-536-1436,ricardo.peña.436@correo.com.do
438,Valeria Mendoza Reyes,Cedula,001-1000437-7,849-537-1437,valeria.mendoza.437@email.do
439,Diana Mendoza Peña,Cedula,001-1000438-8,809-538-1438,diana.mendoza.438@cliente.test
440,Andrés González Rojas,Cedula,001-1000439-9,829-539-1439,andres.gonzalez.439@correo.com.do
441,Ana Cabrera Mendoza,Cedula,001-1000440-1,809-540-1440,ana.cabrera.440@cliente.test
442,Daniel Castillo Díaz,Cedula,001-1000441-2,849-541-1441,daniel.castillo.441@correo.com.do
443,Andrea Rivera Cabrera,Cedula,001-1000442-3,809-542-1442,andrea.rivera.442@vimenca-demo.local
444,Ana Medina Díaz,Cedula,001-1000443-4,809-543-1443,ana.medina.443@email.do
445,Carmen Medina González,Cedula,001-1000444-5,829-544-1444,carmen.medina.444@email.do
446,José Díaz Ruiz,Cedula,001-1000445-6,829-545-1445,jose.diaz.445@vimenca-demo.local
447,Natalia González Jiménez,Cedula,001-1000446-7,809-546-1446,natalia.gonzalez.446@correo.com.do
448,Rosa Cruz Mendoza,Cedula,001-1000447-8,849-547-1447,rosa.cruz.447@cliente.test
449,Héctor Alvarez Morales,Cedula,001-1000448-9,809-548-1448,hector.alvarez.448@correo.com.do
450,Daniel Vargas Martínez,Cedula,001-1000449-1,829-549-1449,daniel.vargas.449@cliente.test
451,Lucía Díaz González,Cedula,001-1000450-2,809-550-1450,lucia.diaz.450@email.do
452,Óscar Gutiérrez Peña,Cedula,001-1000451-3,809-551-1451,oscar.gutierrez.451@correo.com.do
453,Lucía González Rivera,Cedula,001-1000452-4,809-552-1452,lucia.gonzalez.452@email.do
454,Daniel Peña Mendoza,Cedula,001-1000453-5,829-553-1453,daniel.peña.453@email.do
455,Lucía Cabrera Rivera,Cedula,001-1000454-6,829-554-1454,lucia.cabrera.454@correo.com.do
456,Carmen Vargas Ruiz,Cedula,001-1000455-7,809-555-1455,carmen.vargas.455@vimenca-demo.local
457,Rosa Jiménez Ruiz,Cedula,001-1000456-8,849-556-1456,rosa.jimenez.456@correo.com.do
458,María Hernández Hernández,Cedula,001-1000457-9,809-557-1457,maria.hernandez.457@email.do
459,Claudia Romero Cabrera,Cedula,001-1000458-1,849-558-1458,claudia.romero.458@vimenca-demo.local
460,Carlos Guerrero Rojas,Cedula,001-1000459-2,809-559-1459,carlos.guerrero.459@correo.com.do
461,Carlos Vargas Alvarez,Cedula,001-1000460-3,849-560-1460,carlos.vargas.460@vimenca-demo.local
462,Laura Alvarez Hernández,Cedula,001-1000461-4,849-561-1461,laura.alvarez.461@cliente.test
463,José Ortiz Cabrera,Cedula,001-1000462-5,849-562-1462,jose.ortiz.462@vimenca-demo.local
464,Rosa Ortiz Torres,Cedula,001-1000463-6,829-563-1463,rosa.ortiz.463@cliente.test
465,Pablo Martínez Mendoza,Cedula,001-1000464-7,809-564-1464,pablo.martinez.464@correo.com.do
466,Iván Morales Ortiz,Cedula,001-1000465-8,809-565-1465,ivan.morales.465@cliente.test
467,David Jiménez González,Cedula,001-1000466-9,849-566-1466,david.jimenez.466@vimenca-demo.local
468,Daniel Romero Rojas,Cedula,001-1000467-1,829-567-1467,daniel.romero.467@vimenca-demo.local
469,Francisco Alvarez Díaz,Cedula,001-1000468-2,829-568-1468,francisco.alvarez.468@correo.com.do
470,Sofía Reyes Pérez,Cedula,001-1000469-3,829-569-1469,sofia.reyes.469@vimenca-demo.local
471,Sofía González Pérez,Cedula,001-1000470-4,829-570-1470,sofia.gonzalez.470@correo.com.do
472,Ricardo Rojas Jiménez,Cedula,001-1000471-5,809-571-1471,ricardo.rojas.471@cliente.test
473,María Guerrero Gómez,Cedula,001-1000472-6,809-572-1472,maria.guerrero.472@vimenca-demo.local
474,María Ortiz Gutiérrez,Cedula,001-1000473-7,829-573-1473,maria.ortiz.473@cliente.test
475,Rosa Ortiz García,Cedula,001-1000474-8,829-574-1474,rosa.ortiz.474@correo.com.do
476,Camila Reyes Torres,Cedula,001-1000475-9,849-575-1475,camila.reyes.475@email.do
477,Jorge Rodríguez Rodríguez,Cedula,001-1000476-1,829-576-1476,jorge.rodriguez.476@vimenca-demo.local
478,Yolanda Cabrera Guerrero,Cedula,001-1000477-2,829-577-1477,yolanda.cabrera.477@cliente.test
479,Andrea García Rojas,Cedula,001-1000478-3,829-578-1478,andrea.garcia.478@correo.com.do
480,Francisco Cabrera Flores,Cedula,001-1000479-4,829-579-1479,francisco.cabrera.479@vimenca-demo.local
481,Alejandro Rodríguez Cruz,Cedula,001-1000480-5,849-580-1480,alejandro.rodriguez.480@correo.com.do
482,Natalia Ramírez Díaz,Cedula,001-1000481-6,809-581-1481,natalia.ramirez.481@vimenca-demo.local
483,Ricardo Gutiérrez Reyes,Cedula,001-1000482-7,849-582-1482,ricardo.gutierrez.482@vimenca-demo.local
484,Claudia Pérez González,Cedula,001-1000483-8,829-583-1483,claudia.perez.483@correo.com.do
485,Alejandro Medina Gómez,Cedula,001-1000484-9,809-584-1484,alejandro.medina.484@vimenca-demo.local
486,Carmen Jiménez Gutiérrez,Cedula,001-1000485-1,849-585-1485,carmen.jimenez.485@cliente.test
487,Carlos Rodríguez Rodríguez,Cedula,001-1000486-2,849-586-1486,carlos.rodriguez.486@email.do
488,David Medina Ortiz,Cedula,001-1000487-3,809-587-1487,david.medina.487@cliente.test
489,Yolanda Cabrera Gutiérrez,Cedula,001-1000488-4,829-588-1488,yolanda.cabrera.488@email.do
490,Claudia Gómez Sánchez,Cedula,001-1000489-5,849-589-1489,claudia.gomez.489@cliente.test
491,Rosa Hernández Gómez,Cedula,001-1000490-6,849-590-1490,rosa.hernandez.490@cliente.test
492,Paola Rivera Ortiz,Cedula,001-1000491-7,829-591-1491,paola.rivera.491@correo.com.do
493,David Castillo Pérez,Cedula,001-1000492-8,849-592-1492,david.castillo.492@cliente.test
494,Rosa Medina Cabrera,Cedula,001-1000493-9,849-593-1493,rosa.medina.493@correo.com.do
495,Gabriela Flores Vargas,Cedula,001-1000494-1,849-594-1494,gabriela.flores.494@email.do
496,Luis Hernández Ortiz,Cedula,001-1000495-2,849-595-1495,luis.hernandez.495@email.do
497,Claudia Alvarez Guerrero,Cedula,001-1000496-3,809-596-1496,claudia.alvarez.496@cliente.test
498,Sofía Rodríguez Hernández,Cedula,001-1000497-4,809-597-1497,sofia.rodriguez.497@correo.com.do
499,José Reyes Gómez,Cedula,001-1000498-5,809-598-1498,jose.reyes.498@cliente.test
500,Héctor Mendoza Ramírez,Cedula,001-1000499-6,849-599-1499,hector.mendoza.499@cliente.test
501,Claudia Peña Ortiz,Cedula,001-1000500-7,849-600-1500,claudia.peña.500@correo.com.do
502,Francisco Gutiérrez Ramírez,Cedula,001-1000501-8,849-601-1501,francisco.gutierrez.501@vimenca-demo.local
503,Gabriela Gutiérrez Cruz,Cedula,001-1000502-9,809-602-1502,gabriela.gutierrez.502@vimenca-demo.local
504,Pablo Peña Ruiz,Cedula,001-1000503-1,849-603-1503,pablo.peña.503@vimenca-demo.local
505,Jorge Castillo Alvarez,Cedula,001-1000504-2,849-604-1504,jorge.castillo.504@vimenca-demo.local
506,Gabriela Ramírez Torres,Cedula,001-1000505-3,849-605-1505,gabriela.ramirez.505@vimenca-demo.local
507,Rosa Torres Rivera,Cedula,001-1000506-4,849-606-1506,rosa.torres.506@vimenca-demo.local
508,Laura Mendoza Mendoza,Cedula,001-1000507-5,829-607-1507,laura.mendoza.507@cliente.test
509,Gabriela Díaz Ruiz,Cedula,001-1000508-6,829-608-1508,gabriela.diaz.508@vimenca-demo.local
510,Andrés Hernández Castillo,Cedula,001-1000509-7,829-609-1509,andres.hernandez.509@cliente.test
511,Jorge Alvarez Medina,Cedula,001-1000510-8,829-610-1510,jorge.alvarez.510@email.do
512,Carlos Rivera Mendoza,Cedula,001-1000511-9,829-611-1511,carlos.rivera.511@correo.com.do
513,Iván Vargas Flores,Cedula,001-1000512-1,809-612-1512,ivan.vargas.512@cliente.test
514,Carmen Guerrero Ruiz,Cedula,001-1000513-2,849-613-1513,carmen.guerrero.513@vimenca-demo.local
515,Elena González Pérez,Cedula,001-1000514-3,809-614-1514,elena.gonzalez.514@email.do
516,Luis Castillo Cabrera,Cedula,001-1000515-4,849-615-1515,luis.castillo.515@email.do
517,Patricia Rodríguez Pérez,Cedula,001-1000516-5,829-616-1516,patricia.rodriguez.516@cliente.test
518,Gabriela Pérez Castillo,Cedula,001-1000517-6,809-617-1517,gabriela.perez.517@email.do
519,Natalia Peña Sánchez,Cedula,001-1000518-7,849-618-1518,natalia.peña.518@cliente.test
520,Gabriela Ortiz Vargas,Cedula,001-1000519-8,829-619-1519,gabriela.ortiz.519@email.do
521,Daniel Rivera Vargas,Cedula,001-1000520-9,809-620-1520,daniel.rivera.520@correo.com.do
522,Paola Torres Ruiz,Cedula,001-1000521-1,809-621-1521,paola.torres.521@correo.com.do
523,Héctor Cabrera Guerrero,Cedula,001-1000522-2,809-622-1522,hector.cabrera.522@email.do
524,Fernando Medina Ortiz,Cedula,001-1000523-3,849-623-1523,fernando.medina.523@email.do
525,Diana Cabrera Rodríguez,Cedula,001-1000524-4,829-624-1524,diana.cabrera.524@correo.com.do
526,Paola Jiménez Pérez,Cedula,001-1000525-5,829-625-1525,paola.jimenez.525@vimenca-demo.local
527,Pablo Vargas Ruiz,Cedula,001-1000526-6,809-626-1526,pablo.vargas.526@cliente.test
528,Camila Reyes Flores,Cedula,001-1000527-7,809-627-1527,camila.reyes.527@email.do
529,David Sánchez Romero,Cedula,001-1000528-8,849-628-1528,david.sanchez.528@cliente.test
530,Valeria Mendoza Sánchez,Cedula,001-1000529-9,849-629-1529,valeria.mendoza.529@correo.com.do
531,David Medina Rivera,Cedula,001-1000530-1,809-630-1530,david.medina.530@email.do
532,Claudia Rojas Vargas,Cedula,001-1000531-2,829-631-1531,claudia.rojas.531@cliente.test
533,Camila Gómez Martínez,Cedula,001-1000532-3,849-632-1532,camila.gomez.532@cliente.test
534,Rafael Sánchez González,Cedula,001-1000533-4,829-633-1533,rafael.sanchez.533@cliente.test
535,Sofía García Flores,Cedula,001-1000534-5,809-634-1534,sofia.garcia.534@cliente.test
536,Iván Alvarez Flores,Cedula,001-1000535-6,829-635-1535,ivan.alvarez.535@vimenca-demo.local
537,Karina Romero Hernández,Cedula,001-1000536-7,829-636-1536,karina.romero.536@correo.com.do
538,Alejandro Mendoza Torres,Cedula,001-1000537-8,849-637-1537,alejandro.mendoza.537@correo.com.do
539,Andrés Reyes Rivera,Cedula,001-1000538-9,829-638-1538,andres.reyes.538@email.do
540,Camila Peña Cabrera,Cedula,001-1000539-1,849-639-1539,camila.peña.539@vimenca-demo.local
541,Andrés Vargas Peña,Cedula,001-1000540-2,829-640-1540,andres.vargas.540@vimenca-demo.local
542,Claudia Torres Torres,Cedula,001-1000541-3,829-641-1541,claudia.torres.541@email.do
543,Manuel Reyes Romero,Cedula,001-1000542-4,829-642-1542,manuel.reyes.542@vimenca-demo.local
544,Natalia Peña Ortiz,Cedula,001-1000543-5,809-643-1543,natalia.peña.543@email.do
545,Yolanda Rojas Medina,Cedula,001-1000544-6,849-644-1544,yolanda.rojas.544@correo.com.do
546,Iván Gutiérrez Mendoza,Cedula,001-1000545-7,809-645-1545,ivan.gutierrez.545@vimenca-demo.local
547,Paola Pérez Rodríguez,Cedula,001-1000546-8,849-646-1546,paola.perez.546@email.do
548,Andrea González Sánchez,Cedula,001-1000547-9,849-647-1547,andrea.gonzalez.547@vimenca-demo.local
549,Iván Pérez Castillo,Cedula,001-1000548-1,849-648-1548,ivan.perez.548@email.do
550,Karina Ortiz Martínez,Cedula,001-1000549-2,809-649-1549,karina.ortiz.549@cliente.test
551,Pablo González Gutiérrez,Cedula,001-1000550-3,829-650-1550,pablo.gonzalez.550@cliente.test
552,Paola Rodríguez Ruiz,Cedula,001-1000551-4,849-651-1551,paola.rodriguez.551@cliente.test
553,Rosa Romero García,Cedula,001-1000552-5,829-652-1552,rosa.romero.552@cliente.test
554,Juan Romero Ramírez,Cedula,001-1000553-6,809-653-1553,juan.romero.553@correo.com.do
555,Óscar Díaz Mendoza,Cedula,001-1000554-7,849-654-1554,oscar.diaz.554@correo.com.do
556,Luis Peña Cabrera,Cedula,001-1000555-8,829-655-1555,luis.peña.555@correo.com.do
557,Carlos Rivera Morales,Cedula,001-1000556-9,809-656-1556,carlos.rivera.556@email.do
558,Héctor Díaz Cabrera,Cedula,001-1000557-1,829-657-1557,hector.diaz.557@cliente.test
559,Ricardo Cruz Martínez,Cedula,001-1000558-2,849-658-1558,ricardo.cruz.558@email.do
560,Jorge Pérez Sánchez,Cedula,001-1000559-3,849-659-1559,jorge.perez.559@cliente.test
561,Francisco Romero Torres,Cedula,001-1000560-4,809-660-1560,francisco.romero.560@correo.com.do
562,Rosa Reyes Castillo,Cedula,001-1000561-5,849-661-1561,rosa.reyes.561@cliente.test
563,Ricardo Guerrero Torres,Cedula,001-1000562-6,829-662-1562,ricardo.guerrero.562@email.do
564,Jorge González Flores,Cedula,001-1000563-7,849-663-1563,jorge.gonzalez.563@email.do
565,Andrés Rodríguez Medina,Cedula,001-1000564-8,849-664-1564,andres.rodriguez.564@cliente.test
566,José Torres Ramírez,Cedula,001-1000565-9,809-665-1565,jose.torres.565@correo.com.do
567,Yolanda Rodríguez Reyes,Cedula,001-1000566-1,809-666-1566,yolanda.rodriguez.566@correo.com.do
568,Carlos Cruz Reyes,Cedula,001-1000567-2,849-667-1567,carlos.cruz.567@email.do
569,Laura Alvarez Rojas,Cedula,001-1000568-3,809-668-1568,laura.alvarez.568@correo.com.do
570,Camila Rivera Torres,Cedula,001-1000569-4,849-669-1569,camila.rivera.569@vimenca-demo.local
571,Yolanda Alvarez Castillo,Cedula,001-1000570-5,809-670-1570,yolanda.alvarez.570@vimenca-demo.local
572,Rosa Cabrera González,Cedula,001-1000571-6,829-671-1571,rosa.cabrera.571@email.do
573,Rosa Flores Rodríguez,Cedula,001-1000572-7,849-672-1572,rosa.flores.572@email.do
574,Óscar Ruiz Ortiz,Cedula,001-1000573-8,829-673-1573,oscar.ruiz.573@correo.com.do
575,Ricardo Medina Gutiérrez,Cedula,001-1000574-9,849-674-1574,ricardo.medina.574@vimenca-demo.local
576,Héctor Morales González,Cedula,001-1000575-1,829-675-1575,hector.morales.575@vimenca-demo.local
577,Ana Alvarez Ruiz,Cedula,001-1000576-2,809-676-1576,ana.alvarez.576@cliente.test
578,Patricia Rivera Rojas,Cedula,001-1000577-3,829-677-1577,patricia.rivera.577@email.do
579,Luis Ruiz Morales,Cedula,001-1000578-4,849-678-1578,luis.ruiz.578@cliente.test
580,Lucía González Cruz,Cedula,001-1000579-5,829-679-1579,lucia.gonzalez.579@email.do
581,Laura Gómez Vargas,Cedula,001-1000580-6,829-680-1580,laura.gomez.580@correo.com.do
582,Alejandro Martínez Ruiz,Cedula,001-1000581-7,809-681-1581,alejandro.martinez.581@email.do
583,Elena Cruz Castillo,Cedula,001-1000582-8,809-682-1582,elena.cruz.582@correo.com.do
584,Carmen Medina Alvarez,Cedula,001-1000583-9,829-683-1583,carmen.medina.583@email.do
585,Laura Rojas Peña,Cedula,001-1000584-1,829-684-1584,laura.rojas.584@vimenca-demo.local
586,Juan Ramírez Peña,Cedula,001-1000585-2,849-685-1585,juan.ramirez.585@email.do
587,Andrés Romero Alvarez,Cedula,001-1000586-3,809-686-1586,andres.romero.586@cliente.test
588,Yolanda Mendoza Ramírez,Cedula,001-1000587-4,809-687-1587,yolanda.mendoza.587@cliente.test
589,Natalia Gómez Alvarez,Cedula,001-1000588-5,829-688-1588,natalia.gomez.588@vimenca-demo.local
590,Pablo Ruiz Vargas,Cedula,001-1000589-6,829-689-1589,pablo.ruiz.589@vimenca-demo.local
591,Valeria Díaz Gutiérrez,Cedula,001-1000590-7,829-690-1590,valeria.diaz.590@cliente.test
592,Rafael Medina Romero,Cedula,001-1000591-8,829-691-1591,rafael.medina.591@cliente.test
593,Laura Díaz Gómez,Cedula,001-1000592-9,809-692-1592,laura.diaz.592@cliente.test
594,Paola Rojas Torres,Cedula,001-1000593-1,809-693-1593,paola.rojas.593@email.do
595,Valeria Ruiz Peña,Cedula,001-1000594-2,829-694-1594,valeria.ruiz.594@cliente.test
596,Manuel Ramírez Gómez,Cedula,001-1000595-3,829-695-1595,manuel.ramirez.595@email.do
597,Paola Guerrero Torres,Cedula,001-1000596-4,849-696-1596,paola.guerrero.596@cliente.test
598,David Flores Alvarez,Cedula,001-1000597-5,849-697-1597,david.flores.597@cliente.test
599,Isabella Reyes Sánchez,Cedula,001-1000598-6,809-698-1598,isabella.reyes.598@vimenca-demo.local
600,Francisco Romero Ruiz,Cedula,001-1000599-7,809-699-1599,francisco.romero.599@cliente.test
601,Andrea Vargas Rodríguez,Cedula,001-1000600-8,809-700-1600,andrea.vargas.600@correo.com.do
602,Luis Alvarez García,Cedula,001-1000601-9,809-701-1601,luis.alvarez.601@cliente.test
603,Patricia Martínez Mendoza,Cedula,001-1000602-1,809-702-1602,patricia.martinez.602@email.do
604,Laura Gutiérrez Reyes,Cedula,001-1000603-2,809-703-1603,laura.gutierrez.603@vimenca-demo.local
605,Claudia Vargas Castillo,Cedula,001-1000604-3,849-704-1604,claudia.vargas.604@cliente.test
606,Isabella García García,Cedula,001-1000605-4,809-705-1605,isabella.garcia.605@cliente.test
607,José Gutiérrez Romero,Cedula,001-1000606-5,849-706-1606,jose.gutierrez.606@vimenca-demo.local
608,Diana García Gutiérrez,Cedula,001-1000607-6,809-707-1607,diana.garcia.607@cliente.test
609,Rafael Peña Pérez,Cedula,001-1000608-7,809-708-1608,rafael.peña.608@email.do
610,Carmen Jiménez Gutiérrez,Cedula,001-1000609-8,829-709-1609,carmen.jimenez.609@vimenca-demo.local
611,Elena Medina Cruz,Cedula,001-1000610-9,829-710-1610,elena.medina.610@correo.com.do
612,Fernando Reyes Hernández,Cedula,001-1000611-1,849-711-1611,fernando.reyes.611@email.do
613,Patricia Rivera Castillo,Cedula,001-1000612-2,849-712-1612,patricia.rivera.612@correo.com.do
614,Carlos Martínez Cruz,Cedula,001-1000613-3,829-713-1613,carlos.martinez.613@cliente.test
615,Natalia Ortiz Rodríguez,Cedula,001-1000614-4,849-714-1614,natalia.ortiz.614@correo.com.do
616,María Martínez Ortiz,Cedula,001-1000615-5,849-715-1615,maria.martinez.615@cliente.test
617,David Hernández Rojas,Cedula,001-1000616-6,849-716-1616,david.hernandez.616@correo.com.do
618,Carlos Torres Ramírez,Cedula,001-1000617-7,829-717-1617,carlos.torres.617@cliente.test
619,Carlos Peña Martínez,Cedula,001-1000618-8,849-718-1618,carlos.peña.618@vimenca-demo.local
620,Paola Castillo Rodríguez,Cedula,001-1000619-9,829-719-1619,paola.castillo.619@email.do
621,José Ramírez Hernández,Cedula,001-1000620-1,849-720-1620,jose.ramirez.620@email.do
622,Fernando Peña Martínez,Cedula,001-1000621-2,809-721-1621,fernando.peña.621@vimenca-demo.local
623,Paola Torres Hernández,Cedula,001-1000622-3,849-722-1622,paola.torres.622@cliente.test
624,Andrea Gómez Cruz,Cedula,001-1000623-4,849-723-1623,andrea.gomez.623@email.do
625,Pedro Gutiérrez Romero,Cedula,001-1000624-5,809-724-1624,pedro.gutierrez.624@vimenca-demo.local
626,Rafael Morales Torres,Cedula,001-1000625-6,829-725-1625,rafael.morales.625@correo.com.do
627,Yolanda Alvarez Jiménez,Cedula,001-1000626-7,829-726-1626,yolanda.alvarez.626@cliente.test
628,José Vargas Flores,Cedula,001-1000627-8,829-727-1627,jose.vargas.627@cliente.test
629,Patricia Díaz Ruiz,Cedula,001-1000628-9,829-728-1628,patricia.diaz.628@cliente.test
630,Ana Castillo Hernández,Cedula,001-1000629-1,809-729-1629,ana.castillo.629@cliente.test
631,Claudia Rivera Medina,Cedula,001-1000630-2,849-730-1630,claudia.rivera.630@email.do
632,Miguel Martínez Flores,Cedula,001-1000631-3,829-731-1631,miguel.martinez.631@email.do
633,Manuel Romero Cruz,Cedula,001-1000632-4,829-732-1632,manuel.romero.632@vimenca-demo.local
634,Rafael Martínez García,Cedula,001-1000633-5,829-733-1633,rafael.martinez.633@vimenca-demo.local
635,Alejandro Alvarez Flores,Cedula,001-1000634-6,809-734-1634,alejandro.alvarez.634@correo.com.do
636,Pedro Sánchez Morales,Cedula,001-1000635-7,849-735-1635,pedro.sanchez.635@cliente.test
637,Natalia Gutiérrez Morales,Cedula,001-1000636-8,809-736-1636,natalia.gutierrez.636@correo.com.do
638,Pedro Díaz Ruiz,Cedula,001-1000637-9,849-737-1637,pedro.diaz.637@correo.com.do
639,Yolanda Medina Gómez,Cedula,001-1000638-1,809-738-1638,yolanda.medina.638@cliente.test
640,Diana Morales Cruz,Cedula,001-1000639-2,849-739-1639,diana.morales.639@correo.com.do
641,Natalia Cabrera Torres,Cedula,001-1000640-3,849-740-1640,natalia.cabrera.640@email.do
642,Ricardo Sánchez González,Cedula,001-1000641-4,829-741-1641,ricardo.sanchez.641@vimenca-demo.local
643,Elena Ortiz González,Cedula,001-1000642-5,809-742-1642,elena.ortiz.642@correo.com.do
644,Óscar Flores Morales,Cedula,001-1000643-6,829-743-1643,oscar.flores.643@vimenca-demo.local
645,Miguel Díaz Flores,Cedula,001-1000644-7,849-744-1644,miguel.diaz.644@email.do
646,Isabella Jiménez Jiménez,Cedula,001-1000645-8,829-745-1645,isabella.jimenez.645@email.do
647,Rafael González Rivera,Cedula,001-1000646-9,829-746-1646,rafael.gonzalez.646@correo.com.do
648,David Guerrero Jiménez,Cedula,001-1000647-1,829-747-1647,david.guerrero.647@cliente.test
649,Iván Gómez Morales,Cedula,001-1000648-2,829-748-1648,ivan.gomez.648@email.do
650,Daniel Jiménez Mendoza,Cedula,001-1000649-3,829-749-1649,daniel.jimenez.649@email.do
651,Daniel Sánchez Cruz,Cedula,001-1000650-4,829-750-1650,daniel.sanchez.650@vimenca-demo.local
652,Isabella Hernández Medina,Cedula,001-1000651-5,829-751-1651,isabella.hernandez.651@email.do
653,Ricardo Flores Guerrero,Cedula,001-1000652-6,829-752-1652,ricardo.flores.652@cliente.test
654,Andrés Peña Hernández,Cedula,001-1000653-7,849-753-1653,andres.peña.653@email.do
655,Andrea Sánchez Castillo,Cedula,001-1000654-8,849-754-1654,andrea.sanchez.654@correo.com.do
656,Pablo Mendoza Ramírez,Cedula,001-1000655-9,829-755-1655,pablo.mendoza.655@cliente.test
657,Miguel Guerrero Rojas,Cedula,001-1000656-1,849-756-1656,miguel.guerrero.656@cliente.test
658,Isabella González Vargas,Cedula,001-1000657-2,809-757-1657,isabella.gonzalez.657@vimenca-demo.local
659,Valeria Castillo González,Cedula,001-1000658-3,829-758-1658,valeria.castillo.658@cliente.test
660,Miguel Reyes Jiménez,Cedula,001-1000659-4,849-759-1659,miguel.reyes.659@cliente.test
661,Fernando Ruiz Gutiérrez,Cedula,001-1000660-5,849-760-1660,fernando.ruiz.660@cliente.test
662,Carlos Medina Díaz,Cedula,001-1000661-6,809-761-1661,carlos.medina.661@correo.com.do
663,Sofía Castillo Castillo,Cedula,001-1000662-7,809-762-1662,sofia.castillo.662@vimenca-demo.local
664,Claudia Rodríguez Hernández,Cedula,001-1000663-8,829-763-1663,claudia.rodriguez.663@cliente.test
665,Óscar Pérez García,Cedula,001-1000664-9,829-764-1664,oscar.perez.664@correo.com.do
666,Patricia Gutiérrez Romero,Cedula,001-1000665-1,829-765-1665,patricia.gutierrez.665@email.do
667,Alejandro Cruz Reyes,Cedula,001-1000666-2,829-766-1666,alejandro.cruz.666@email.do
668,José Ortiz Pérez,Cedula,001-1000667-3,829-767-1667,jose.ortiz.667@vimenca-demo.local
669,Pedro Pérez Guerrero,Cedula,001-1000668-4,829-768-1668,pedro.perez.668@email.do
670,Rosa Gómez Reyes,Cedula,001-1000669-5,849-769-1669,rosa.gomez.669@email.do
671,Gabriela Díaz Ortiz,Cedula,001-1000670-6,829-770-1670,gabriela.diaz.670@correo.com.do
672,Iván Gómez Martínez,Cedula,001-1000671-7,809-771-1671,ivan.gomez.671@vimenca-demo.local
673,Andrés García Rojas,Cedula,001-1000672-8,849-772-1672,andres.garcia.672@vimenca-demo.local
674,Rafael Castillo Medina,Cedula,001-1000673-9,849-773-1673,rafael.castillo.673@email.do
675,Sofía Gutiérrez Sánchez,Cedula,001-1000674-1,829-774-1674,sofia.gutierrez.674@email.do
676,Natalia Morales Reyes,Cedula,001-1000675-2,829-775-1675,natalia.morales.675@email.do
677,Ana Sánchez Vargas,Cedula,001-1000676-3,829-776-1676,ana.sanchez.676@cliente.test
678,José Romero Jiménez,Cedula,001-1000677-4,829-777-1677,jose.romero.677@email.do
679,Karina Morales Cruz,Cedula,001-1000678-5,849-778-1678,karina.morales.678@correo.com.do
680,Laura Ramírez Flores,Cedula,001-1000679-6,849-779-1679,laura.ramirez.679@correo.com.do
681,Rafael Medina Rojas,Cedula,001-1000680-7,829-780-1680,rafael.medina.680@email.do
682,Daniel Ramírez Reyes,Cedula,001-1000681-8,829-781-1681,daniel.ramirez.681@correo.com.do
683,Isabella Gutiérrez Vargas,Cedula,001-1000682-9,849-782-1682,isabella.gutierrez.682@vimenca-demo.local
684,Ricardo Jiménez Cruz,Cedula,001-1000683-1,829-783-1683,ricardo.jimenez.683@correo.com.do
685,Jorge Rojas Reyes,Cedula,001-1000684-2,849-784-1684,jorge.rojas.684@email.do
686,Rosa Peña Jiménez,Cedula,001-1000685-3,849-785-1685,rosa.peña.685@correo.com.do
687,Francisco Gómez Pérez,Cedula,001-1000686-4,829-786-1686,francisco.gomez.686@email.do
688,Andrés Sánchez Díaz,Cedula,001-1000687-5,849-787-1687,andres.sanchez.687@email.do
689,Ricardo Morales Jiménez,Cedula,001-1000688-6,849-788-1688,ricardo.morales.688@email.do
690,Ricardo Morales Sánchez,Cedula,001-1000689-7,849-789-1689,ricardo.morales.689@cliente.test
691,Andrea Mendoza Peña,Cedula,001-1000690-8,849-790-1690,andrea.mendoza.690@email.do
692,María Ortiz Rivera,Cedula,001-1000691-9,809-791-1691,maria.ortiz.691@email.do
693,Daniel Guerrero Reyes,Cedula,001-1000692-1,829-792-1692,daniel.guerrero.692@correo.com.do
694,Juan Ortiz González,Cedula,001-1000693-2,829-793-1693,juan.ortiz.693@email.do
695,Natalia Gutiérrez Vargas,Cedula,001-1000694-3,829-794-1694,natalia.gutierrez.694@cliente.test
696,Isabella Morales Mendoza,Cedula,001-1000695-4,829-795-1695,isabella.morales.695@cliente.test
697,María Martínez Hernández,Cedula,001-1000696-5,809-796-1696,maria.martinez.696@correo.com.do
698,Diana Rodríguez Flores,Cedula,001-1000697-6,849-797-1697,diana.rodriguez.697@email.do
699,Diana Sánchez Alvarez,Cedula,001-1000698-7,849-798-1698,diana.sanchez.698@cliente.test
700,Isabella Ruiz Gutiérrez,Cedula,001-1000699-8,849-799-1699,isabella.ruiz.699@correo.com.do
701,Andrés Flores Alvarez,Cedula,001-1000700-9,849-800-1700,andres.flores.700@vimenca-demo.local
702,Carlos Alvarez Romero,Cedula,001-1000701-1,849-801-1701,carlos.alvarez.701@cliente.test
703,Laura Morales Pérez,Cedula,001-1000702-2,829-802-1702,laura.morales.702@email.do
704,Carlos Reyes Flores,Cedula,001-1000703-3,809-803-1703,carlos.reyes.703@vimenca-demo.local
705,Iván Rojas Pérez,Cedula,001-1000704-4,809-804-1704,ivan.rojas.704@email.do
706,Karina Mendoza Díaz,Cedula,001-1000705-5,809-805-1705,karina.mendoza.705@cliente.test
707,Claudia González Medina,Cedula,001-1000706-6,809-806-1706,claudia.gonzalez.706@email.do
708,Luis Hernández Díaz,Cedula,001-1000707-7,849-807-1707,luis.hernandez.707@vimenca-demo.local
709,Andrea Sánchez Gómez,Cedula,001-1000708-8,829-808-1708,andrea.sanchez.708@vimenca-demo.local
710,Paola Flores Rojas,Cedula,001-1000709-9,809-809-1709,paola.flores.709@correo.com.do
711,Héctor Peña Rodríguez,Cedula,001-1000710-1,849-810-1710,hector.peña.710@vimenca-demo.local
712,Francisco Mendoza Rojas,Cedula,001-1000711-2,809-811-1711,francisco.mendoza.711@email.do
713,Manuel Mendoza Gómez,Cedula,001-1000712-3,849-812-1712,manuel.mendoza.712@email.do
714,Fernando Ortiz González,Cedula,001-1000713-4,849-813-1713,fernando.ortiz.713@vimenca-demo.local
715,Héctor Cruz Reyes,Cedula,001-1000714-5,849-814-1714,hector.cruz.714@correo.com.do
716,Pedro Cruz Gutiérrez,Cedula,001-1000715-6,849-815-1715,pedro.cruz.715@vimenca-demo.local
717,Alejandro Reyes Ortiz,Cedula,001-1000716-7,849-816-1716,alejandro.reyes.716@vimenca-demo.local
718,Juan Rojas Alvarez,Cedula,001-1000717-8,849-817-1717,juan.rojas.717@correo.com.do
719,Pablo Vargas Castillo,Cedula,001-1000718-9,809-818-1718,pablo.vargas.718@vimenca-demo.local
720,Andrea Cruz Ramírez,Cedula,001-1000719-1,809-819-1719,andrea.cruz.719@cliente.test
721,Isabella Flores Gómez,Cedula,001-1000720-2,829-820-1720,isabella.flores.720@vimenca-demo.local
722,Natalia Hernández González,Cedula,001-1000721-3,829-821-1721,natalia.hernandez.721@cliente.test
723,Luis Rodríguez Pérez,Cedula,001-1000722-4,809-822-1722,luis.rodriguez.722@cliente.test
724,Andrés Peña Rojas,Cedula,001-1000723-5,829-823-1723,andres.peña.723@email.do
725,Pablo García Morales,Cedula,001-1000724-6,849-824-1724,pablo.garcia.724@email.do
726,Francisco Cabrera Vargas,Cedula,001-1000725-7,809-825-1725,francisco.cabrera.725@vimenca-demo.local
727,Elena Martínez Vargas,Cedula,001-1000726-8,829-826-1726,elena.martinez.726@vimenca-demo.local
728,Pedro Díaz Castillo,Cedula,001-1000727-9,809-827-1727,pedro.diaz.727@email.do
729,Fernando Vargas Rivera,Cedula,001-1000728-1,829-828-1728,fernando.vargas.728@email.do
730,Pedro Mendoza Pérez,Cedula,001-1000729-2,809-829-1729,pedro.mendoza.729@correo.com.do
731,Gabriela Martínez González,Cedula,001-1000730-3,849-830-1730,gabriela.martinez.730@email.do
732,Iván García García,Cedula,001-1000731-4,809-831-1731,ivan.garcia.731@vimenca-demo.local
733,Óscar Mendoza González,Cedula,001-1000732-5,809-832-1732,oscar.mendoza.732@cliente.test
734,Patricia Cruz Martínez,Cedula,001-1000733-6,809-833-1733,patricia.cruz.733@correo.com.do
735,Daniel Díaz Cabrera,Cedula,001-1000734-7,809-834-1734,daniel.diaz.734@vimenca-demo.local
736,Ricardo Alvarez Guerrero,Cedula,001-1000735-8,849-835-1735,ricardo.alvarez.735@email.do
737,Manuel Martínez Gutiérrez,Cedula,001-1000736-9,849-836-1736,manuel.martinez.736@correo.com.do
738,María Reyes Díaz,Cedula,001-1000737-1,849-837-1737,maria.reyes.737@email.do
739,Manuel Peña Morales,Cedula,001-1000738-2,809-838-1738,manuel.peña.738@cliente.test
740,Pedro Cabrera Pérez,Cedula,001-1000739-3,809-839-1739,pedro.cabrera.739@email.do
741,Karina Romero Cruz,Cedula,001-1000740-4,829-840-1740,karina.romero.740@vimenca-demo.local
742,Daniel Medina González,Cedula,001-1000741-5,829-841-1741,daniel.medina.741@email.do
743,Pedro Torres Ruiz,Cedula,001-1000742-6,849-842-1742,pedro.torres.742@vimenca-demo.local
744,José Rojas Rojas,Cedula,001-1000743-7,809-843-1743,jose.rojas.743@vimenca-demo.local
745,Lucía Jiménez Gutiérrez,Cedula,001-1000744-8,849-844-1744,lucia.jimenez.744@email.do
746,Fernando Rivera Vargas,Cedula,001-1000745-9,809-845-1745,fernando.rivera.745@correo.com.do
747,Isabella Cruz Pérez,Cedula,001-1000746-1,829-846-1746,isabella.cruz.746@email.do
748,Yolanda Martínez Gutiérrez,Cedula,001-1000747-2,829-847-1747,yolanda.martinez.747@correo.com.do
749,Daniel González Cruz,Cedula,001-1000748-3,829-848-1748,daniel.gonzalez.748@cliente.test
750,Andrea Castillo Sánchez,Cedula,001-1000749-4,809-849-1749,andrea.castillo.749@cliente.test
751,José Hernández Martínez,Cedula,001-1000750-5,829-850-1750,jose.hernandez.750@correo.com.do
752,Laura Rodríguez Peña,Cedula,001-1000751-6,829-851-1751,laura.rodriguez.751@correo.com.do
753,Camila Rivera Vargas,Cedula,001-1000752-7,829-852-1752,camila.rivera.752@cliente.test
754,Fernando Martínez Vargas,Cedula,001-1000753-8,829-853-1753,fernando.martinez.753@email.do
755,Pedro Rivera Martínez,Cedula,001-1000754-9,809-854-1754,pedro.rivera.754@email.do
756,Andrea Gómez Cruz,Cedula,001-1000755-1,829-855-1755,andrea.gomez.755@correo.com.do
757,Óscar Romero Rojas,Cedula,001-1000756-2,809-856-1756,oscar.romero.756@email.do
758,Sofía Martínez Peña,Cedula,001-1000757-3,809-857-1757,sofia.martinez.757@cliente.test
759,Pablo Jiménez Jiménez,Cedula,001-1000758-4,829-858-1758,pablo.jimenez.758@correo.com.do
760,Ana Pérez García,Cedula,001-1000759-5,849-859-1759,ana.perez.759@email.do
761,Juan Sánchez Ortiz,Cedula,001-1000760-6,849-860-1760,juan.sanchez.760@vimenca-demo.local
762,Lucía Medina Guerrero,Cedula,001-1000761-7,809-861-1761,lucia.medina.761@vimenca-demo.local
763,Alejandro González Romero,Cedula,001-1000762-8,849-862-1762,alejandro.gonzalez.762@vimenca-demo.local
764,Andrés Alvarez Cabrera,Cedula,001-1000763-9,829-863-1763,andres.alvarez.763@correo.com.do
765,Óscar Flores Gutiérrez,Cedula,001-1000764-1,829-864-1764,oscar.flores.764@correo.com.do
766,Paola Vargas Martínez,Cedula,001-1000765-2,829-865-1765,paola.vargas.765@cliente.test
767,Camila Díaz Rodríguez,Cedula,001-1000766-3,849-866-1766,camila.diaz.766@cliente.test
768,María Díaz Sánchez,Cedula,001-1000767-4,809-867-1767,maria.diaz.767@vimenca-demo.local
769,Paola Castillo Romero,Cedula,001-1000768-5,809-868-1768,paola.castillo.768@correo.com.do
770,Camila García Rodríguez,Cedula,001-1000769-6,809-869-1769,camila.garcia.769@correo.com.do
771,Carlos Ortiz Díaz,Cedula,001-1000770-7,809-870-1770,carlos.ortiz.770@cliente.test
772,Ana Peña Rojas,Cedula,001-1000771-8,849-871-1771,ana.peña.771@correo.com.do
773,Héctor Torres Gómez,Cedula,001-1000772-9,829-872-1772,hector.torres.772@email.do
774,Daniel Flores Guerrero,Cedula,001-1000773-1,849-873-1773,daniel.flores.773@correo.com.do
775,Alejandro Pérez Gutiérrez,Cedula,001-1000774-2,809-874-1774,alejandro.perez.774@correo.com.do
776,Patricia Medina Gutiérrez,Cedula,001-1000775-3,829-875-1775,patricia.medina.775@correo.com.do
777,Miguel Cabrera Reyes,Cedula,001-1000776-4,829-876-1776,miguel.cabrera.776@vimenca-demo.local
778,Daniel Martínez Ruiz,Cedula,001-1000777-5,809-877-1777,daniel.martinez.777@cliente.test
779,Alejandro Ramírez Rivera,Cedula,001-1000778-6,849-878-1778,alejandro.ramirez.778@vimenca-demo.local
780,Claudia Torres Reyes,Cedula,001-1000779-7,849-879-1779,claudia.torres.779@vimenca-demo.local
781,Isabella Alvarez Alvarez,Cedula,001-1000780-8,849-880-1780,isabella.alvarez.780@email.do
782,Andrea Alvarez Medina,Cedula,001-1000781-9,809-881-1781,andrea.alvarez.781@email.do
783,Peña & Morales SRL,RNC,1300000782,809-882-1782,juan.peña.782@correo.com.do
784,Andrea Díaz Vargas,Cedula,001-1000783-2,829-883-1783,andrea.diaz.783@correo.com.do
785,Juan Alvarez Castillo,Cedula,001-1000784-3,849-884-1784,juan.alvarez.784@cliente.test
786,Rosa Pérez Ramírez,Cedula,001-1000785-4,829-885-1785,rosa.perez.785@email.do
787,Isabella Rodríguez González,Cedula,001-1000786-5,809-886-1786,isabella.rodriguez.786@vimenca-demo.local
788,Carlos Peña Torres,Cedula,001-1000787-6,849-887-1787,carlos.peña.787@cliente.test
789,Alejandro Reyes Romero,Cedula,001-1000788-7,849-888-1788,alejandro.reyes.788@correo.com.do
790,Rafael Gutiérrez González,Cedula,001-1000789-8,809-889-1789,rafael.gutierrez.789@cliente.test
791,Karina Hernández Rodríguez,Cedula,001-1000790-9,849-890-1790,karina.hernandez.790@cliente.test
792,Francisco Torres Rivera,Cedula,001-1000791-1,829-891-1791,francisco.torres.791@vimenca-demo.local
793,Fernando Mendoza Guerrero,Cedula,001-1000792-2,829-892-1792,fernando.mendoza.792@vimenca-demo.local
794,Iván Flores Torres,Cedula,001-1000793-3,809-893-1793,ivan.flores.793@correo.com.do
795,Francisco Alvarez Alvarez,Cedula,001-1000794-4,809-894-1794,francisco.alvarez.794@correo.com.do
796,Rafael Sánchez Reyes,Cedula,001-1000795-5,829-895-1795,rafael.sanchez.795@cliente.test
797,Héctor Pérez Ruiz,Cedula,001-1000796-6,809-896-1796,hector.perez.796@vimenca-demo.local
798,Iván Rivera Reyes,Cedula,001-1000797-7,809-897-1797,ivan.rivera.797@vimenca-demo.local
799,Pedro Sánchez Medina,Cedula,001-1000798-8,849-898-1798,pedro.sanchez.798@vimenca-demo.local
800,Yolanda Rodríguez Ramírez,Cedula,001-1000799-9,809-899-1799,yolanda.rodriguez.799@vimenca-demo.local
801,Pedro Mendoza Torres,Cedula,001-1000800-1,829-500-1800,pedro.mendoza.800@vimenca-demo.local
802,Camila Rodríguez Castillo,Cedula,001-1000801-2,829-501-1801,camila.rodriguez.801@vimenca-demo.local
803,Ana García Cruz,Cedula,001-1000802-3,849-502-1802,ana.garcia.802@cliente.test
804,Natalia Torres Pérez,Cedula,001-1000803-4,809-503-1803,natalia.torres.803@cliente.test
805,Francisco Pérez García,Cedula,001-1000804-5,809-504-1804,francisco.perez.804@correo.com.do
806,Francisco Ramírez Guerrero,Cedula,001-1000805-6,829-505-1805,francisco.ramirez.805@cliente.test
807,Pedro Hernández Hernández,Cedula,001-1000806-7,809-506-1806,pedro.hernandez.806@vimenca-demo.local
808,José Martínez Ramírez,Cedula,001-1000807-8,809-507-1807,jose.martinez.807@cliente.test
809,Pedro Cabrera Rojas,Cedula,001-1000808-9,809-508-1808,pedro.cabrera.808@vimenca-demo.local
810,Carlos Reyes Rodríguez,Cedula,001-1000809-1,849-509-1809,carlos.reyes.809@email.do
811,Óscar Guerrero Romero,Cedula,001-1000810-2,829-510-1810,oscar.guerrero.810@cliente.test
812,José Cruz Castillo,Cedula,001-1000811-3,809-511-1811,jose.cruz.811@cliente.test
813,Jorge Ramírez Peña,Cedula,001-1000812-4,829-512-1812,jorge.ramirez.812@email.do
814,Elena Reyes Cabrera,Cedula,001-1000813-5,809-513-1813,elena.reyes.813@email.do
815,Claudia Jiménez Jiménez,Cedula,001-1000814-6,849-514-1814,claudia.jimenez.814@email.do
816,Diana Ortiz Morales,Cedula,001-1000815-7,809-515-1815,diana.ortiz.815@cliente.test
817,Pedro Flores Cruz,Cedula,001-1000816-8,829-516-1816,pedro.flores.816@email.do
818,Carmen Vargas Cabrera,Cedula,001-1000817-9,849-517-1817,carmen.vargas.817@email.do
819,Andrea Medina García,Cedula,001-1000818-1,849-518-1818,andrea.medina.818@cliente.test
820,Jorge Ortiz Ruiz,Cedula,001-1000819-2,829-519-1819,jorge.ortiz.819@cliente.test
821,Paola Gutiérrez Gómez,Cedula,001-1000820-3,829-520-1820,paola.gutierrez.820@cliente.test
822,Ana García Gómez,Cedula,001-1000821-4,809-521-1821,ana.garcia.821@email.do
823,Elena Rodríguez Medina,Cedula,001-1000822-5,849-522-1822,elena.rodriguez.822@cliente.test
824,Jorge Alvarez Hernández,Cedula,001-1000823-6,809-523-1823,jorge.alvarez.823@email.do
825,Rafael Torres Castillo,Cedula,001-1000824-7,829-524-1824,rafael.torres.824@email.do
826,Andrea Guerrero Medina,Cedula,001-1000825-8,809-525-1825,andrea.guerrero.825@correo.com.do
827,Paola Rojas Medina,Cedula,001-1000826-9,829-526-1826,paola.rojas.826@cliente.test
828,Ana Sánchez Torres,Cedula,001-1000827-1,849-527-1827,ana.sanchez.827@vimenca-demo.local
829,Jorge Peña Hernández,Cedula,001-1000828-2,849-528-1828,jorge.peña.828@correo.com.do
830,Jorge Hernández Hernández,Cedula,001-1000829-3,849-529-1829,jorge.hernandez.829@email.do
831,Carmen Guerrero Medina,Cedula,001-1000830-4,849-530-1830,carmen.guerrero.830@cliente.test
832,Rosa Sánchez Ortiz,Cedula,001-1000831-5,809-531-1831,rosa.sanchez.831@correo.com.do
833,Luis Torres Jiménez,Cedula,001-1000832-6,809-532-1832,luis.torres.832@email.do
834,Lucía Ortiz García,Cedula,001-1000833-7,849-533-1833,lucia.ortiz.833@vimenca-demo.local
835,Carmen Medina González,Cedula,001-1000834-8,849-534-1834,carmen.medina.834@vimenca-demo.local
836,Ana Peña Medina,Cedula,001-1000835-9,809-535-1835,ana.peña.835@vimenca-demo.local
837,José González Hernández,Cedula,001-1000836-1,809-536-1836,jose.gonzalez.836@email.do
838,Lucía Rojas Díaz,Cedula,001-1000837-2,829-537-1837,lucia.rojas.837@correo.com.do
839,Fernando Hernández Pérez,Cedula,001-1000838-3,829-538-1838,fernando.hernandez.838@vimenca-demo.local
840,Daniel González Sánchez,Cedula,001-1000839-4,849-539-1839,daniel.gonzalez.839@cliente.test
841,Isabella Vargas Gómez,Cedula,001-1000840-5,849-540-1840,isabella.vargas.840@email.do
842,Natalia Mendoza Cabrera,Cedula,001-1000841-6,809-541-1841,natalia.mendoza.841@vimenca-demo.local
843,Karina Guerrero Sánchez,Cedula,001-1000842-7,829-542-1842,karina.guerrero.842@cliente.test
844,Diana González Sánchez,Cedula,001-1000843-8,849-543-1843,diana.gonzalez.843@correo.com.do
845,Paola Cruz Rojas,Cedula,001-1000844-9,809-544-1844,paola.cruz.844@correo.com.do
846,Yolanda Gómez Peña,Cedula,001-1000845-1,849-545-1845,yolanda.gomez.845@email.do
847,Paola Pérez Peña,Cedula,001-1000846-2,809-546-1846,paola.perez.846@cliente.test
848,David Romero Martínez,Cedula,001-1000847-3,829-547-1847,david.romero.847@email.do
849,Daniel Sánchez Vargas,Cedula,001-1000848-4,849-548-1848,daniel.sanchez.848@correo.com.do
850,David Reyes García,Cedula,001-1000849-5,809-549-1849,david.reyes.849@vimenca-demo.local
851,Sofía Mendoza Martínez,Cedula,001-1000850-6,829-550-1850,sofia.mendoza.850@vimenca-demo.local
852,Rafael Romero García,Cedula,001-1000851-7,829-551-1851,rafael.romero.851@correo.com.do
853,Iván Romero Morales,Cedula,001-1000852-8,829-552-1852,ivan.romero.852@email.do
854,Isabella Cabrera Cruz,Cedula,001-1000853-9,849-553-1853,isabella.cabrera.853@vimenca-demo.local
855,Ricardo Pérez Guerrero,Cedula,001-1000854-1,849-554-1854,ricardo.perez.854@cliente.test
856,Patricia Sánchez Reyes,Cedula,001-1000855-2,809-555-1855,patricia.sanchez.855@correo.com.do
857,Diana García Gómez,Cedula,001-1000856-3,809-556-1856,diana.garcia.856@vimenca-demo.local
858,Miguel Gómez Sánchez,Cedula,001-1000857-4,809-557-1857,miguel.gomez.857@cliente.test
859,Miguel Ruiz Cabrera,Cedula,001-1000858-5,829-558-1858,miguel.ruiz.858@correo.com.do
860,Yolanda Jiménez Cabrera,Cedula,001-1000859-6,849-559-1859,yolanda.jimenez.859@cliente.test
861,José Morales Vargas,Cedula,001-1000860-7,849-560-1860,jose.morales.860@email.do
862,Óscar Sánchez Rodríguez,Cedula,001-1000861-8,829-561-1861,oscar.sanchez.861@correo.com.do
863,Laura Ramírez Morales,Cedula,001-1000862-9,849-562-1862,laura.ramirez.862@vimenca-demo.local
864,Diana Rivera Torres,Cedula,001-1000863-1,809-563-1863,diana.rivera.863@correo.com.do
865,Fernando Hernández Ruiz,Cedula,001-1000864-2,809-564-1864,fernando.hernandez.864@cliente.test
866,Luis Díaz García,Cedula,001-1000865-3,809-565-1865,luis.diaz.865@cliente.test
867,Diana Guerrero Castillo,Cedula,001-1000866-4,809-566-1866,diana.guerrero.866@cliente.test
868,Rafael García Ramírez,Cedula,001-1000867-5,849-567-1867,rafael.garcia.867@email.do
869,Diana Martínez Ortiz,Cedula,001-1000868-6,829-568-1868,diana.martinez.868@correo.com.do
870,Fernando Ortiz Ortiz,Cedula,001-1000869-7,809-569-1869,fernando.ortiz.869@vimenca-demo.local
871,Andrea Cruz Sánchez,Cedula,001-1000870-8,829-570-1870,andrea.cruz.870@vimenca-demo.local
872,Alejandro Sánchez Reyes,Cedula,001-1000871-9,829-571-1871,alejandro.sanchez.871@correo.com.do
873,Iván Reyes Flores,Cedula,001-1000872-1,829-572-1872,ivan.reyes.872@email.do
874,Paola Rodríguez González,Cedula,001-1000873-2,809-573-1873,paola.rodriguez.873@correo.com.do
875,Jorge Medina Ruiz,Cedula,001-1000874-3,849-574-1874,jorge.medina.874@cliente.test
876,Patricia Ruiz Rodríguez,Cedula,001-1000875-4,849-575-1875,patricia.ruiz.875@cliente.test
877,Héctor Ruiz Castillo,Cedula,001-1000876-5,849-576-1876,hector.ruiz.876@cliente.test
878,Sofía Ortiz Rivera,Cedula,001-1000877-6,829-577-1877,sofia.ortiz.877@correo.com.do
879,Carlos Gutiérrez Hernández,Cedula,001-1000878-7,809-578-1878,carlos.gutierrez.878@email.do
880,Iván Sánchez Sánchez,Cedula,001-1000879-8,809-579-1879,ivan.sanchez.879@email.do
881,Francisco Rodríguez Morales,Cedula,001-1000880-9,849-580-1880,francisco.rodriguez.880@correo.com.do
882,Óscar Ramírez Guerrero,Cedula,001-1000881-1,849-581-1881,oscar.ramirez.881@email.do
883,Valeria Gómez Peña,Cedula,001-1000882-2,809-582-1882,valeria.gomez.882@correo.com.do
884,Ricardo Ruiz Cruz,Cedula,001-1000883-3,829-583-1883,ricardo.ruiz.883@vimenca-demo.local
885,Lucía Reyes Peña,Cedula,001-1000884-4,849-584-1884,lucia.reyes.884@correo.com.do
886,Claudia Hernández Gutiérrez,Cedula,001-1000885-5,809-585-1885,claudia.hernandez.885@cliente.test
887,Héctor González González,Cedula,001-1000886-6,809-586-1886,hector.gonzalez.886@correo.com.do
888,Paola Alvarez Pérez,Cedula,001-1000887-7,849-587-1887,paola.alvarez.887@vimenca-demo.local
889,Jorge Cabrera Morales,Cedula,001-1000888-8,829-588-1888,jorge.cabrera.888@vimenca-demo.local
890,Isabella Hernández Jiménez,Cedula,001-1000889-9,809-589-1889,isabella.hernandez.889@cliente.test
891,Ana Flores Cruz,Cedula,001-1000890-1,849-590-1890,ana.flores.890@email.do
892,Yolanda Castillo Mendoza,Cedula,001-1000891-2,809-591-1891,yolanda.castillo.891@cliente.test
893,Fernando Cabrera Cabrera,Cedula,001-1000892-3,849-592-1892,fernando.cabrera.892@vimenca-demo.local
894,Sofía Rodríguez Romero,Cedula,001-1000893-4,829-593-1893,sofia.rodriguez.893@cliente.test
895,Alejandro García Gómez,Cedula,001-1000894-5,829-594-1894,alejandro.garcia.894@vimenca-demo.local
896,Elena Guerrero Ortiz,Cedula,001-1000895-6,809-595-1895,elena.guerrero.895@correo.com.do
897,Francisco Rivera Romero,Cedula,001-1000896-7,829-596-1896,francisco.rivera.896@cliente.test
898,Elena Romero Morales,Cedula,001-1000897-8,809-597-1897,elena.romero.897@correo.com.do
899,Iván Ramírez Peña,Cedula,001-1000898-9,849-598-1898,ivan.ramirez.898@cliente.test
900,Isabella Alvarez Gutiérrez,Cedula,001-1000899-1,809-599-1899,isabella.alvarez.899@vimenca-demo.local
901,Camila Medina Sánchez,Cedula,001-1000900-2,829-600-1900,camila.medina.900@correo.com.do
902,Camila Cruz González,Cedula,001-1000901-3,809-601-1901,camila.cruz.901@correo.com.do
903,Carmen Cabrera Guerrero,Cedula,001-1000902-4,809-602-1902,carmen.cabrera.902@email.do
904,Sofía Rodríguez Reyes,Cedula,001-1000903-5,829-603-1903,sofia.rodriguez.903@correo.com.do
905,Carmen Flores Díaz,Cedula,001-1000904-6,849-604-1904,carmen.flores.904@cliente.test
906,Fernando Vargas Peña,Cedula,001-1000905-7,849-605-1905,fernando.vargas.905@correo.com.do
907,José Torres Díaz,Cedula,001-1000906-8,849-606-1906,jose.torres.906@cliente.test
908,Iván Sánchez Rojas,Cedula,001-1000907-9,849-607-1907,ivan.sanchez.907@cliente.test
909,Natalia Díaz Díaz,Cedula,001-1000908-1,829-608-1908,natalia.diaz.908@email.do
910,Pedro Rivera García,Cedula,001-1000909-2,809-609-1909,pedro.rivera.909@cliente.test
911,María Rojas Hernández,Cedula,001-1000910-3,809-610-1910,maria.rojas.910@email.do
912,Patricia Castillo Ramírez,Cedula,001-1000911-4,849-611-1911,patricia.castillo.911@vimenca-demo.local
913,Héctor Gutiérrez García,Cedula,001-1000912-5,829-612-1912,hector.gutierrez.912@correo.com.do
914,Francisco Vargas Sánchez,Cedula,001-1000913-6,809-613-1913,francisco.vargas.913@correo.com.do
915,Valeria Jiménez Medina,Cedula,001-1000914-7,849-614-1914,valeria.jimenez.914@vimenca-demo.local
916,Elena Morales Cabrera,Cedula,001-1000915-8,829-615-1915,elena.morales.915@cliente.test
917,Pablo Flores Ramírez,Cedula,001-1000916-9,829-616-1916,pablo.flores.916@cliente.test
918,Lucía Guerrero Jiménez,Cedula,001-1000917-1,849-617-1917,lucia.guerrero.917@cliente.test
919,Rafael García Gutiérrez,Cedula,001-1000918-2,849-618-1918,rafael.garcia.918@vimenca-demo.local
920,Yolanda Jiménez Rivera,Cedula,001-1000919-3,849-619-1919,yolanda.jimenez.919@vimenca-demo.local
921,Rafael Ortiz Martínez,Cedula,001-1000920-4,829-620-1920,rafael.ortiz.920@vimenca-demo.local
922,Daniel Rojas Flores,Cedula,001-1000921-5,849-621-1921,daniel.rojas.921@vimenca-demo.local
923,Rosa Ramírez González,Cedula,001-1000922-6,809-622-1922,rosa.ramirez.922@email.do
924,Yolanda Cruz Castillo,Cedula,001-1000923-7,849-623-1923,yolanda.cruz.923@vimenca-demo.local
925,Francisco Romero García,Cedula,001-1000924-8,829-624-1924,francisco.romero.924@cliente.test
926,Valeria Peña Morales,Cedula,001-1000925-9,829-625-1925,valeria.peña.925@cliente.test
927,Carlos Hernández Mendoza,Cedula,001-1000926-1,829-626-1926,carlos.hernandez.926@email.do
928,Patricia Castillo Ruiz,Cedula,001-1000927-2,849-627-1927,patricia.castillo.927@cliente.test
929,Jorge Gutiérrez Rivera,Cedula,001-1000928-3,849-628-1928,jorge.gutierrez.928@email.do
930,Natalia Sánchez Rivera,Cedula,001-1000929-4,829-629-1929,natalia.sanchez.929@correo.com.do
931,Francisco Romero Flores,Cedula,001-1000930-5,849-630-1930,francisco.romero.930@email.do
932,David Vargas Martínez,Cedula,001-1000931-6,829-631-1931,david.vargas.931@email.do
933,Patricia Romero Rojas,Cedula,001-1000932-7,829-632-1932,patricia.romero.932@vimenca-demo.local
934,David Díaz Flores,Cedula,001-1000933-8,829-633-1933,david.diaz.933@vimenca-demo.local
935,Andrés Ortiz Rodríguez,Cedula,001-1000934-9,829-634-1934,andres.ortiz.934@correo.com.do
936,Carmen Gutiérrez Pérez,Cedula,001-1000935-1,849-635-1935,carmen.gutierrez.935@cliente.test
937,Rosa Morales Rodríguez,Cedula,001-1000936-2,809-636-1936,rosa.morales.936@email.do
938,Carmen Gómez Morales,Cedula,001-1000937-3,809-637-1937,carmen.gomez.937@cliente.test
939,Daniel Rojas Mendoza,Cedula,001-1000938-4,809-638-1938,daniel.rojas.938@email.do
940,Isabella Gómez Vargas,Cedula,001-1000939-5,829-639-1939,isabella.gomez.939@email.do
941,Luis García Reyes,Cedula,001-1000940-6,809-640-1940,luis.garcia.940@vimenca-demo.local
942,María Hernández Alvarez,Cedula,001-1000941-7,829-641-1941,maria.hernandez.941@email.do
943,Pedro González Jiménez,Cedula,001-1000942-8,849-642-1942,pedro.gonzalez.942@cliente.test
944,Óscar Cruz Morales,Cedula,001-1000943-9,829-643-1943,oscar.cruz.943@cliente.test
945,Juan Rodríguez Ruiz,Cedula,001-1000944-1,849-644-1944,juan.rodriguez.944@email.do
946,Alejandro García Cabrera,Cedula,001-1000945-2,849-645-1945,alejandro.garcia.945@vimenca-demo.local
947,Carmen García Castillo,Cedula,001-1000946-3,849-646-1946,carmen.garcia.946@correo.com.do
948,Sofía Torres Mendoza,Cedula,001-1000947-4,829-647-1947,sofia.torres.947@vimenca-demo.local
949,Francisco Pérez Cruz,Cedula,001-1000948-5,809-648-1948,francisco.perez.948@vimenca-demo.local
950,Miguel Guerrero Rodríguez,Cedula,001-1000949-6,829-649-1949,miguel.guerrero.949@vimenca-demo.local
951,Pablo Romero Gutiérrez,Cedula,001-1000950-7,829-650-1950,pablo.romero.950@vimenca-demo.local
952,Francisco Gómez Cabrera,Cedula,001-1000951-8,829-651-1951,francisco.gomez.951@cliente.test
953,Carmen Sánchez Peña,Cedula,001-1000952-9,809-652-1952,carmen.sanchez.952@cliente.test
954,Patricia Torres Romero,Cedula,001-1000953-1,809-653-1953,patricia.torres.953@email.do
955,José Hernández Gutiérrez,Cedula,001-1000954-2,809-654-1954,jose.hernandez.954@email.do
956,Alejandro Mendoza Vargas,Cedula,001-1000955-3,829-655-1955,alejandro.mendoza.955@correo.com.do
957,Valeria Alvarez Ruiz,Cedula,001-1000956-4,849-656-1956,valeria.alvarez.956@correo.com.do
958,Luis Castillo Pérez,Cedula,001-1000957-5,809-657-1957,luis.castillo.957@correo.com.do
959,Andrés Morales Reyes,Cedula,001-1000958-6,809-658-1958,andres.morales.958@cliente.test
960,Natalia Flores Ortiz,Cedula,001-1000959-7,809-659-1959,natalia.flores.959@email.do
961,Juan Rivera Morales,Cedula,001-1000960-8,849-660-1960,juan.rivera.960@correo.com.do
962,Lucía Flores Jiménez,Cedula,001-1000961-9,829-661-1961,lucia.flores.961@email.do
963,Rafael Gutiérrez Romero,Cedula,001-1000962-1,829-662-1962,rafael.gutierrez.962@correo.com.do
964,Andrés Medina Pérez,Cedula,001-1000963-2,809-663-1963,andres.medina.963@cliente.test
965,Yolanda Ramírez Alvarez,Cedula,001-1000964-3,849-664-1964,yolanda.ramirez.964@vimenca-demo.local
966,Carmen Díaz Mendoza,Cedula,001-1000965-4,829-665-1965,carmen.diaz.965@cliente.test
967,María Rodríguez Ruiz,Cedula,001-1000966-5,809-666-1966,maria.rodriguez.966@cliente.test
968,Gabriela Gómez Torres,Cedula,001-1000967-6,809-667-1967,gabriela.gomez.967@correo.com.do
969,Pedro Peña Pérez,Cedula,001-1000968-7,809-668-1968,pedro.peña.968@cliente.test
970,Pedro Alvarez Gutiérrez,Cedula,001-1000969-8,849-669-1969,pedro.alvarez.969@correo.com.do
971,Rafael Cabrera Flores,Cedula,001-1000970-9,829-670-1970,rafael.cabrera.970@email.do
972,Diana Flores Reyes,Cedula,001-1000971-1,809-671-1971,diana.flores.971@correo.com.do
973,Ana Rojas Rodríguez,Cedula,001-1000972-2,829-672-1972,ana.rojas.972@vimenca-demo.local
974,Daniel Morales Romero,Cedula,001-1000973-3,809-673-1973,daniel.morales.973@correo.com.do
975,Carlos García Rojas,Cedula,001-1000974-4,849-674-1974,carlos.garcia.974@email.do
976,María Gómez Díaz,Cedula,001-1000975-5,849-675-1975,maria.gomez.975@cliente.test
977,Elena Cabrera Romero,Cedula,001-1000976-6,829-676-1976,elena.cabrera.976@correo.com.do
978,David Sánchez Pérez,Cedula,001-1000977-7,829-677-1977,david.sanchez.977@cliente.test
979,Pablo Flores Guerrero,Cedula,001-1000978-8,849-678-1978,pablo.flores.978@cliente.test
980,Gabriela Medina Morales,Cedula,001-1000979-9,809-679-1979,gabriela.medina.979@email.do
981,Francisco Mendoza Romero,Cedula,001-1000980-1,809-680-1980,francisco.mendoza.980@correo.com.do
982,Rafael Morales Peña,Cedula,001-1000981-2,849-681-1981,rafael.morales.981@cliente.test
983,Iván Sánchez Jiménez,Cedula,001-1000982-3,829-682-1982,ivan.sanchez.982@cliente.test
984,Claudia García Rojas,Cedula,001-1000983-4,829-683-1983,claudia.garcia.983@email.do
985,Isabella Pérez Cabrera,Cedula,001-1000984-5,829-684-1984,isabella.perez.984@cliente.test
986,Carlos Martínez Flores,Cedula,001-1000985-6,809-685-1985,carlos.martinez.985@vimenca-demo.local
987,Lucía Alvarez Romero,Cedula,001-1000986-7,849-686-1986,lucia.alvarez.986@email.do
988,David Gutiérrez Gutiérrez,Cedula,001-1000987-8,829-687-1987,david.gutierrez.987@correo.com.do
989,Sofía Ortiz Díaz,Cedula,001-1000988-9,809-688-1988,sofia.ortiz.988@cliente.test
990,Natalia Cabrera Jiménez,Cedula,001-1000989-1,809-689-1989,natalia.cabrera.989@correo.com.do
991,María Gutiérrez Rojas,Cedula,001-1000990-2,829-690-1990,maria.gutierrez.990@cliente.test
992,María Martínez Alvarez,Cedula,001-1000991-3,829-691-1991,maria.martinez.991@cliente.test
993,Sofía Gómez Flores,Cedula,001-1000992-4,849-692-1992,sofia.gomez.992@correo.com.do
994,Patricia Ruiz Vargas,Cedula,001-1000993-5,829-693-1993,patricia.ruiz.993@cliente.test
995,Sofía Martínez Reyes,Cedula,001-1000994-6,849-694-1994,sofia.martinez.994@cliente.test
996,Iván Martínez Rojas,Cedula,001-1000995-7,829-695-1995,ivan.martinez.995@cliente.test
997,Daniel Pérez Ortiz,Cedula,001-1000996-8,809-696-1996,daniel.perez.996@correo.com.do
998,Fernando Morales Rodríguez,Cedula,001-1000997-9,809-697-1997,fernando.morales.997@correo.com.do
999,Yolanda Jiménez Vargas,Cedula,001-1000998-1,849-698-1998,yolanda.jimenez.998@vimenca-demo.local
1000,Natalia Ramírez Vargas,Cedula,001-1000999-2,829-699-1999,natalia.ramirez.999@cliente.test
1001,Alejandro Guerrero Rodríguez,Cedula,001-1001000-3,829-700-2000,alejandro.guerrero.1000@email.do
1002,David Ruiz Alvarez,Cedula,001-1001001-4,849-701-2001,david.ruiz.1001@cliente.test
1003,Alejandro Mendoza Reyes,Cedula,001-1001002-5,809-702-2002,alejandro.mendoza.1002@correo.com.do
1004,Patricia García Gómez,Cedula,001-1001003-6,849-703-2003,patricia.garcia.1003@vimenca-demo.local
1005,Diana Ruiz Gutiérrez,Cedula,001-1001004-7,849-704-2004,diana.ruiz.1004@vimenca-demo.local
1006,Rafael Rodríguez Cabrera,Cedula,001-1001005-8,829-705-2005,rafael.rodriguez.1005@email.do
1007,Francisco Guerrero Mendoza,Cedula,001-1001006-9,809-706-2006,francisco.guerrero.1006@cliente.test
1008,Valeria Jiménez Ramírez,Cedula,001-1001007-1,809-707-2007,valeria.jimenez.1007@email.do
1009,Fernando Ramírez Reyes,Cedula,001-1001008-2,849-708-2008,fernando.ramirez.1008@email.do
1010,David Pérez Alvarez,Cedula,001-1001009-3,809-709-2009,david.perez.1009@cliente.test
1011,Karina Pérez Alvarez,Cedula,001-1001010-4,829-710-2010,karina.perez.1010@cliente.test
1012,Karina Gutiérrez González,Cedula,001-1001011-5,809-711-2011,karina.gutierrez.1011@cliente.test
1013,Lucía Romero Rodríguez,Cedula,001-1001012-6,849-712-2012,lucia.romero.1012@cliente.test
1014,Gabriela Peña Gutiérrez,Cedula,001-1001013-7,849-713-2013,gabriela.peña.1013@email.do
1015,Karina Sánchez Romero,Cedula,001-1001014-8,809-714-2014,karina.sanchez.1014@email.do
1016,Ricardo Castillo Jiménez,Cedula,001-1001015-9,849-715-2015,ricardo.castillo.1015@vimenca-demo.local
1017,Ricardo Morales Jiménez,Cedula,001-1001016-1,829-716-2016,ricardo.morales.1016@email.do
1018,Fernando Gómez Rivera,Cedula,001-1001017-2,809-717-2017,fernando.gomez.1017@cliente.test
1019,Francisco Morales Jiménez,Cedula,001-1001018-3,849-718-2018,francisco.morales.1018@vimenca-demo.local
1020,Natalia Rojas Gómez,Cedula,001-1001019-4,809-719-2019,natalia.rojas.1019@email.do
1021,Laura Jiménez Mendoza,Cedula,001-1001020-5,849-720-2020,laura.jimenez.1020@vimenca-demo.local
1022,Jorge Peña Castillo,Cedula,001-1001021-6,849-721-2021,jorge.peña.1021@email.do
1023,Ana Gutiérrez Ruiz,Cedula,001-1001022-7,849-722-2022,ana.gutierrez.1022@vimenca-demo.local
1024,Andrés Alvarez Díaz,Cedula,001-1001023-8,849-723-2023,andres.alvarez.1023@cliente.test
1025,Paola Castillo Mendoza,Cedula,001-1001024-9,849-724-2024,paola.castillo.1024@cliente.test
1026,Andrea Rivera Cabrera,Cedula,001-1001025-1,809-725-2025,andrea.rivera.1025@cliente.test
1027,Lucía Pérez García,Cedula,001-1001026-2,809-726-2026,lucia.perez.1026@cliente.test
1028,Luis Castillo Rodríguez,Cedula,001-1001027-3,829-727-2027,luis.castillo.1027@email.do
1029,María Rivera Castillo,Cedula,001-1001028-4,809-728-2028,maria.rivera.1028@vimenca-demo.local
1030,Luis Mendoza Medina,Cedula,001-1001029-5,809-729-2029,luis.mendoza.1029@vimenca-demo.local
1031,Andrea Rodríguez Díaz,Cedula,001-1001030-6,809-730-2030,andrea.rodriguez.1030@cliente.test
1032,Claudia Rojas Castillo,Cedula,001-1001031-7,849-731-2031,claudia.rojas.1031@email.do
1033,Natalia Cruz Torres,Cedula,001-1001032-8,849-732-2032,natalia.cruz.1032@vimenca-demo.local
1034,Luis Peña Cruz,Cedula,001-1001033-9,829-733-2033,luis.peña.1033@cliente.test
1035,Daniel Ruiz Rodríguez,Cedula,001-1001034-1,849-734-2034,daniel.ruiz.1034@correo.com.do
1036,Valeria Ramírez Jiménez,Cedula,001-1001035-2,809-735-2035,valeria.ramirez.1035@cliente.test
1037,Alejandro Alvarez Hernández,Cedula,001-1001036-3,849-736-2036,alejandro.alvarez.1036@email.do
1038,Carmen Rivera Reyes,Cedula,001-1001037-4,849-737-2037,carmen.rivera.1037@email.do
1039,Miguel Sánchez Sánchez,Cedula,001-1001038-5,829-738-2038,miguel.sanchez.1038@correo.com.do
1040,Carlos Morales Flores,Cedula,001-1001039-6,809-739-2039,carlos.morales.1039@vimenca-demo.local
1041,María Hernández Rojas,Cedula,001-1001040-7,809-740-2040,maria.hernandez.1040@vimenca-demo.local
1042,David Reyes Mendoza,Cedula,001-1001041-8,809-741-2041,david.reyes.1041@email.do
1043,Manuel Peña Gómez,Cedula,001-1001042-9,849-742-2042,manuel.peña.1042@correo.com.do
1044,Claudia Guerrero Castillo,Cedula,001-1001043-1,829-743-2043,claudia.guerrero.1043@vimenca-demo.local
1045,Paola Ruiz Díaz,Cedula,001-1001044-2,849-744-2044,paola.ruiz.1044@correo.com.do
1046,Daniel Gutiérrez Torres,Cedula,001-1001045-3,849-745-2045,daniel.gutierrez.1045@email.do
1047,Miguel Medina Gutiérrez,Cedula,001-1001046-4,829-746-2046,miguel.medina.1046@email.do
1048,Andrea Ruiz Cruz,Cedula,001-1001047-5,829-747-2047,andrea.ruiz.1047@correo.com.do
1049,Patricia Cabrera Ramírez,Cedula,001-1001048-6,829-748-2048,patricia.cabrera.1048@vimenca-demo.local
1050,Alejandro Rivera Ramírez,Cedula,001-1001049-7,849-749-2049,alejandro.rivera.1049@cliente.test
1051,Juan Pérez Castillo,Cedula,001-1001050-8,829-750-2050,juan.perez.1050@vimenca-demo.local
1052,Sofía Cabrera Vargas,Cedula,001-1001051-9,809-751-2051,sofia.cabrera.1051@email.do
1053,Daniel Cruz Peña,Cedula,001-1001052-1,829-752-2052,daniel.cruz.1052@correo.com.do
1054,Valeria Ruiz Romero,Cedula,001-1001053-2,809-753-2053,valeria.ruiz.1053@vimenca-demo.local
1055,Lucía Guerrero Alvarez,Cedula,001-1001054-3,849-754-2054,lucia.guerrero.1054@vimenca-demo.local
1056,Camila Reyes Ortiz,Cedula,001-1001055-4,829-755-2055,camila.reyes.1055@correo.com.do
1057,Carmen Gómez Gutiérrez,Cedula,001-1001056-5,809-756-2056,carmen.gomez.1056@correo.com.do
1058,María Alvarez Ruiz,Cedula,001-1001057-6,849-757-2057,maria.alvarez.1057@correo.com.do
1059,Miguel Ramírez Castillo,Cedula,001-1001058-7,849-758-2058,miguel.ramirez.1058@email.do
1060,Óscar Guerrero Pérez,Cedula,001-1001059-8,849-759-2059,oscar.guerrero.1059@email.do
1061,Óscar Vargas Guerrero,Cedula,001-1001060-9,849-760-2060,oscar.vargas.1060@correo.com.do
1062,Manuel García Reyes,Cedula,001-1001061-1,809-761-2061,manuel.garcia.1061@vimenca-demo.local
1063,Pedro Martínez Rodríguez,Cedula,001-1001062-2,829-762-2062,pedro.martinez.1062@email.do
1064,Natalia Martínez Hernández,Cedula,001-1001063-3,829-763-2063,natalia.martinez.1063@email.do
1065,Héctor Cruz Reyes,Cedula,001-1001064-4,829-764-2064,hector.cruz.1064@cliente.test
1066,Daniel García Cruz,Cedula,001-1001065-5,849-765-2065,daniel.garcia.1065@correo.com.do
1067,Juan Vargas Romero,Cedula,001-1001066-6,849-766-2066,juan.vargas.1066@correo.com.do
1068,Karina Rodríguez Mendoza,Cedula,001-1001067-7,829-767-2067,karina.rodriguez.1067@correo.com.do
1069,Camila Pérez Rivera,Cedula,001-1001068-8,849-768-2068,camila.perez.1068@vimenca-demo.local
1070,Pedro Rivera Alvarez,Cedula,001-1001069-9,829-769-2069,pedro.rivera.1069@cliente.test
1071,Fernando Guerrero Castillo,Cedula,001-1001070-1,829-770-2070,fernando.guerrero.1070@correo.com.do
1072,María Ruiz Torres,Cedula,001-1001071-2,849-771-2071,maria.ruiz.1071@email.do
1073,Fernando Medina Medina,Cedula,001-1001072-3,849-772-2072,fernando.medina.1072@vimenca-demo.local
1074,Manuel Rivera Castillo,Cedula,001-1001073-4,809-773-2073,manuel.rivera.1073@vimenca-demo.local
1075,Natalia Rojas Ruiz,Cedula,001-1001074-5,809-774-2074,natalia.rojas.1074@email.do
1076,Carlos García Hernández,Cedula,001-1001075-6,849-775-2075,carlos.garcia.1075@cliente.test
1077,Natalia Martínez Rivera,Cedula,001-1001076-7,849-776-2076,natalia.martinez.1076@email.do
1078,Jorge Ramírez Morales,Cedula,001-1001077-8,809-777-2077,jorge.ramirez.1077@email.do
1079,Ana Torres Jiménez,Cedula,001-1001078-9,809-778-2078,ana.torres.1078@vimenca-demo.local
1080,Andrés Sánchez Castillo,Cedula,001-1001079-1,849-779-2079,andres.sanchez.1079@correo.com.do
1081,Pablo Vargas Ruiz,Cedula,001-1001080-2,829-780-2080,pablo.vargas.1080@correo.com.do
1082,Miguel Flores Pérez,Cedula,001-1001081-3,849-781-2081,miguel.flores.1081@email.do
1083,Karina Ortiz Gómez,Cedula,001-1001082-4,809-782-2082,karina.ortiz.1082@vimenca-demo.local
1084,Sofía Pérez Rivera,Cedula,001-1001083-5,809-783-2083,sofia.perez.1083@correo.com.do
1085,Daniel Ortiz Reyes,Cedula,001-1001084-6,849-784-2084,daniel.ortiz.1084@vimenca-demo.local
1086,Rosa Mendoza Hernández,Cedula,001-1001085-7,849-785-2085,rosa.mendoza.1085@email.do
1087,Paola Díaz Medina,Cedula,001-1001086-8,829-786-2086,paola.diaz.1086@vimenca-demo.local
1088,María García Gómez,Cedula,001-1001087-9,809-787-2087,maria.garcia.1087@email.do
1089,Óscar Flores Guerrero,Cedula,001-1001088-1,809-788-2088,oscar.flores.1088@vimenca-demo.local
1090,David Cabrera Ortiz,Cedula,001-1001089-2,829-789-2089,david.cabrera.1089@cliente.test
1091,Jorge Alvarez Rivera,Cedula,001-1001090-3,849-790-2090,jorge.alvarez.1090@cliente.test
1092,Rafael Sánchez Vargas,Cedula,001-1001091-4,829-791-2091,rafael.sanchez.1091@correo.com.do
1093,Francisco Cabrera Ruiz,Cedula,001-1001092-5,829-792-2092,francisco.cabrera.1092@email.do
1094,Miguel Romero Martínez,Cedula,001-1001093-6,849-793-2093,miguel.romero.1093@correo.com.do
1095,José Guerrero Hernández,Cedula,001-1001094-7,849-794-2094,jose.guerrero.1094@cliente.test
1096,Laura Peña Rodríguez,Cedula,001-1001095-8,849-795-2095,laura.peña.1095@vimenca-demo.local
1097,Andrea Ortiz Vargas,Cedula,001-1001096-9,829-796-2096,andrea.ortiz.1096@email.do
1098,Fernando Torres Cabrera,Cedula,001-1001097-1,809-797-2097,fernando.torres.1097@vimenca-demo.local
1099,Pablo Gutiérrez Gutiérrez,Cedula,001-1001098-2,829-798-2098,pablo.gutierrez.1098@correo.com.do
1100,Alejandro Gutiérrez García,Cedula,001-1001099-3,849-799-2099,alejandro.gutierrez.1099@email.do
1101,María Alvarez Gutiérrez,Cedula,001-1001100-4,829-800-2100,maria.alvarez.1100@email.do
1102,María Sánchez Hernández,Cedula,001-1001101-5,849-801-2101,maria.sanchez.1101@email.do
1103,Gabriela Díaz Rodríguez,Cedula,001-1001102-6,829-802-2102,gabriela.diaz.1102@email.do
1104,Patricia Martínez Flores,Cedula,001-1001103-7,809-803-2103,patricia.martinez.1103@vimenca-demo.local
1105,Carlos Castillo Ramírez,Cedula,001-1001104-8,829-804-2104,carlos.castillo.1104@vimenca-demo.local
1106,Gabriela Peña Reyes,Cedula,001-1001105-9,809-805-2105,gabriela.peña.1105@correo.com.do
1107,Daniel Pérez Mendoza,Cedula,001-1001106-1,849-806-2106,daniel.perez.1106@vimenca-demo.local
1108,Valeria Hernández Ruiz,Cedula,001-1001107-2,829-807-2107,valeria.hernandez.1107@email.do
1109,Ricardo Díaz Hernández,Cedula,001-1001108-3,849-808-2108,ricardo.diaz.1108@correo.com.do
1110,Valeria Cruz Peña,Cedula,001-1001109-4,849-809-2109,valeria.cruz.1109@email.do
1111,Fernando Díaz Guerrero,Cedula,001-1001110-5,829-810-2110,fernando.diaz.1110@vimenca-demo.local
1112,Gabriela Cabrera Jiménez,Cedula,001-1001111-6,849-811-2111,gabriela.cabrera.1111@correo.com.do
1113,Francisco Reyes Sánchez,Cedula,001-1001112-7,809-812-2112,francisco.reyes.1112@email.do
1114,Camila Vargas Flores,Cedula,001-1001113-8,809-813-2113,camila.vargas.1113@email.do
1115,Ana Sánchez Díaz,Cedula,001-1001114-9,849-814-2114,ana.sanchez.1114@correo.com.do
1116,Patricia Morales Medina,Cedula,001-1001115-1,849-815-2115,patricia.morales.1115@vimenca-demo.local
1117,Andrés Ortiz Castillo,Cedula,001-1001116-2,829-816-2116,andres.ortiz.1116@cliente.test
1118,Laura Hernández Sánchez,Cedula,001-1001117-3,809-817-2117,laura.hernandez.1117@cliente.test
1119,Sofía Rodríguez González,Cedula,001-1001118-4,809-818-2118,sofia.rodriguez.1118@email.do
1120,Camila Rodríguez Cabrera,Cedula,001-1001119-5,809-819-2119,camila.rodriguez.1119@email.do
1121,María Flores Peña,Cedula,001-1001120-6,849-820-2120,maria.flores.1120@email.do
1122,Fernando Jiménez Hernández,Cedula,001-1001121-7,849-821-2121,fernando.jimenez.1121@correo.com.do
1123,Diana Martínez Ramírez,Cedula,001-1001122-8,849-822-2122,diana.martinez.1122@cliente.test
1124,Gabriela Rojas Ortiz,Cedula,001-1001123-9,809-823-2123,gabriela.rojas.1123@email.do
1125,Héctor Jiménez González,Cedula,001-1001124-1,849-824-2124,hector.jimenez.1124@email.do
1126,Camila Flores Sánchez,Cedula,001-1001125-2,829-825-2125,camila.flores.1125@vimenca-demo.local
1127,Yolanda Hernández Martínez,Cedula,001-1001126-3,829-826-2126,yolanda.hernandez.1126@email.do
1128,Ricardo González Pérez,Cedula,001-1001127-4,809-827-2127,ricardo.gonzalez.1127@correo.com.do
1129,Lucía Rojas Peña,Cedula,001-1001128-5,809-828-2128,lucia.rojas.1128@cliente.test
1130,Yolanda Pérez Sánchez,Cedula,001-1001129-6,849-829-2129,yolanda.perez.1129@cliente.test
1131,Yolanda Rodríguez Cabrera,Cedula,001-1001130-7,809-830-2130,yolanda.rodriguez.1130@correo.com.do
1132,Gabriela Castillo González,Cedula,001-1001131-8,849-831-2131,gabriela.castillo.1131@correo.com.do
1133,Óscar Gutiérrez Morales,Cedula,001-1001132-9,809-832-2132,oscar.gutierrez.1132@vimenca-demo.local
1134,Lucía Morales Torres,Cedula,001-1001133-1,829-833-2133,lucia.morales.1133@cliente.test
1135,Jorge Hernández Medina,Cedula,001-1001134-2,829-834-2134,jorge.hernandez.1134@correo.com.do
1136,Francisco Flores Ortiz,Cedula,001-1001135-3,809-835-2135,francisco.flores.1135@email.do
1137,Diana Jiménez Cabrera,Cedula,001-1001136-4,829-836-2136,diana.jimenez.1136@cliente.test
1138,Carmen García Mendoza,Cedula,001-1001137-5,849-837-2137,carmen.garcia.1137@correo.com.do
1139,Lucía Pérez Gutiérrez,Cedula,001-1001138-6,829-838-2138,lucia.perez.1138@correo.com.do
1140,Laura Mendoza Medina,Cedula,001-1001139-7,829-839-2139,laura.mendoza.1139@vimenca-demo.local
1141,Alejandro Pérez González,Cedula,001-1001140-8,849-840-2140,alejandro.perez.1140@cliente.test
1142,Karina Flores Flores,Cedula,001-1001141-9,849-841-2141,karina.flores.1141@cliente.test
1143,Alejandro Jiménez Flores,Cedula,001-1001142-1,809-842-2142,alejandro.jimenez.1142@cliente.test
1144,Héctor Ruiz Medina,Cedula,001-1001143-2,809-843-2143,hector.ruiz.1143@cliente.test
1145,Alejandro Ruiz Ruiz,Cedula,001-1001144-3,829-844-2144,alejandro.ruiz.1144@cliente.test
1146,Rosa Hernández Díaz,Cedula,001-1001145-4,849-845-2145,rosa.hernandez.1145@cliente.test
1147,Francisco Rojas Rojas,Cedula,001-1001146-5,849-846-2146,francisco.rojas.1146@correo.com.do
1148,Patricia Reyes Medina,Cedula,001-1001147-6,809-847-2147,patricia.reyes.1147@email.do
1149,Laura Gutiérrez Cruz,Cedula,001-1001148-7,849-848-2148,laura.gutierrez.1148@vimenca-demo.local
1150,Claudia Mendoza Castillo,Cedula,001-1001149-8,809-849-2149,claudia.mendoza.1149@correo.com.do
1151,Ricardo Vargas García,Cedula,001-1001150-9,809-850-2150,ricardo.vargas.1150@correo.com.do
1152,Gabriela Peña Jiménez,Cedula,001-1001151-1,809-851-2151,gabriela.peña.1151@cliente.test
1153,Miguel Flores Torres,Cedula,001-1001152-2,809-852-2152,miguel.flores.1152@vimenca-demo.local
1154,Yolanda Rodríguez Romero,Cedula,001-1001153-3,829-853-2153,yolanda.rodriguez.1153@cliente.test
1155,Claudia Vargas Gutiérrez,Cedula,001-1001154-4,849-854-2154,claudia.vargas.1154@vimenca-demo.local
1156,Yolanda Rodríguez Alvarez,Cedula,001-1001155-5,849-855-2155,yolanda.rodriguez.1155@email.do
1157,Isabella Reyes García,Cedula,001-1001156-6,849-856-2156,isabella.reyes.1156@email.do
1158,Lucía Rivera Ramírez,Cedula,001-1001157-7,849-857-2157,lucia.rivera.1157@correo.com.do
1159,Camila Gutiérrez Mendoza,Cedula,001-1001158-8,849-858-2158,camila.gutierrez.1158@email.do
1160,María Castillo Rodríguez,Cedula,001-1001159-9,809-859-2159,maria.castillo.1159@vimenca-demo.local
1161,Juan Sánchez Martínez,Cedula,001-1001160-1,829-860-2160,juan.sanchez.1160@vimenca-demo.local
1162,Jorge Castillo Cruz,Cedula,001-1001161-2,849-861-2161,jorge.castillo.1161@cliente.test
1163,Carmen Gutiérrez García,Cedula,001-1001162-3,809-862-2162,carmen.gutierrez.1162@correo.com.do
1164,Natalia Rivera Romero,Cedula,001-1001163-4,829-863-2163,natalia.rivera.1163@vimenca-demo.local
1165,Elena Torres Jiménez,Cedula,001-1001164-5,829-864-2164,elena.torres.1164@email.do
1166,Fernando Hernández García,Cedula,001-1001165-6,809-865-2165,fernando.hernandez.1165@vimenca-demo.local
1167,Héctor Gutiérrez Pérez,Cedula,001-1001166-7,849-866-2166,hector.gutierrez.1166@correo.com.do
1168,Diana Gómez Pérez,Cedula,001-1001167-8,849-867-2167,diana.gomez.1167@vimenca-demo.local
1169,Paola Flores Mendoza,Cedula,001-1001168-9,829-868-2168,paola.flores.1168@cliente.test
1170,Paola Ortiz Alvarez,Cedula,001-1001169-1,829-869-2169,paola.ortiz.1169@email.do
1171,Pablo Castillo Reyes,Cedula,001-1001170-2,829-870-2170,pablo.castillo.1170@correo.com.do
1172,Andrés Flores Martínez,Cedula,001-1001171-3,849-871-2171,andres.flores.1171@cliente.test
1173,Patricia Castillo Mendoza,Cedula,001-1001172-4,829-872-2172,patricia.castillo.1172@email.do
1174,Díaz & Gutiérrez SRL,RNC,1300001173,849-873-2173,hector.diaz.1173@correo.com.do
1175,Valeria Torres Rivera,Cedula,001-1001174-6,829-874-2174,valeria.torres.1174@correo.com.do
1176,David Martínez Ruiz,Cedula,001-1001175-7,829-875-2175,david.martinez.1175@email.do
1177,Daniel Díaz Ramírez,Cedula,001-1001176-8,809-876-2176,daniel.diaz.1176@vimenca-demo.local
1178,Carmen Ortiz Romero,Cedula,001-1001177-9,809-877-2177,carmen.ortiz.1177@email.do
1179,Sofía Rojas Flores,Cedula,001-1001178-1,809-878-2178,sofia.rojas.1178@email.do
1180,Carmen Guerrero Torres,Cedula,001-1001179-2,809-879-2179,carmen.guerrero.1179@vimenca-demo.local
1181,Rafael Pérez Peña,Cedula,001-1001180-3,849-880-2180,rafael.perez.1180@correo.com.do
1182,Isabella Jiménez García,Cedula,001-1001181-4,829-881-2181,isabella.jimenez.1181@correo.com.do
1183,Alejandro Jiménez Gómez,Cedula,001-1001182-5,849-882-2182,alejandro.jimenez.1182@cliente.test
1184,Elena Ortiz Sánchez,Cedula,001-1001183-6,829-883-2183,elena.ortiz.1183@vimenca-demo.local
1185,Patricia Alvarez Hernández,Cedula,001-1001184-7,809-884-2184,patricia.alvarez.1184@email.do
1186,Lucía Medina Morales,Cedula,001-1001185-8,849-885-2185,lucia.medina.1185@cliente.test
1187,Carlos Gutiérrez Díaz,Cedula,001-1001186-9,849-886-2186,carlos.gutierrez.1186@cliente.test
1188,Ana Reyes Pérez,Cedula,001-1001187-1,829-887-2187,ana.reyes.1187@cliente.test
1189,Juan García Castillo,Cedula,001-1001188-2,829-888-2188,juan.garcia.1188@email.do
1190,Karina Pérez Gómez,Cedula,001-1001189-3,849-889-2189,karina.perez.1189@vimenca-demo.local
1191,Valeria Sánchez Ruiz,Cedula,001-1001190-4,809-890-2190,valeria.sanchez.1190@vimenca-demo.local
1192,Elena Ortiz Jiménez,Cedula,001-1001191-5,829-891-2191,elena.ortiz.1191@vimenca-demo.local
1193,Ana Ortiz Morales,Cedula,001-1001192-6,829-892-2192,ana.ortiz.1192@email.do
1194,Alejandro Díaz Rojas,Cedula,001-1001193-7,829-893-2193,alejandro.diaz.1193@cliente.test
1195,Iván Sánchez Hernández,Cedula,001-1001194-8,849-894-2194,ivan.sanchez.1194@email.do
1196,Patricia Guerrero Pérez,Cedula,001-1001195-9,809-895-2195,patricia.guerrero.1195@vimenca-demo.local
1197,Natalia Morales Rojas,Cedula,001-1001196-1,809-896-2196,natalia.morales.1196@cliente.test
1198,Manuel Medina Romero,Cedula,001-1001197-2,829-897-2197,manuel.medina.1197@email.do
1199,Juan Sánchez Morales,Cedula,001-1001198-3,809-898-2198,juan.sanchez.1198@cliente.test
1200,Lucía Ruiz Romero,Cedula,001-1001199-4,829-899-2199,lucia.ruiz.1199@vimenca-demo.local
1201,Rosa Flores Ruiz,Cedula,001-1001200-5,829-500-2200,rosa.flores.1200@correo.com.do
1202,Rafael Mendoza Sánchez,Cedula,001-1001201-6,809-501-2201,rafael.mendoza.1201@correo.com.do
1203,Valeria Ortiz Guerrero,Cedula,001-1001202-7,829-502-2202,valeria.ortiz.1202@correo.com.do
1204,David Flores Díaz,Cedula,001-1001203-8,849-503-2203,david.flores.1203@vimenca-demo.local
1205,Natalia Peña Medina,Cedula,001-1001204-9,829-504-2204,natalia.peña.1204@vimenca-demo.local
1206,José Morales Pérez,Cedula,001-1001205-1,849-505-2205,jose.morales.1205@vimenca-demo.local
1207,Yolanda Ramírez Hernández,Cedula,001-1001206-2,829-506-2206,yolanda.ramirez.1206@email.do
1208,Jorge Gómez Castillo,Cedula,001-1001207-3,849-507-2207,jorge.gomez.1207@cliente.test
1209,Iván Cabrera Martínez,Cedula,001-1001208-4,849-508-2208,ivan.cabrera.1208@cliente.test
1210,Diana Reyes Vargas,Cedula,001-1001209-5,809-509-2209,diana.reyes.1209@email.do
1211,David Morales Vargas,Cedula,001-1001210-6,809-510-2210,david.morales.1210@cliente.test
1212,Pedro Sánchez Gómez,Cedula,001-1001211-7,829-511-2211,pedro.sanchez.1211@email.do
1213,Daniel Vargas Rivera,Cedula,001-1001212-8,849-512-2212,daniel.vargas.1212@vimenca-demo.local
1214,Fernando Flores Cabrera,Cedula,001-1001213-9,829-513-2213,fernando.flores.1213@cliente.test
1215,Karina Gutiérrez Reyes,Cedula,001-1001214-1,809-514-2214,karina.gutierrez.1214@cliente.test
1216,Ana Rojas García,Cedula,001-1001215-2,849-515-2215,ana.rojas.1215@email.do
1217,Sofía Castillo Flores,Cedula,001-1001216-3,809-516-2216,sofia.castillo.1216@correo.com.do
1218,María Cruz Pérez,Cedula,001-1001217-4,809-517-2217,maria.cruz.1217@correo.com.do
1219,Gabriela Ruiz Rodríguez,Cedula,001-1001218-5,829-518-2218,gabriela.ruiz.1218@correo.com.do
1220,Lucía Alvarez Martínez,Cedula,001-1001219-6,829-519-2219,lucia.alvarez.1219@correo.com.do
1221,Claudia González Martínez,Cedula,001-1001220-7,829-520-2220,claudia.gonzalez.1220@cliente.test
1222,Patricia Torres Romero,Cedula,001-1001221-8,829-521-2221,patricia.torres.1221@vimenca-demo.local
1223,Francisco González Gutiérrez,Cedula,001-1001222-9,809-522-2222,francisco.gonzalez.1222@email.do
1224,Carlos Castillo Díaz,Cedula,001-1001223-1,829-523-2223,carlos.castillo.1223@vimenca-demo.local
1225,Pablo Rojas Ruiz,Cedula,001-1001224-2,849-524-2224,pablo.rojas.1224@vimenca-demo.local
1226,Iván González Mendoza,Cedula,001-1001225-3,849-525-2225,ivan.gonzalez.1225@email.do
1227,Yolanda Reyes Vargas,Cedula,001-1001226-4,849-526-2226,yolanda.reyes.1226@cliente.test
1228,Andrea Rivera Peña,Cedula,001-1001227-5,829-527-2227,andrea.rivera.1227@vimenca-demo.local
1229,Andrea Torres Medina,Cedula,001-1001228-6,829-528-2228,andrea.torres.1228@correo.com.do
1230,Rosa Díaz Morales,Cedula,001-1001229-7,809-529-2229,rosa.diaz.1229@vimenca-demo.local
1231,Rosa García García,Cedula,001-1001230-8,829-530-2230,rosa.garcia.1230@email.do
1232,Diana Ortiz Ruiz,Cedula,001-1001231-9,849-531-2231,diana.ortiz.1231@correo.com.do
1233,Isabella Alvarez Ortiz,Cedula,001-1001232-1,809-532-2232,isabella.alvarez.1232@vimenca-demo.local
1234,Óscar Medina Rivera,Cedula,001-1001233-2,809-533-2233,oscar.medina.1233@email.do
1235,Natalia Díaz Ramírez,Cedula,001-1001234-3,849-534-2234,natalia.diaz.1234@cliente.test
1236,Óscar Cruz Torres,Cedula,001-1001235-4,849-535-2235,oscar.cruz.1235@email.do
1237,Ricardo Guerrero Cruz,Cedula,001-1001236-5,829-536-2236,ricardo.guerrero.1236@email.do
1238,Pedro Morales Vargas,Cedula,001-1001237-6,849-537-2237,pedro.morales.1237@email.do
1239,Claudia Medina Mendoza,Cedula,001-1001238-7,829-538-2238,claudia.medina.1238@vimenca-demo.local
1240,Andrea Medina Flores,Cedula,001-1001239-8,809-539-2239,andrea.medina.1239@cliente.test
1241,Miguel Sánchez González,Cedula,001-1001240-9,809-540-2240,miguel.sanchez.1240@vimenca-demo.local
1242,Pablo Jiménez Reyes,Cedula,001-1001241-1,849-541-2241,pablo.jimenez.1241@vimenca-demo.local
1243,Claudia Ortiz Ramírez,Cedula,001-1001242-2,809-542-2242,claudia.ortiz.1242@vimenca-demo.local
1244,Manuel Rodríguez Ruiz,Cedula,001-1001243-3,809-543-2243,manuel.rodriguez.1243@correo.com.do
1245,Rafael Rivera Flores,Cedula,001-1001244-4,849-544-2244,rafael.rivera.1244@email.do
1246,Iván Romero García,Cedula,001-1001245-5,809-545-2245,ivan.romero.1245@email.do
1247,Manuel García Ortiz,Cedula,001-1001246-6,829-546-2246,manuel.garcia.1246@email.do
1248,Héctor Rivera Medina,Cedula,001-1001247-7,829-547-2247,hector.rivera.1247@cliente.test
1249,Pablo Mendoza Medina,Cedula,001-1001248-8,829-548-2248,pablo.mendoza.1248@correo.com.do
1250,Pedro Guerrero Alvarez,Cedula,001-1001249-9,809-549-2249,pedro.guerrero.1249@email.do
1251,Elena Alvarez Cruz,Cedula,001-1001250-1,849-550-2250,elena.alvarez.1250@correo.com.do
1252,Gabriela Sánchez Ramírez,Cedula,001-1001251-2,829-551-2251,gabriela.sanchez.1251@vimenca-demo.local
1253,Juan Pérez Alvarez,Cedula,001-1001252-3,829-552-2252,juan.perez.1252@email.do
1254,Iván Torres Romero,Cedula,001-1001253-4,809-553-2253,ivan.torres.1253@correo.com.do
1255,Pablo Romero Alvarez,Cedula,001-1001254-5,849-554-2254,pablo.romero.1254@correo.com.do
1256,Laura Ortiz Cruz,Cedula,001-1001255-6,829-555-2255,laura.ortiz.1255@vimenca-demo.local
1257,María Vargas Romero,Cedula,001-1001256-7,849-556-2256,maria.vargas.1256@correo.com.do
1258,Natalia Gutiérrez Pérez,Cedula,001-1001257-8,829-557-2257,natalia.gutierrez.1257@vimenca-demo.local
1259,Rosa Ramírez Díaz,Cedula,001-1001258-9,849-558-2258,rosa.ramirez.1258@correo.com.do
1260,Laura Pérez Torres,Cedula,001-1001259-1,829-559-2259,laura.perez.1259@cliente.test
1261,Juan Sánchez Medina,Cedula,001-1001260-2,849-560-2260,juan.sanchez.1260@vimenca-demo.local
1262,Andrés Cruz Medina,Cedula,001-1001261-3,809-561-2261,andres.cruz.1261@email.do
1263,Carlos Hernández Medina,Cedula,001-1001262-4,849-562-2262,carlos.hernandez.1262@cliente.test
1264,Yolanda González Díaz,Cedula,001-1001263-5,809-563-2263,yolanda.gonzalez.1263@correo.com.do
1265,María Ortiz Martínez,Cedula,001-1001264-6,849-564-2264,maria.ortiz.1264@vimenca-demo.local
1266,Luis Rodríguez Díaz,Cedula,001-1001265-7,849-565-2265,luis.rodriguez.1265@email.do
1267,Andrea Medina Pérez,Cedula,001-1001266-8,829-566-2266,andrea.medina.1266@email.do
1268,Patricia Gómez Ruiz,Cedula,001-1001267-9,829-567-2267,patricia.gomez.1267@vimenca-demo.local
1269,Carmen García Mendoza,Cedula,001-1001268-1,829-568-2268,carmen.garcia.1268@cliente.test
1270,Francisco Flores Cabrera,Cedula,001-1001269-2,829-569-2269,francisco.flores.1269@correo.com.do
1271,Iván Ruiz Rivera,Cedula,001-1001270-3,809-570-2270,ivan.ruiz.1270@cliente.test
1272,Paola Sánchez Ruiz,Cedula,001-1001271-4,829-571-2271,paola.sanchez.1271@vimenca-demo.local
1273,Pablo Flores Rojas,Cedula,001-1001272-5,809-572-2272,pablo.flores.1272@email.do
1274,Lucía González Reyes,Cedula,001-1001273-6,829-573-2273,lucia.gonzalez.1273@vimenca-demo.local
1275,Andrea Díaz Reyes,Cedula,001-1001274-7,849-574-2274,andrea.diaz.1274@correo.com.do
1276,Camila Cruz Romero,Cedula,001-1001275-8,809-575-2275,camila.cruz.1275@email.do
1277,Claudia Rojas Díaz,Cedula,001-1001276-9,829-576-2276,claudia.rojas.1276@email.do
1278,Miguel Castillo Ruiz,Cedula,001-1001277-1,809-577-2277,miguel.castillo.1277@cliente.test
1279,Lucía Castillo Ortiz,Cedula,001-1001278-2,849-578-2278,lucia.castillo.1278@email.do
1280,Diana Gómez Morales,Cedula,001-1001279-3,809-579-2279,diana.gomez.1279@vimenca-demo.local
1281,Rafael Gutiérrez Castillo,Cedula,001-1001280-4,809-580-2280,rafael.gutierrez.1280@correo.com.do
1282,Francisco Sánchez Rojas,Cedula,001-1001281-5,809-581-2281,francisco.sanchez.1281@correo.com.do
1283,Rafael Ortiz Ramírez,Cedula,001-1001282-6,809-582-2282,rafael.ortiz.1282@correo.com.do
1284,Paola Vargas Guerrero,Cedula,001-1001283-7,849-583-2283,paola.vargas.1283@cliente.test
1285,Isabella Gutiérrez Jiménez,Cedula,001-1001284-8,809-584-2284,isabella.gutierrez.1284@vimenca-demo.local
1286,Alejandro Torres Jiménez,Cedula,001-1001285-9,809-585-2285,alejandro.torres.1285@correo.com.do
1287,Laura Vargas Ortiz,Cedula,001-1001286-1,829-586-2286,laura.vargas.1286@correo.com.do
1288,Luis Díaz Ruiz,Cedula,001-1001287-2,829-587-2287,luis.diaz.1287@cliente.test
1289,Luis Guerrero Jiménez,Cedula,001-1001288-3,849-588-2288,luis.guerrero.1288@vimenca-demo.local
1290,Carlos Romero Martínez,Cedula,001-1001289-4,809-589-2289,carlos.romero.1289@vimenca-demo.local
1291,Laura Gutiérrez Pérez,Cedula,001-1001290-5,849-590-2290,laura.gutierrez.1290@correo.com.do
1292,Patricia Ruiz Cruz,Cedula,001-1001291-6,809-591-2291,patricia.ruiz.1291@email.do
1293,Lucía Castillo Torres,Cedula,001-1001292-7,849-592-2292,lucia.castillo.1292@email.do
1294,Natalia Morales Romero,Cedula,001-1001293-8,849-593-2293,natalia.morales.1293@correo.com.do
1295,Paola Díaz Castillo,Cedula,001-1001294-9,849-594-2294,paola.diaz.1294@cliente.test
1296,Óscar Cabrera Pérez,Cedula,001-1001295-1,809-595-2295,oscar.cabrera.1295@email.do
1297,Natalia Cruz Gutiérrez,Cedula,001-1001296-2,849-596-2296,natalia.cruz.1296@vimenca-demo.local
1298,María Ruiz Jiménez,Cedula,001-1001297-3,829-597-2297,maria.ruiz.1297@cliente.test
1299,Daniel Ruiz Gómez,Cedula,001-1001298-4,829-598-2298,daniel.ruiz.1298@vimenca-demo.local
1300,Óscar Guerrero Romero,Cedula,001-1001299-5,849-599-2299,oscar.guerrero.1299@vimenca-demo.local
1301,Sofía Hernández Ruiz,Cedula,001-1001300-6,829-600-2300,sofia.hernandez.1300@email.do
1302,Natalia Peña Romero,Cedula,001-1001301-7,829-601-2301,natalia.peña.1301@vimenca-demo.local
1303,Iván Reyes Cruz,Cedula,001-1001302-8,849-602-2302,ivan.reyes.1302@correo.com.do
1304,Carlos Rivera Jiménez,Cedula,001-1001303-9,849-603-2303,carlos.rivera.1303@correo.com.do
1305,Francisco Cabrera Rivera,Cedula,001-1001304-1,829-604-2304,francisco.cabrera.1304@correo.com.do
1306,Patricia Ramírez Rojas,Cedula,001-1001305-2,809-605-2305,patricia.ramirez.1305@vimenca-demo.local
1307,Elena Peña Ruiz,Cedula,001-1001306-3,809-606-2306,elena.peña.1306@email.do
1308,Carlos Reyes Díaz,Cedula,001-1001307-4,809-607-2307,carlos.reyes.1307@email.do
1309,Valeria Díaz Cabrera,Cedula,001-1001308-5,809-608-2308,valeria.diaz.1308@email.do
1310,Valeria Medina Rivera,Cedula,001-1001309-6,849-609-2309,valeria.medina.1309@correo.com.do
1311,Fernando Hernández Peña,Cedula,001-1001310-7,849-610-2310,fernando.hernandez.1310@email.do
1312,Miguel Romero Gómez,Cedula,001-1001311-8,809-611-2311,miguel.romero.1311@cliente.test
1313,Isabella Guerrero Cabrera,Cedula,001-1001312-9,849-612-2312,isabella.guerrero.1312@correo.com.do
1314,Rosa Rodríguez Romero,Cedula,001-1001313-1,809-613-2313,rosa.rodriguez.1313@cliente.test
1315,Luis Peña Alvarez,Cedula,001-1001314-2,829-614-2314,luis.peña.1314@vimenca-demo.local
1316,Óscar Morales Peña,Cedula,001-1001315-3,809-615-2315,oscar.morales.1315@correo.com.do
1317,Yolanda Peña García,Cedula,001-1001316-4,809-616-2316,yolanda.peña.1316@cliente.test
1318,Rosa Gutiérrez Rodríguez,Cedula,001-1001317-5,849-617-2317,rosa.gutierrez.1317@vimenca-demo.local
1319,Paola González Gómez,Cedula,001-1001318-6,809-618-2318,paola.gonzalez.1318@email.do
1320,Luis Castillo Romero,Cedula,001-1001319-7,829-619-2319,luis.castillo.1319@cliente.test
1321,Yolanda Hernández Gutiérrez,Cedula,001-1001320-8,809-620-2320,yolanda.hernandez.1320@correo.com.do
1322,Óscar Rivera Medina,Cedula,001-1001321-9,809-621-2321,oscar.rivera.1321@cliente.test
1323,Francisco Gómez Martínez,Cedula,001-1001322-1,849-622-2322,francisco.gomez.1322@cliente.test
1324,Luis Ruiz Cruz,Cedula,001-1001323-2,809-623-2323,luis.ruiz.1323@vimenca-demo.local
1325,Fernando Gutiérrez Morales,Cedula,001-1001324-3,809-624-2324,fernando.gutierrez.1324@email.do
1326,Gabriela Ruiz Ramírez,Cedula,001-1001325-4,829-625-2325,gabriela.ruiz.1325@cliente.test
1327,Paola Ramírez Ruiz,Cedula,001-1001326-5,809-626-2326,paola.ramirez.1326@email.do
1328,Miguel Flores Alvarez,Cedula,001-1001327-6,829-627-2327,miguel.flores.1327@cliente.test
1329,Paola Martínez Pérez,Cedula,001-1001328-7,829-628-2328,paola.martinez.1328@cliente.test
1330,Alejandro Díaz Ramírez,Cedula,001-1001329-8,829-629-2329,alejandro.diaz.1329@vimenca-demo.local
1331,Yolanda Vargas García,Cedula,001-1001330-9,809-630-2330,yolanda.vargas.1330@vimenca-demo.local
1332,Jorge Jiménez Guerrero,Cedula,001-1001331-1,849-631-2331,jorge.jimenez.1331@cliente.test
1333,Manuel Reyes Rodríguez,Cedula,001-1001332-2,809-632-2332,manuel.reyes.1332@email.do
1334,Alejandro González Alvarez,Cedula,001-1001333-3,809-633-2333,alejandro.gonzalez.1333@correo.com.do
1335,Luis Torres Jiménez,Cedula,001-1001334-4,829-634-2334,luis.torres.1334@email.do
1336,Juan Gómez Mendoza,Cedula,001-1001335-5,829-635-2335,juan.gomez.1335@correo.com.do
1337,Iván Ortiz García,Cedula,001-1001336-6,809-636-2336,ivan.ortiz.1336@vimenca-demo.local
1338,Andrea Ramírez Ramírez,Cedula,001-1001337-7,849-637-2337,andrea.ramirez.1337@vimenca-demo.local
1339,Gabriela Jiménez Romero,Cedula,001-1001338-8,849-638-2338,gabriela.jimenez.1338@email.do
1340,José Cruz Hernández,Cedula,001-1001339-9,829-639-2339,jose.cruz.1339@correo.com.do
1341,María Rodríguez Rivera,Cedula,001-1001340-1,849-640-2340,maria.rodriguez.1340@email.do
1342,Claudia Flores Rodríguez,Cedula,001-1001341-2,849-641-2341,claudia.flores.1341@cliente.test
1343,Juan Martínez Cruz,Cedula,001-1001342-3,849-642-2342,juan.martinez.1342@vimenca-demo.local
1344,Alejandro Rojas Pérez,Cedula,001-1001343-4,829-643-2343,alejandro.rojas.1343@correo.com.do
1345,Ricardo Torres Cruz,Cedula,001-1001344-5,829-644-2344,ricardo.torres.1344@correo.com.do
1346,Isabella Rojas Jiménez,Cedula,001-1001345-6,809-645-2345,isabella.rojas.1345@correo.com.do
1347,Carmen Gutiérrez Reyes,Cedula,001-1001346-7,809-646-2346,carmen.gutierrez.1346@correo.com.do
1348,Sofía Peña Gutiérrez,Cedula,001-1001347-8,829-647-2347,sofia.peña.1347@vimenca-demo.local
1349,Isabella Cruz Romero,Cedula,001-1001348-9,809-648-2348,isabella.cruz.1348@email.do
1350,Jorge Castillo Díaz,Cedula,001-1001349-1,849-649-2349,jorge.castillo.1349@vimenca-demo.local
1351,Rosa Torres Gutiérrez,Cedula,001-1001350-2,809-650-2350,rosa.torres.1350@vimenca-demo.local
1352,Valeria Cabrera Cruz,Cedula,001-1001351-3,849-651-2351,valeria.cabrera.1351@correo.com.do
1353,Elena Torres González,Cedula,001-1001352-4,829-652-2352,elena.torres.1352@vimenca-demo.local
1354,Francisco Martínez Romero,Cedula,001-1001353-5,849-653-2353,francisco.martinez.1353@cliente.test
1355,Claudia Rojas Vargas,Cedula,001-1001354-6,829-654-2354,claudia.rojas.1354@email.do
1356,Sofía Hernández González,Cedula,001-1001355-7,829-655-2355,sofia.hernandez.1355@cliente.test
1357,Yolanda Gómez Reyes,Cedula,001-1001356-8,809-656-2356,yolanda.gomez.1356@email.do
1358,Francisco Hernández Ruiz,Cedula,001-1001357-9,809-657-2357,francisco.hernandez.1357@email.do
1359,Rosa Mendoza Mendoza,Cedula,001-1001358-1,829-658-2358,rosa.mendoza.1358@email.do
1360,Manuel Vargas Peña,Cedula,001-1001359-2,829-659-2359,manuel.vargas.1359@email.do
1361,Miguel Ruiz Ruiz,Cedula,001-1001360-3,809-660-2360,miguel.ruiz.1360@correo.com.do
1362,Daniel Guerrero Cabrera,Cedula,001-1001361-4,849-661-2361,daniel.guerrero.1361@email.do
1363,José Alvarez Gómez,Cedula,001-1001362-5,829-662-2362,jose.alvarez.1362@cliente.test
1364,Rosa Reyes Romero,Cedula,001-1001363-6,809-663-2363,rosa.reyes.1363@vimenca-demo.local
1365,Carmen Pérez González,Cedula,001-1001364-7,809-664-2364,carmen.perez.1364@email.do
1366,Claudia Jiménez Flores,Cedula,001-1001365-8,849-665-2365,claudia.jimenez.1365@email.do
1367,Patricia Torres Castillo,Cedula,001-1001366-9,829-666-2366,patricia.torres.1366@correo.com.do
1368,Pedro Mendoza Alvarez,Cedula,001-1001367-1,809-667-2367,pedro.mendoza.1367@cliente.test
1369,Camila Rojas Jiménez,Cedula,001-1001368-2,849-668-2368,camila.rojas.1368@cliente.test
1370,Alejandro Sánchez Rojas,Cedula,001-1001369-3,829-669-2369,alejandro.sanchez.1369@cliente.test
1371,Gabriela González Sánchez,Cedula,001-1001370-4,809-670-2370,gabriela.gonzalez.1370@email.do
1372,Carlos Morales Alvarez,Cedula,001-1001371-5,829-671-2371,carlos.morales.1371@correo.com.do
1373,Héctor Torres Romero,Cedula,001-1001372-6,809-672-2372,hector.torres.1372@email.do
1374,Miguel Sánchez Peña,Cedula,001-1001373-7,849-673-2373,miguel.sanchez.1373@cliente.test
1375,Isabella Mendoza Gómez,Cedula,001-1001374-8,809-674-2374,isabella.mendoza.1374@cliente.test
1376,Óscar Cruz Alvarez,Cedula,001-1001375-9,849-675-2375,oscar.cruz.1375@correo.com.do
1377,Ricardo Romero Gómez,Cedula,001-1001376-1,849-676-2376,ricardo.romero.1376@cliente.test
1378,Paola Jiménez Ruiz,Cedula,001-1001377-2,849-677-2377,paola.jimenez.1377@correo.com.do
1379,Rafael Reyes Reyes,Cedula,001-1001378-3,809-678-2378,rafael.reyes.1378@correo.com.do
1380,Lucía Ruiz Cruz,Cedula,001-1001379-4,849-679-2379,lucia.ruiz.1379@correo.com.do
1381,Ricardo Gutiérrez Alvarez,Cedula,001-1001380-5,809-680-2380,ricardo.gutierrez.1380@correo.com.do
1382,Diana Reyes Cruz,Cedula,001-1001381-6,829-681-2381,diana.reyes.1381@vimenca-demo.local
1383,Pablo Sánchez Morales,Cedula,001-1001382-7,849-682-2382,pablo.sanchez.1382@vimenca-demo.local
1384,Luis Mendoza Gutiérrez,Cedula,001-1001383-8,829-683-2383,luis.mendoza.1383@email.do
1385,Iván Martínez Romero,Cedula,001-1001384-9,809-684-2384,ivan.martinez.1384@correo.com.do
1386,Karina Cabrera Mendoza,Cedula,001-1001385-1,829-685-2385,karina.cabrera.1385@email.do
1387,Héctor Gómez Reyes,Cedula,001-1001386-2,809-686-2386,hector.gomez.1386@correo.com.do
1388,Pablo Hernández Cabrera,Cedula,001-1001387-3,829-687-2387,pablo.hernandez.1387@email.do
1389,Pedro Flores Gómez,Cedula,001-1001388-4,849-688-2388,pedro.flores.1388@email.do
1390,Andrés Martínez Pérez,Cedula,001-1001389-5,849-689-2389,andres.martinez.1389@cliente.test
1391,Alejandro Martínez Gutiérrez,Cedula,001-1001390-6,849-690-2390,alejandro.martinez.1390@cliente.test
1392,Camila Jiménez Sánchez,Cedula,001-1001391-7,849-691-2391,camila.jimenez.1391@cliente.test
1393,Ricardo Rodríguez Alvarez,Cedula,001-1001392-8,829-692-2392,ricardo.rodriguez.1392@email.do
1394,Paola Rojas Castillo,Cedula,001-1001393-9,809-693-2393,paola.rojas.1393@email.do
1395,Manuel Sánchez Alvarez,Cedula,001-1001394-1,829-694-2394,manuel.sanchez.1394@correo.com.do
1396,Rosa Rivera Romero,Cedula,001-1001395-2,829-695-2395,rosa.rivera.1395@cliente.test
1397,Ana Pérez Cabrera,Cedula,001-1001396-3,809-696-2396,ana.perez.1396@email.do
1398,Juan Jiménez Alvarez,Cedula,001-1001397-4,809-697-2397,juan.jimenez.1397@vimenca-demo.local
1399,Pablo Ortiz Rojas,Cedula,001-1001398-5,849-698-2398,pablo.ortiz.1398@cliente.test
1400,Juan Jiménez Cabrera,Cedula,001-1001399-6,809-699-2399,juan.jimenez.1399@cliente.test
1401,Laura Hernández Castillo,Cedula,001-1001400-7,829-700-2400,laura.hernandez.1400@cliente.test
1402,Héctor Reyes Martínez,Cedula,001-1001401-8,809-701-2401,hector.reyes.1401@correo.com.do
1403,Natalia Flores Jiménez,Cedula,001-1001402-9,809-702-2402,natalia.flores.1402@email.do
1404,Ana González Rodríguez,Cedula,001-1001403-1,809-703-2403,ana.gonzalez.1403@vimenca-demo.local
1405,Manuel Rojas Rodríguez,Cedula,001-1001404-2,829-704-2404,manuel.rojas.1404@vimenca-demo.local
1406,Pedro Rodríguez Pérez,Cedula,001-1001405-3,809-705-2405,pedro.rodriguez.1405@cliente.test
1407,María Castillo Rivera,Cedula,001-1001406-4,829-706-2406,maria.castillo.1406@email.do
1408,Karina Díaz Peña,Cedula,001-1001407-5,809-707-2407,karina.diaz.1407@correo.com.do
1409,Rosa Gómez Díaz,Cedula,001-1001408-6,809-708-2408,rosa.gomez.1408@cliente.test
1410,Óscar Guerrero Ruiz,Cedula,001-1001409-7,829-709-2409,oscar.guerrero.1409@correo.com.do
1411,Gabriela González Pérez,Cedula,001-1001410-8,829-710-2410,gabriela.gonzalez.1410@vimenca-demo.local
1412,Lucía Morales Gutiérrez,Cedula,001-1001411-9,849-711-2411,lucia.morales.1411@email.do
1413,Laura Jiménez Rodríguez,Cedula,001-1001412-1,849-712-2412,laura.jimenez.1412@correo.com.do
1414,Lucía Martínez Ortiz,Cedula,001-1001413-2,829-713-2413,lucia.martinez.1413@vimenca-demo.local
1415,Yolanda Rojas Gómez,Cedula,001-1001414-3,849-714-2414,yolanda.rojas.1414@vimenca-demo.local
1416,Paola Jiménez Díaz,Cedula,001-1001415-4,849-715-2415,paola.jimenez.1415@email.do
1417,Paola Ortiz Gutiérrez,Cedula,001-1001416-5,829-716-2416,paola.ortiz.1416@cliente.test
1418,Ana Cabrera Jiménez,Cedula,001-1001417-6,849-717-2417,ana.cabrera.1417@email.do
1419,Diana Ramírez García,Cedula,001-1001418-7,809-718-2418,diana.ramirez.1418@correo.com.do
1420,Pablo Vargas Medina,Cedula,001-1001419-8,849-719-2419,pablo.vargas.1419@correo.com.do
1421,Laura Medina Jiménez,Cedula,001-1001420-9,829-720-2420,laura.medina.1420@cliente.test
1422,Carlos Gómez Díaz,Cedula,001-1001421-1,809-721-2421,carlos.gomez.1421@email.do
1423,Carmen Mendoza Rivera,Cedula,001-1001422-2,809-722-2422,carmen.mendoza.1422@vimenca-demo.local
1424,Rosa Rivera Gutiérrez,Cedula,001-1001423-3,809-723-2423,rosa.rivera.1423@vimenca-demo.local
1425,Andrés Castillo Gómez,Cedula,001-1001424-4,829-724-2424,andres.castillo.1424@vimenca-demo.local
1426,Paola Jiménez García,Cedula,001-1001425-5,809-725-2425,paola.jimenez.1425@email.do
1427,David Guerrero Gómez,Cedula,001-1001426-6,829-726-2426,david.guerrero.1426@cliente.test
1428,Carlos Vargas González,Cedula,001-1001427-7,809-727-2427,carlos.vargas.1427@cliente.test
1429,Pablo Cabrera Rojas,Cedula,001-1001428-8,829-728-2428,pablo.cabrera.1428@vimenca-demo.local
1430,Héctor Peña Romero,Cedula,001-1001429-9,849-729-2429,hector.peña.1429@correo.com.do
1431,Rosa Hernández Romero,Cedula,001-1001430-1,849-730-2430,rosa.hernandez.1430@vimenca-demo.local
1432,Andrea García Ramírez,Cedula,001-1001431-2,829-731-2431,andrea.garcia.1431@vimenca-demo.local
1433,Miguel González Flores,Cedula,001-1001432-3,829-732-2432,miguel.gonzalez.1432@correo.com.do
1434,Ricardo Vargas Ruiz,Cedula,001-1001433-4,849-733-2433,ricardo.vargas.1433@email.do
1435,Yolanda Cruz Sánchez,Cedula,001-1001434-5,829-734-2434,yolanda.cruz.1434@correo.com.do
1436,Daniel Mendoza Rodríguez,Cedula,001-1001435-6,829-735-2435,daniel.mendoza.1435@vimenca-demo.local
1437,Pedro Ortiz Cabrera,Cedula,001-1001436-7,829-736-2436,pedro.ortiz.1436@email.do
1438,Iván Guerrero Rivera,Cedula,001-1001437-8,849-737-2437,ivan.guerrero.1437@email.do
1439,Rosa Sánchez Pérez,Cedula,001-1001438-9,809-738-2438,rosa.sanchez.1438@vimenca-demo.local
1440,Carmen Peña Martínez,Cedula,001-1001439-1,849-739-2439,carmen.peña.1439@cliente.test
1441,José Medina Ortiz,Cedula,001-1001440-2,809-740-2440,jose.medina.1440@email.do
1442,David Peña Ortiz,Cedula,001-1001441-3,829-741-2441,david.peña.1441@vimenca-demo.local
1443,Manuel Alvarez Rojas,Cedula,001-1001442-4,849-742-2442,manuel.alvarez.1442@correo.com.do
1444,Francisco Ramírez Romero,Cedula,001-1001443-5,829-743-2443,francisco.ramirez.1443@correo.com.do
1445,Ricardo Mendoza Rojas,Cedula,001-1001444-6,809-744-2444,ricardo.mendoza.1444@correo.com.do
1446,Rosa Peña Rodríguez,Cedula,001-1001445-7,829-745-2445,rosa.peña.1445@correo.com.do
1447,Pablo Cabrera Rodríguez,Cedula,001-1001446-8,849-746-2446,pablo.cabrera.1446@correo.com.do
1448,Rosa García Hernández,Cedula,001-1001447-9,849-747-2447,rosa.garcia.1447@vimenca-demo.local
1449,Laura Gómez Ramírez,Cedula,001-1001448-1,829-748-2448,laura.gomez.1448@email.do
1450,Elena Ruiz Gómez,Cedula,001-1001449-2,849-749-2449,elena.ruiz.1449@cliente.test
1451,Andrés Flores González,Cedula,001-1001450-3,829-750-2450,andres.flores.1450@email.do
1452,Andrés García Jiménez,Cedula,001-1001451-4,809-751-2451,andres.garcia.1451@correo.com.do
1453,Andrea Díaz Ruiz,Cedula,001-1001452-5,829-752-2452,andrea.diaz.1452@vimenca-demo.local
1454,Manuel Mendoza Medina,Cedula,001-1001453-6,849-753-2453,manuel.mendoza.1453@vimenca-demo.local
1455,Sofía Sánchez Martínez,Cedula,001-1001454-7,849-754-2454,sofia.sanchez.1454@vimenca-demo.local
1456,David Ruiz Reyes,Cedula,001-1001455-8,809-755-2455,david.ruiz.1455@correo.com.do
1457,José Ortiz Cabrera,Cedula,001-1001456-9,809-756-2456,jose.ortiz.1456@correo.com.do
1458,Ricardo Rodríguez Martínez,Cedula,001-1001457-1,829-757-2457,ricardo.rodriguez.1457@cliente.test
1459,Ana Mendoza Jiménez,Cedula,001-1001458-2,849-758-2458,ana.mendoza.1458@cliente.test
1460,Jorge Rivera Gómez,Cedula,001-1001459-3,849-759-2459,jorge.rivera.1459@email.do
1461,Andrea Martínez Peña,Cedula,001-1001460-4,849-760-2460,andrea.martinez.1460@cliente.test
1462,Francisco Martínez Guerrero,Cedula,001-1001461-5,809-761-2461,francisco.martinez.1461@cliente.test
1463,Pablo Rivera Castillo,Cedula,001-1001462-6,829-762-2462,pablo.rivera.1462@cliente.test
1464,Patricia Torres González,Cedula,001-1001463-7,829-763-2463,patricia.torres.1463@vimenca-demo.local
1465,Fernando Sánchez Mendoza,Cedula,001-1001464-8,829-764-2464,fernando.sanchez.1464@vimenca-demo.local
1466,Pablo Ortiz García,Cedula,001-1001465-9,829-765-2465,pablo.ortiz.1465@correo.com.do
1467,Andrés Díaz Ortiz,Cedula,001-1001466-1,809-766-2466,andres.diaz.1466@cliente.test
1468,Diana Alvarez Díaz,Cedula,001-1001467-2,849-767-2467,diana.alvarez.1467@email.do
1469,Rafael Cruz Guerrero,Cedula,001-1001468-3,829-768-2468,rafael.cruz.1468@correo.com.do
1470,Natalia Vargas Martínez,Cedula,001-1001469-4,849-769-2469,natalia.vargas.1469@vimenca-demo.local
1471,Pablo Cruz Hernández,Cedula,001-1001470-5,809-770-2470,pablo.cruz.1470@cliente.test
1472,Claudia Torres Ruiz,Cedula,001-1001471-6,829-771-2471,claudia.torres.1471@email.do
1473,Ricardo Martínez Gómez,Cedula,001-1001472-7,849-772-2472,ricardo.martinez.1472@email.do
1474,Karina Morales Medina,Cedula,001-1001473-8,849-773-2473,karina.morales.1473@cliente.test
1475,David Ruiz Mendoza,Cedula,001-1001474-9,809-774-2474,david.ruiz.1474@email.do
1476,Miguel Romero Peña,Cedula,001-1001475-1,809-775-2475,miguel.romero.1475@cliente.test
1477,Karina Jiménez Reyes,Cedula,001-1001476-2,849-776-2476,karina.jimenez.1476@vimenca-demo.local
1478,Rafael Guerrero Reyes,Cedula,001-1001477-3,829-777-2477,rafael.guerrero.1477@email.do
1479,Fernando Martínez Jiménez,Cedula,001-1001478-4,849-778-2478,fernando.martinez.1478@correo.com.do
1480,Yolanda Alvarez Guerrero,Cedula,001-1001479-5,829-779-2479,yolanda.alvarez.1479@cliente.test
1481,Isabella Vargas Castillo,Cedula,001-1001480-6,809-780-2480,isabella.vargas.1480@correo.com.do
1482,Laura Guerrero González,Cedula,001-1001481-7,809-781-2481,laura.guerrero.1481@correo.com.do
1483,Manuel Reyes Ruiz,Cedula,001-1001482-8,829-782-2482,manuel.reyes.1482@vimenca-demo.local
1484,Claudia Hernández Reyes,Cedula,001-1001483-9,809-783-2483,claudia.hernandez.1483@email.do
1485,Daniel Rivera Hernández,Cedula,001-1001484-1,829-784-2484,daniel.rivera.1484@vimenca-demo.local
1486,Jorge Martínez Hernández,Cedula,001-1001485-2,849-785-2485,jorge.martinez.1485@correo.com.do
1487,Camila Cruz Rojas,Cedula,001-1001486-3,829-786-2486,camila.cruz.1486@email.do
1488,Luis Díaz Cabrera,Cedula,001-1001487-4,809-787-2487,luis.diaz.1487@correo.com.do
1489,Natalia Guerrero Díaz,Cedula,001-1001488-5,829-788-2488,natalia.guerrero.1488@correo.com.do
1490,José Torres Morales,Cedula,001-1001489-6,849-789-2489,jose.torres.1489@cliente.test
1491,Daniel Mendoza Cruz,Cedula,001-1001490-7,829-790-2490,daniel.mendoza.1490@cliente.test
1492,Óscar Ruiz Ramírez,Cedula,001-1001491-8,829-791-2491,oscar.ruiz.1491@email.do
1493,Francisco Ramírez Ruiz,Cedula,001-1001492-9,829-792-2492,francisco.ramirez.1492@cliente.test
1494,Héctor González Rivera,Cedula,001-1001493-1,809-793-2493,hector.gonzalez.1493@email.do
1495,Juan Martínez Vargas,Cedula,001-1001494-2,809-794-2494,juan.martinez.1494@correo.com.do
1496,Isabella Castillo Morales,Cedula,001-1001495-3,809-795-2495,isabella.castillo.1495@email.do
1497,Francisco Vargas Medina,Cedula,001-1001496-4,829-796-2496,francisco.vargas.1496@cliente.test
1498,Yolanda Peña Morales,Cedula,001-1001497-5,829-797-2497,yolanda.peña.1497@email.do
1499,Camila Morales Ruiz,Cedula,001-1001498-6,829-798-2498,camila.morales.1498@cliente.test
1500,Jorge Torres Sánchez,Cedula,001-1001499-7,849-799-2499,jorge.torres.1499@cliente.test
1501,Juan Hernández Ortiz,Cedula,001-1001500-8,849-800-2500,juan.hernandez.1500@email.do
1502,Camila Flores Morales,Cedula,001-1001501-9,809-801-2501,camila.flores.1501@vimenca-demo.local
1503,Carlos Hernández Ortiz,Cedula,001-1001502-1,809-802-2502,carlos.hernandez.1502@vimenca-demo.local
1504,Karina Ortiz Mendoza,Cedula,001-1001503-2,809-803-2503,karina.ortiz.1503@correo.com.do
1505,Lucía Rojas Alvarez,Cedula,001-1001504-3,829-804-2504,lucia.rojas.1504@vimenca-demo.local
1506,Lucía Martínez Gutiérrez,Cedula,001-1001505-4,809-805-2505,lucia.martinez.1505@correo.com.do
1507,Gabriela Vargas Romero,Cedula,001-1001506-5,849-806-2506,gabriela.vargas.1506@correo.com.do
1508,Andrea Medina Hernández,Cedula,001-1001507-6,849-807-2507,andrea.medina.1507@vimenca-demo.local
1509,Luis Cabrera Gómez,Cedula,001-1001508-7,829-808-2508,luis.cabrera.1508@correo.com.do
1510,Pablo Gutiérrez Cabrera,Cedula,001-1001509-8,849-809-2509,pablo.gutierrez.1509@cliente.test
1511,David Morales Díaz,Cedula,001-1001510-9,829-810-2510,david.morales.1510@vimenca-demo.local
1512,María Rodríguez Mendoza,Cedula,001-1001511-1,849-811-2511,maria.rodriguez.1511@vimenca-demo.local
1513,Paola Flores Rodríguez,Cedula,001-1001512-2,849-812-2512,paola.flores.1512@cliente.test
1514,María Hernández Rodríguez,Cedula,001-1001513-3,849-813-2513,maria.hernandez.1513@vimenca-demo.local
1515,Claudia García Rivera,Cedula,001-1001514-4,809-814-2514,claudia.garcia.1514@cliente.test
1516,Francisco Gutiérrez Martínez,Cedula,001-1001515-5,829-815-2515,francisco.gutierrez.1515@vimenca-demo.local
1517,Francisco Jiménez Flores,Cedula,001-1001516-6,829-816-2516,francisco.jimenez.1516@vimenca-demo.local
1518,Juan Romero Pérez,Cedula,001-1001517-7,849-817-2517,juan.romero.1517@email.do
1519,Manuel Castillo Reyes,Cedula,001-1001518-8,809-818-2518,manuel.castillo.1518@vimenca-demo.local
1520,Valeria Medina Mendoza,Cedula,001-1001519-9,829-819-2519,valeria.medina.1519@email.do
1521,Ana Medina Gutiérrez,Cedula,001-1001520-1,829-820-2520,ana.medina.1520@correo.com.do
1522,Pedro González Jiménez,Cedula,001-1001521-2,829-821-2521,pedro.gonzalez.1521@email.do
1523,Héctor Alvarez Cruz,Cedula,001-1001522-3,849-822-2522,hector.alvarez.1522@email.do
1524,Iván Romero Vargas,Cedula,001-1001523-4,809-823-2523,ivan.romero.1523@email.do
1525,Paola Romero Guerrero,Cedula,001-1001524-5,809-824-2524,paola.romero.1524@vimenca-demo.local
1526,Valeria Alvarez Guerrero,Cedula,001-1001525-6,809-825-2525,valeria.alvarez.1525@correo.com.do
1527,María Reyes Cruz,Cedula,001-1001526-7,829-826-2526,maria.reyes.1526@cliente.test
1528,Gabriela Romero Alvarez,Cedula,001-1001527-8,829-827-2527,gabriela.romero.1527@email.do
1529,Ricardo Ortiz Flores,Cedula,001-1001528-9,849-828-2528,ricardo.ortiz.1528@email.do
1530,Óscar García Rivera,Cedula,001-1001529-1,829-829-2529,oscar.garcia.1529@cliente.test
1531,Daniel Gutiérrez Castillo,Cedula,001-1001530-2,809-830-2530,daniel.gutierrez.1530@correo.com.do
1532,Andrea Vargas Díaz,Cedula,001-1001531-3,849-831-2531,andrea.vargas.1531@cliente.test
1533,Elena Gómez Flores,Cedula,001-1001532-4,809-832-2532,elena.gomez.1532@vimenca-demo.local
1534,Valeria Vargas Hernández,Cedula,001-1001533-5,829-833-2533,valeria.vargas.1533@cliente.test
1535,Sofía Romero Castillo,Cedula,001-1001534-6,849-834-2534,sofia.romero.1534@email.do
1536,David Castillo Mendoza,Cedula,001-1001535-7,829-835-2535,david.castillo.1535@email.do
1537,Natalia García Castillo,Cedula,001-1001536-8,809-836-2536,natalia.garcia.1536@correo.com.do
1538,Juan Morales Pérez,Cedula,001-1001537-9,849-837-2537,juan.morales.1537@correo.com.do
1539,Iván Díaz Torres,Cedula,001-1001538-1,829-838-2538,ivan.diaz.1538@vimenca-demo.local
1540,Carmen Rodríguez García,Cedula,001-1001539-2,809-839-2539,carmen.rodriguez.1539@correo.com.do
1541,Yolanda Castillo Cabrera,Cedula,001-1001540-3,849-840-2540,yolanda.castillo.1540@email.do
1542,Andrés Mendoza Pérez,Cedula,001-1001541-4,849-841-2541,andres.mendoza.1541@correo.com.do
1543,Francisco Cruz Castillo,Cedula,001-1001542-5,809-842-2542,francisco.cruz.1542@email.do
1544,Ana Flores Rivera,Cedula,001-1001543-6,849-843-2543,ana.flores.1543@cliente.test
1545,Miguel Vargas Reyes,Cedula,001-1001544-7,829-844-2544,miguel.vargas.1544@vimenca-demo.local
1546,Daniel Flores Sánchez,Cedula,001-1001545-8,829-845-2545,daniel.flores.1545@correo.com.do
1547,Luis Cruz Cruz,Cedula,001-1001546-9,809-846-2546,luis.cruz.1546@vimenca-demo.local
1548,Valeria Guerrero Flores,Cedula,001-1001547-1,829-847-2547,valeria.guerrero.1547@email.do
1549,Miguel Ortiz Peña,Cedula,001-1001548-2,849-848-2548,miguel.ortiz.1548@email.do
1550,Fernando Sánchez Vargas,Cedula,001-1001549-3,809-849-2549,fernando.sanchez.1549@cliente.test
1551,Manuel Ruiz Alvarez,Cedula,001-1001550-4,809-850-2550,manuel.ruiz.1550@cliente.test
1552,Claudia Vargas Pérez,Cedula,001-1001551-5,849-851-2551,claudia.vargas.1551@cliente.test
1553,Valeria Pérez Rodríguez,Cedula,001-1001552-6,809-852-2552,valeria.perez.1552@correo.com.do
1554,Paola Romero Flores,Cedula,001-1001553-7,809-853-2553,paola.romero.1553@cliente.test
1555,Isabella González Vargas,Cedula,001-1001554-8,809-854-2554,isabella.gonzalez.1554@correo.com.do
1556,Ricardo Flores González,Cedula,001-1001555-9,829-855-2555,ricardo.flores.1555@vimenca-demo.local
1557,Paola García Gutiérrez,Cedula,001-1001556-1,829-856-2556,paola.garcia.1556@cliente.test
1558,Óscar Cruz Rojas,Cedula,001-1001557-2,849-857-2557,oscar.cruz.1557@correo.com.do
1559,Patricia García Cruz,Cedula,001-1001558-3,809-858-2558,patricia.garcia.1558@cliente.test
1560,Paola Ruiz Peña,Cedula,001-1001559-4,829-859-2559,paola.ruiz.1559@vimenca-demo.local
1561,Rosa Cruz Rodríguez,Cedula,001-1001560-5,829-860-2560,rosa.cruz.1560@correo.com.do
1562,Andrea Rojas Gómez,Cedula,001-1001561-6,829-861-2561,andrea.rojas.1561@correo.com.do
1563,Diana Vargas Ramírez,Cedula,001-1001562-7,849-862-2562,diana.vargas.1562@email.do
1564,Carlos Cruz Castillo,Cedula,001-1001563-8,829-863-2563,carlos.cruz.1563@email.do
1565,Cabrera & Pérez SRL,RNC,1300001564,829-864-2564,ricardo.cabrera.1564@vimenca-demo.local
1566,Pedro Cabrera Vargas,Cedula,001-1001565-1,849-865-2565,pedro.cabrera.1565@cliente.test
1567,Carmen González Rodríguez,Cedula,001-1001566-2,809-866-2566,carmen.gonzalez.1566@email.do
1568,Karina Torres Ortiz,Cedula,001-1001567-3,809-867-2567,karina.torres.1567@cliente.test
1569,Andrea Vargas Rivera,Cedula,001-1001568-4,849-868-2568,andrea.vargas.1568@cliente.test
1570,Iván García Rodríguez,Cedula,001-1001569-5,809-869-2569,ivan.garcia.1569@vimenca-demo.local
1571,David Medina Romero,Cedula,001-1001570-6,829-870-2570,david.medina.1570@correo.com.do
1572,Andrés Ramírez Medina,Cedula,001-1001571-7,849-871-2571,andres.ramirez.1571@cliente.test
1573,Andrea González Romero,Cedula,001-1001572-8,809-872-2572,andrea.gonzalez.1572@email.do
1574,Carlos Romero González,Cedula,001-1001573-9,849-873-2573,carlos.romero.1573@cliente.test
1575,José Ortiz Peña,Cedula,001-1001574-1,809-874-2574,jose.ortiz.1574@correo.com.do
1576,Francisco García Sánchez,Cedula,001-1001575-2,829-875-2575,francisco.garcia.1575@correo.com.do
1577,Rafael Reyes Jiménez,Cedula,001-1001576-3,849-876-2576,rafael.reyes.1576@email.do
1578,Miguel Guerrero Guerrero,Cedula,001-1001577-4,809-877-2577,miguel.guerrero.1577@correo.com.do
1579,Isabella Jiménez Medina,Cedula,001-1001578-5,809-878-2578,isabella.jimenez.1578@email.do
1580,Carmen Morales Gómez,Cedula,001-1001579-6,829-879-2579,carmen.morales.1579@cliente.test
1581,Andrés Castillo Hernández,Cedula,001-1001580-7,829-880-2580,andres.castillo.1580@email.do
1582,Laura Alvarez Rodríguez,Cedula,001-1001581-8,829-881-2581,laura.alvarez.1581@email.do
1583,Miguel Pérez Flores,Cedula,001-1001582-9,829-882-2582,miguel.perez.1582@email.do
1584,María Mendoza Díaz,Cedula,001-1001583-1,829-883-2583,maria.mendoza.1583@email.do
1585,Sofía Peña Hernández,Cedula,001-1001584-2,809-884-2584,sofia.peña.1584@correo.com.do
1586,Rafael Medina Rojas,Cedula,001-1001585-3,809-885-2585,rafael.medina.1585@cliente.test
1587,José Cabrera Ortiz,Cedula,001-1001586-4,809-886-2586,jose.cabrera.1586@correo.com.do
1588,Juan Sánchez Peña,Cedula,001-1001587-5,849-887-2587,juan.sanchez.1587@correo.com.do
1589,Karina Cabrera Rivera,Cedula,001-1001588-6,849-888-2588,karina.cabrera.1588@cliente.test
1590,Gabriela Mendoza González,Cedula,001-1001589-7,809-889-2589,gabriela.mendoza.1589@email.do
1591,Elena Gutiérrez Reyes,Cedula,001-1001590-8,809-890-2590,elena.gutierrez.1590@cliente.test
1592,Ana Jiménez Mendoza,Cedula,001-1001591-9,849-891-2591,ana.jimenez.1591@correo.com.do
1593,Ana Mendoza Ortiz,Cedula,001-1001592-1,849-892-2592,ana.mendoza.1592@correo.com.do
1594,Rosa Díaz Morales,Cedula,001-1001593-2,849-893-2593,rosa.diaz.1593@correo.com.do
1595,Sofía Ramírez Pérez,Cedula,001-1001594-3,849-894-2594,sofia.ramirez.1594@correo.com.do
1596,Alejandro Rojas Alvarez,Cedula,001-1001595-4,829-895-2595,alejandro.rojas.1595@email.do
1597,Laura Flores Rodríguez,Cedula,001-1001596-5,809-896-2596,laura.flores.1596@email.do
1598,Manuel Castillo Rojas,Cedula,001-1001597-6,829-897-2597,manuel.castillo.1597@cliente.test
1599,Ana Sánchez Castillo,Cedula,001-1001598-7,809-898-2598,ana.sanchez.1598@correo.com.do
1600,Alejandro Rivera Ramírez,Cedula,001-1001599-8,829-899-2599,alejandro.rivera.1599@cliente.test
1601,David Jiménez Medina,Cedula,001-1001600-9,809-500-2600,david.jimenez.1600@cliente.test
1602,Rafael Romero Rodríguez,Cedula,001-1001601-1,809-501-2601,rafael.romero.1601@email.do
1603,José Ortiz Gutiérrez,Cedula,001-1001602-2,809-502-2602,jose.ortiz.1602@correo.com.do
1604,Sofía Romero Reyes,Cedula,001-1001603-3,829-503-2603,sofia.romero.1603@vimenca-demo.local
1605,Carmen Romero Castillo,Cedula,001-1001604-4,809-504-2604,carmen.romero.1604@vimenca-demo.local
1606,Andrés Gómez Torres,Cedula,001-1001605-5,809-505-2605,andres.gomez.1605@correo.com.do
1607,Héctor Rojas Ramírez,Cedula,001-1001606-6,809-506-2606,hector.rojas.1606@cliente.test
1608,Miguel Ortiz Hernández,Cedula,001-1001607-7,809-507-2607,miguel.ortiz.1607@cliente.test
1609,Óscar González Ramírez,Cedula,001-1001608-8,809-508-2608,oscar.gonzalez.1608@cliente.test
1610,Ricardo Díaz González,Cedula,001-1001609-9,849-509-2609,ricardo.diaz.1609@cliente.test
1611,Carmen Vargas Díaz,Cedula,001-1001610-1,809-510-2610,carmen.vargas.1610@vimenca-demo.local
1612,David González Rodríguez,Cedula,001-1001611-2,829-511-2611,david.gonzalez.1611@correo.com.do
1613,Francisco Pérez Rojas,Cedula,001-1001612-3,829-512-2612,francisco.perez.1612@cliente.test
1614,Héctor Sánchez Alvarez,Cedula,001-1001613-4,809-513-2613,hector.sanchez.1613@vimenca-demo.local
1615,Diana Jiménez Sánchez,Cedula,001-1001614-5,849-514-2614,diana.jimenez.1614@email.do
1616,Natalia Rojas Torres,Cedula,001-1001615-6,829-515-2615,natalia.rojas.1615@correo.com.do
1617,Lucía Ortiz Rojas,Cedula,001-1001616-7,849-516-2616,lucia.ortiz.1616@email.do
1618,Gabriela Guerrero Reyes,Cedula,001-1001617-8,809-517-2617,gabriela.guerrero.1617@vimenca-demo.local
1619,Óscar Romero Rojas,Cedula,001-1001618-9,809-518-2618,oscar.romero.1618@email.do
1620,Daniel Morales Hernández,Cedula,001-1001619-1,849-519-2619,daniel.morales.1619@email.do
1621,Manuel Peña Hernández,Cedula,001-1001620-2,829-520-2620,manuel.peña.1620@correo.com.do
1622,Carlos Rodríguez Ortiz,Cedula,001-1001621-3,829-521-2621,carlos.rodriguez.1621@correo.com.do
1623,Lucía Cruz Ortiz,Cedula,001-1001622-4,829-522-2622,lucia.cruz.1622@correo.com.do
1624,Isabella Torres Martínez,Cedula,001-1001623-5,849-523-2623,isabella.torres.1623@correo.com.do
1625,Héctor Ramírez González,Cedula,001-1001624-6,829-524-2624,hector.ramirez.1624@vimenca-demo.local
1626,Sofía Vargas Martínez,Cedula,001-1001625-7,829-525-2625,sofia.vargas.1625@correo.com.do
1627,Rosa Sánchez Mendoza,Cedula,001-1001626-8,849-526-2626,rosa.sanchez.1626@cliente.test
1628,Karina García Reyes,Cedula,001-1001627-9,809-527-2627,karina.garcia.1627@cliente.test
1629,Fernando Sánchez Medina,Cedula,001-1001628-1,849-528-2628,fernando.sanchez.1628@vimenca-demo.local
1630,Pablo Mendoza Vargas,Cedula,001-1001629-2,849-529-2629,pablo.mendoza.1629@correo.com.do
1631,Miguel Cruz Cabrera,Cedula,001-1001630-3,849-530-2630,miguel.cruz.1630@vimenca-demo.local
1632,Carlos Rivera Morales,Cedula,001-1001631-4,849-531-2631,carlos.rivera.1631@vimenca-demo.local
1633,Claudia Ruiz Hernández,Cedula,001-1001632-5,849-532-2632,claudia.ruiz.1632@email.do
1634,Pedro Jiménez Cabrera,Cedula,001-1001633-6,849-533-2633,pedro.jimenez.1633@vimenca-demo.local
1635,Luis Gutiérrez Peña,Cedula,001-1001634-7,809-534-2634,luis.gutierrez.1634@vimenca-demo.local
1636,Andrés Cruz Díaz,Cedula,001-1001635-8,849-535-2635,andres.cruz.1635@cliente.test
1637,Carlos Díaz Díaz,Cedula,001-1001636-9,849-536-2636,carlos.diaz.1636@email.do
1638,Natalia Mendoza Martínez,Cedula,001-1001637-1,809-537-2637,natalia.mendoza.1637@email.do
1639,David Torres Ruiz,Cedula,001-1001638-2,849-538-2638,david.torres.1638@correo.com.do
1640,Gabriela Romero Alvarez,Cedula,001-1001639-3,849-539-2639,gabriela.romero.1639@email.do
1641,Patricia Gómez Díaz,Cedula,001-1001640-4,849-540-2640,patricia.gomez.1640@vimenca-demo.local
1642,Óscar Flores Rodríguez,Cedula,001-1001641-5,829-541-2641,oscar.flores.1641@correo.com.do
1643,Jorge Reyes Ortiz,Cedula,001-1001642-6,829-542-2642,jorge.reyes.1642@correo.com.do
1644,Andrea Castillo Guerrero,Cedula,001-1001643-7,829-543-2643,andrea.castillo.1643@vimenca-demo.local
1645,Claudia Díaz Medina,Cedula,001-1001644-8,809-544-2644,claudia.diaz.1644@correo.com.do
1646,Pablo Martínez Martínez,Cedula,001-1001645-9,809-545-2645,pablo.martinez.1645@cliente.test
1647,Diana Martínez Pérez,Cedula,001-1001646-1,829-546-2646,diana.martinez.1646@email.do
1648,Andrés Mendoza González,Cedula,001-1001647-2,809-547-2647,andres.mendoza.1647@cliente.test
1649,Laura Gutiérrez Vargas,Cedula,001-1001648-3,829-548-2648,laura.gutierrez.1648@correo.com.do
1650,Héctor Castillo Ruiz,Cedula,001-1001649-4,829-549-2649,hector.castillo.1649@email.do
1651,Jorge Morales Reyes,Cedula,001-1001650-5,829-550-2650,jorge.morales.1650@correo.com.do
1652,Carmen Martínez García,Cedula,001-1001651-6,849-551-2651,carmen.martinez.1651@email.do
1653,David Morales Hernández,Cedula,001-1001652-7,849-552-2652,david.morales.1652@vimenca-demo.local
1654,Daniel Ortiz Hernández,Cedula,001-1001653-8,829-553-2653,daniel.ortiz.1653@cliente.test
1655,Rosa Hernández González,Cedula,001-1001654-9,809-554-2654,rosa.hernandez.1654@vimenca-demo.local
1656,Valeria Torres Ortiz,Cedula,001-1001655-1,829-555-2655,valeria.torres.1655@vimenca-demo.local
1657,Luis González Díaz,Cedula,001-1001656-2,829-556-2656,luis.gonzalez.1656@vimenca-demo.local
1658,María Jiménez Peña,Cedula,001-1001657-3,849-557-2657,maria.jimenez.1657@email.do
1659,Andrea Rivera Sánchez,Cedula,001-1001658-4,849-558-2658,andrea.rivera.1658@email.do
1660,Manuel Sánchez Torres,Cedula,001-1001659-5,809-559-2659,manuel.sanchez.1659@correo.com.do
1661,Daniel Hernández González,Cedula,001-1001660-6,829-560-2660,daniel.hernandez.1660@cliente.test
1662,Alejandro Sánchez Ramírez,Cedula,001-1001661-7,849-561-2661,alejandro.sanchez.1661@correo.com.do
1663,Daniel Díaz González,Cedula,001-1001662-8,829-562-2662,daniel.diaz.1662@vimenca-demo.local
1664,Andrea Sánchez Ruiz,Cedula,001-1001663-9,809-563-2663,andrea.sanchez.1663@vimenca-demo.local
1665,José Cruz Peña,Cedula,001-1001664-1,809-564-2664,jose.cruz.1664@cliente.test
1666,Pablo Peña Gómez,Cedula,001-1001665-2,809-565-2665,pablo.peña.1665@email.do
1667,Andrea Gutiérrez Gómez,Cedula,001-1001666-3,829-566-2666,andrea.gutierrez.1666@vimenca-demo.local
1668,Diana Alvarez Hernández,Cedula,001-1001667-4,849-567-2667,diana.alvarez.1667@email.do
1669,Iván Gómez Mendoza,Cedula,001-1001668-5,849-568-2668,ivan.gomez.1668@correo.com.do
1670,Gabriela Cabrera Rodríguez,Cedula,001-1001669-6,849-569-2669,gabriela.cabrera.1669@email.do
1671,Natalia Pérez Rivera,Cedula,001-1001670-7,829-570-2670,natalia.perez.1670@correo.com.do
1672,Claudia Guerrero Torres,Cedula,001-1001671-8,829-571-2671,claudia.guerrero.1671@cliente.test
1673,Pedro Gómez Rodríguez,Cedula,001-1001672-9,849-572-2672,pedro.gomez.1672@email.do
1674,Lucía Torres Medina,Cedula,001-1001673-1,809-573-2673,lucia.torres.1673@vimenca-demo.local
1675,José Martínez Ruiz,Cedula,001-1001674-2,849-574-2674,jose.martinez.1674@cliente.test
1676,Pedro Gutiérrez Cruz,Cedula,001-1001675-3,829-575-2675,pedro.gutierrez.1675@email.do
1677,Daniel Jiménez Jiménez,Cedula,001-1001676-4,849-576-2676,daniel.jimenez.1676@correo.com.do
1678,Alejandro Cruz González,Cedula,001-1001677-5,829-577-2677,alejandro.cruz.1677@cliente.test
1679,Ricardo Díaz García,Cedula,001-1001678-6,829-578-2678,ricardo.diaz.1678@vimenca-demo.local
1680,Jorge Rivera Reyes,Cedula,001-1001679-7,809-579-2679,jorge.rivera.1679@correo.com.do
1681,Iván Romero Morales,Cedula,001-1001680-8,829-580-2680,ivan.romero.1680@cliente.test
1682,María Medina Romero,Cedula,001-1001681-9,849-581-2681,maria.medina.1681@cliente.test
1683,Héctor González Guerrero,Cedula,001-1001682-1,809-582-2682,hector.gonzalez.1682@correo.com.do
1684,Laura Rivera Ortiz,Cedula,001-1001683-2,809-583-2683,laura.rivera.1683@vimenca-demo.local
1685,Karina Alvarez Cruz,Cedula,001-1001684-3,809-584-2684,karina.alvarez.1684@correo.com.do
1686,Héctor Vargas Peña,Cedula,001-1001685-4,829-585-2685,hector.vargas.1685@vimenca-demo.local
1687,Ana Ruiz Reyes,Cedula,001-1001686-5,809-586-2686,ana.ruiz.1686@email.do
1688,Ana Guerrero Cruz,Cedula,001-1001687-6,849-587-2687,ana.guerrero.1687@vimenca-demo.local
1689,Isabella Rodríguez Guerrero,Cedula,001-1001688-7,849-588-2688,isabella.rodriguez.1688@vimenca-demo.local
1690,Rosa Ortiz Ruiz,Cedula,001-1001689-8,809-589-2689,rosa.ortiz.1689@cliente.test
1691,José Medina García,Cedula,001-1001690-9,829-590-2690,jose.medina.1690@email.do
1692,Rosa Vargas Guerrero,Cedula,001-1001691-1,809-591-2691,rosa.vargas.1691@cliente.test
1693,Diana Morales Sánchez,Cedula,001-1001692-2,849-592-2692,diana.morales.1692@cliente.test
1694,Sofía García Pérez,Cedula,001-1001693-3,829-593-2693,sofia.garcia.1693@vimenca-demo.local
1695,Miguel Jiménez Romero,Cedula,001-1001694-4,849-594-2694,miguel.jimenez.1694@vimenca-demo.local
1696,Gabriela Hernández Morales,Cedula,001-1001695-5,849-595-2695,gabriela.hernandez.1695@vimenca-demo.local
1697,Gabriela Mendoza Guerrero,Cedula,001-1001696-6,829-596-2696,gabriela.mendoza.1696@correo.com.do
1698,Camila Romero Hernández,Cedula,001-1001697-7,829-597-2697,camila.romero.1697@correo.com.do
1699,María Hernández Rodríguez,Cedula,001-1001698-8,829-598-2698,maria.hernandez.1698@email.do
1700,Pablo Cabrera Mendoza,Cedula,001-1001699-9,829-599-2699,pablo.cabrera.1699@email.do
1701,María Rodríguez Flores,Cedula,001-1001700-1,829-600-2700,maria.rodriguez.1700@vimenca-demo.local
1702,Jorge Rodríguez Rivera,Cedula,001-1001701-2,849-601-2701,jorge.rodriguez.1701@vimenca-demo.local
1703,Miguel Gutiérrez Ramírez,Cedula,001-1001702-3,809-602-2702,miguel.gutierrez.1702@email.do
1704,Yolanda Alvarez Sánchez,Cedula,001-1001703-4,829-603-2703,yolanda.alvarez.1703@vimenca-demo.local
1705,Rosa Flores Castillo,Cedula,001-1001704-5,809-604-2704,rosa.flores.1704@vimenca-demo.local
1706,Andrea Hernández Díaz,Cedula,001-1001705-6,809-605-2705,andrea.hernandez.1705@email.do
1707,Francisco Gutiérrez Rivera,Cedula,001-1001706-7,829-606-2706,francisco.gutierrez.1706@vimenca-demo.local
1708,Héctor Gómez Peña,Cedula,001-1001707-8,809-607-2707,hector.gomez.1707@email.do
1709,Laura González Gutiérrez,Cedula,001-1001708-9,809-608-2708,laura.gonzalez.1708@email.do
1710,Natalia Jiménez Mendoza,Cedula,001-1001709-1,829-609-2709,natalia.jimenez.1709@correo.com.do
1711,Pablo Peña Martínez,Cedula,001-1001710-2,809-610-2710,pablo.peña.1710@correo.com.do
1712,José Ortiz Díaz,Cedula,001-1001711-3,849-611-2711,jose.ortiz.1711@vimenca-demo.local
1713,Alejandro González Guerrero,Cedula,001-1001712-4,849-612-2712,alejandro.gonzalez.1712@cliente.test
1714,Lucía Alvarez Gómez,Cedula,001-1001713-5,849-613-2713,lucia.alvarez.1713@email.do
1715,Rosa García Romero,Cedula,001-1001714-6,809-614-2714,rosa.garcia.1714@correo.com.do
1716,Francisco Rojas Mendoza,Cedula,001-1001715-7,849-615-2715,francisco.rojas.1715@email.do
1717,Patricia Rivera González,Cedula,001-1001716-8,809-616-2716,patricia.rivera.1716@email.do
1718,Pedro Morales Mendoza,Cedula,001-1001717-9,809-617-2717,pedro.morales.1717@correo.com.do
1719,José Alvarez Ortiz,Cedula,001-1001718-1,809-618-2718,jose.alvarez.1718@cliente.test
1720,Carmen Pérez Rodríguez,Cedula,001-1001719-2,829-619-2719,carmen.perez.1719@correo.com.do
1721,Andrés Peña Flores,Cedula,001-1001720-3,809-620-2720,andres.peña.1720@correo.com.do
1722,Rosa Castillo García,Cedula,001-1001721-4,809-621-2721,rosa.castillo.1721@correo.com.do
1723,Yolanda Ramírez Hernández,Cedula,001-1001722-5,809-622-2722,yolanda.ramirez.1722@email.do
1724,Jorge García Martínez,Cedula,001-1001723-6,849-623-2723,jorge.garcia.1723@email.do
1725,Elena Hernández Díaz,Cedula,001-1001724-7,809-624-2724,elena.hernandez.1724@vimenca-demo.local
1726,Camila Alvarez Romero,Cedula,001-1001725-8,849-625-2725,camila.alvarez.1725@email.do
1727,Paola Martínez Pérez,Cedula,001-1001726-9,849-626-2726,paola.martinez.1726@correo.com.do
1728,Laura Mendoza Ramírez,Cedula,001-1001727-1,809-627-2727,laura.mendoza.1727@vimenca-demo.local
1729,Andrea García Romero,Cedula,001-1001728-2,809-628-2728,andrea.garcia.1728@correo.com.do
1730,Camila Rojas Mendoza,Cedula,001-1001729-3,829-629-2729,camila.rojas.1729@cliente.test
1731,Karina Sánchez Reyes,Cedula,001-1001730-4,809-630-2730,karina.sanchez.1730@correo.com.do
1732,Jorge Cruz Morales,Cedula,001-1001731-5,849-631-2731,jorge.cruz.1731@email.do
1733,Patricia Morales Pérez,Cedula,001-1001732-6,809-632-2732,patricia.morales.1732@vimenca-demo.local
1734,Pablo Pérez Gutiérrez,Cedula,001-1001733-7,829-633-2733,pablo.perez.1733@email.do
1735,Alejandro Mendoza Rivera,Cedula,001-1001734-8,809-634-2734,alejandro.mendoza.1734@correo.com.do
1736,Daniel Ortiz Pérez,Cedula,001-1001735-9,829-635-2735,daniel.ortiz.1735@cliente.test
1737,Pablo Jiménez Romero,Cedula,001-1001736-1,849-636-2736,pablo.jimenez.1736@vimenca-demo.local
1738,Iván Torres Ruiz,Cedula,001-1001737-2,829-637-2737,ivan.torres.1737@cliente.test
1739,Óscar Ramírez Rojas,Cedula,001-1001738-3,829-638-2738,oscar.ramirez.1738@correo.com.do
1740,Alejandro Sánchez García,Cedula,001-1001739-4,849-639-2739,alejandro.sanchez.1739@cliente.test
1741,Rafael Cruz Reyes,Cedula,001-1001740-5,809-640-2740,rafael.cruz.1740@correo.com.do
1742,Manuel Cruz Cruz,Cedula,001-1001741-6,849-641-2741,manuel.cruz.1741@correo.com.do
1743,María Martínez Díaz,Cedula,001-1001742-7,829-642-2742,maria.martinez.1742@email.do
1744,Carmen Jiménez Rojas,Cedula,001-1001743-8,809-643-2743,carmen.jimenez.1743@cliente.test
1745,Patricia Guerrero Morales,Cedula,001-1001744-9,829-644-2744,patricia.guerrero.1744@cliente.test
1746,Karina Hernández Flores,Cedula,001-1001745-1,829-645-2745,karina.hernandez.1745@cliente.test
1747,Gabriela Castillo Jiménez,Cedula,001-1001746-2,829-646-2746,gabriela.castillo.1746@cliente.test
1748,Camila Flores González,Cedula,001-1001747-3,809-647-2747,camila.flores.1747@cliente.test
1749,Andrés Flores Ortiz,Cedula,001-1001748-4,809-648-2748,andres.flores.1748@cliente.test
1750,Francisco García Pérez,Cedula,001-1001749-5,809-649-2749,francisco.garcia.1749@correo.com.do
1751,Isabella Castillo García,Cedula,001-1001750-6,829-650-2750,isabella.castillo.1750@email.do
1752,Yolanda Castillo Gómez,Cedula,001-1001751-7,829-651-2751,yolanda.castillo.1751@email.do
1753,Claudia Jiménez Pérez,Cedula,001-1001752-8,849-652-2752,claudia.jimenez.1752@correo.com.do
1754,Lucía Alvarez Ortiz,Cedula,001-1001753-9,809-653-2753,lucia.alvarez.1753@cliente.test
1755,Diana Castillo Ortiz,Cedula,001-1001754-1,849-654-2754,diana.castillo.1754@cliente.test
1756,Valeria Ruiz Gómez,Cedula,001-1001755-2,809-655-2755,valeria.ruiz.1755@correo.com.do
1757,Óscar Cabrera Peña,Cedula,001-1001756-3,829-656-2756,oscar.cabrera.1756@correo.com.do
1758,Iván Gómez Rojas,Cedula,001-1001757-4,829-657-2757,ivan.gomez.1757@cliente.test
1759,Pablo Rodríguez Rodríguez,Cedula,001-1001758-5,849-658-2758,pablo.rodriguez.1758@email.do
1760,Rosa Cabrera Mendoza,Cedula,001-1001759-6,829-659-2759,rosa.cabrera.1759@email.do
1761,Óscar González Rivera,Cedula,001-1001760-7,829-660-2760,oscar.gonzalez.1760@cliente.test
1762,Andrés Hernández Castillo,Cedula,001-1001761-8,849-661-2761,andres.hernandez.1761@cliente.test
1763,Natalia Castillo Ruiz,Cedula,001-1001762-9,829-662-2762,natalia.castillo.1762@cliente.test
1764,Natalia Rojas Sánchez,Cedula,001-1001763-1,829-663-2763,natalia.rojas.1763@correo.com.do
1765,Valeria Ortiz Hernández,Cedula,001-1001764-2,849-664-2764,valeria.ortiz.1764@cliente.test
1766,Jorge Alvarez Rivera,Cedula,001-1001765-3,809-665-2765,jorge.alvarez.1765@vimenca-demo.local
1767,José Hernández Rodríguez,Cedula,001-1001766-4,829-666-2766,jose.hernandez.1766@email.do
1768,Jorge Medina Romero,Cedula,001-1001767-5,849-667-2767,jorge.medina.1767@correo.com.do
1769,David Cruz Pérez,Cedula,001-1001768-6,829-668-2768,david.cruz.1768@cliente.test
1770,Jorge Morales Díaz,Cedula,001-1001769-7,849-669-2769,jorge.morales.1769@correo.com.do
1771,Sofía Torres Torres,Cedula,001-1001770-8,849-670-2770,sofia.torres.1770@vimenca-demo.local
1772,Pedro Peña Mendoza,Cedula,001-1001771-9,829-671-2771,pedro.peña.1771@correo.com.do
1773,Andrés Gómez Sánchez,Cedula,001-1001772-1,849-672-2772,andres.gomez.1772@correo.com.do
1774,Daniel Rodríguez Reyes,Cedula,001-1001773-2,849-673-2773,daniel.rodriguez.1773@cliente.test
1775,Camila Cabrera Morales,Cedula,001-1001774-3,809-674-2774,camila.cabrera.1774@vimenca-demo.local
1776,Gabriela Hernández García,Cedula,001-1001775-4,829-675-2775,gabriela.hernandez.1775@vimenca-demo.local
1777,Paola Cruz Gómez,Cedula,001-1001776-5,829-676-2776,paola.cruz.1776@correo.com.do
1778,Rafael Mendoza Castillo,Cedula,001-1001777-6,829-677-2777,rafael.mendoza.1777@email.do
1779,Isabella Gutiérrez Medina,Cedula,001-1001778-7,809-678-2778,isabella.gutierrez.1778@vimenca-demo.local
1780,Claudia Rivera Díaz,Cedula,001-1001779-8,809-679-2779,claudia.rivera.1779@cliente.test
1781,Isabella Vargas Rojas,Cedula,001-1001780-9,849-680-2780,isabella.vargas.1780@correo.com.do
1782,Laura Rivera Flores,Cedula,001-1001781-1,829-681-2781,laura.rivera.1781@correo.com.do
1783,Paola Cruz Medina,Cedula,001-1001782-2,849-682-2782,paola.cruz.1782@email.do
1784,Pedro Mendoza Rojas,Cedula,001-1001783-3,849-683-2783,pedro.mendoza.1783@correo.com.do
1785,David Flores Martínez,Cedula,001-1001784-4,829-684-2784,david.flores.1784@cliente.test
1786,Laura Díaz Medina,Cedula,001-1001785-5,849-685-2785,laura.diaz.1785@correo.com.do
1787,Rosa Gutiérrez Medina,Cedula,001-1001786-6,829-686-2786,rosa.gutierrez.1786@vimenca-demo.local
1788,Andrea Gómez Ramírez,Cedula,001-1001787-7,829-687-2787,andrea.gomez.1787@cliente.test
1789,Valeria Jiménez Gutiérrez,Cedula,001-1001788-8,849-688-2788,valeria.jimenez.1788@cliente.test
1790,Natalia Sánchez Cabrera,Cedula,001-1001789-9,849-689-2789,natalia.sanchez.1789@correo.com.do
1791,Lucía Rojas Sánchez,Cedula,001-1001790-1,809-690-2790,lucia.rojas.1790@cliente.test
1792,Pablo Flores Peña,Cedula,001-1001791-2,849-691-2791,pablo.flores.1791@cliente.test
1793,Luis Gutiérrez Ramírez,Cedula,001-1001792-3,829-692-2792,luis.gutierrez.1792@vimenca-demo.local
1794,Manuel Torres González,Cedula,001-1001793-4,829-693-2793,manuel.torres.1793@vimenca-demo.local
1795,Héctor Gómez Rojas,Cedula,001-1001794-5,849-694-2794,hector.gomez.1794@correo.com.do
1796,Laura Rojas Morales,Cedula,001-1001795-6,829-695-2795,laura.rojas.1795@vimenca-demo.local
1797,María Flores Castillo,Cedula,001-1001796-7,829-696-2796,maria.flores.1796@email.do
1798,Sofía Pérez González,Cedula,001-1001797-8,809-697-2797,sofia.perez.1797@email.do
1799,Sofía Medina Guerrero,Cedula,001-1001798-9,829-698-2798,sofia.medina.1798@vimenca-demo.local
1800,Isabella Ruiz Morales,Cedula,001-1001799-1,849-699-2799,isabella.ruiz.1799@cliente.test
1801,Carlos Ramírez Sánchez,Cedula,001-1001800-2,809-700-2800,carlos.ramirez.1800@vimenca-demo.local
1802,José Flores Medina,Cedula,001-1001801-3,849-701-2801,jose.flores.1801@vimenca-demo.local
1803,Natalia Sánchez Vargas,Cedula,001-1001802-4,849-702-2802,natalia.sanchez.1802@correo.com.do
1804,Isabella Medina García,Cedula,001-1001803-5,809-703-2803,isabella.medina.1803@correo.com.do
1805,Daniel Jiménez Rivera,Cedula,001-1001804-6,829-704-2804,daniel.jimenez.1804@correo.com.do
1806,Alejandro Castillo Castillo,Cedula,001-1001805-7,829-705-2805,alejandro.castillo.1805@correo.com.do
1807,Francisco Torres Pérez,Cedula,001-1001806-8,849-706-2806,francisco.torres.1806@correo.com.do
1808,Karina Alvarez Peña,Cedula,001-1001807-9,829-707-2807,karina.alvarez.1807@vimenca-demo.local
1809,Pedro Torres Jiménez,Cedula,001-1001808-1,829-708-2808,pedro.torres.1808@correo.com.do
1810,David Guerrero Hernández,Cedula,001-1001809-2,849-709-2809,david.guerrero.1809@cliente.test
1811,Sofía Peña Morales,Cedula,001-1001810-3,809-710-2810,sofia.peña.1810@email.do
1812,Rafael Sánchez Ramírez,Cedula,001-1001811-4,829-711-2811,rafael.sanchez.1811@vimenca-demo.local
1813,Héctor Flores Rojas,Cedula,001-1001812-5,829-712-2812,hector.flores.1812@correo.com.do
1814,Andrea Díaz Mendoza,Cedula,001-1001813-6,829-713-2813,andrea.diaz.1813@correo.com.do
1815,Andrea Morales Ortiz,Cedula,001-1001814-7,829-714-2814,andrea.morales.1814@email.do
1816,Manuel Díaz Ortiz,Cedula,001-1001815-8,829-715-2815,manuel.diaz.1815@vimenca-demo.local
1817,José Vargas Cabrera,Cedula,001-1001816-9,849-716-2816,jose.vargas.1816@correo.com.do
1818,Luis Mendoza Peña,Cedula,001-1001817-1,829-717-2817,luis.mendoza.1817@email.do
1819,Natalia Cruz Rivera,Cedula,001-1001818-2,849-718-2818,natalia.cruz.1818@vimenca-demo.local
1820,Andrés Ruiz Rojas,Cedula,001-1001819-3,829-719-2819,andres.ruiz.1819@email.do
1821,Ricardo García Peña,Cedula,001-1001820-4,829-720-2820,ricardo.garcia.1820@cliente.test
1822,Rosa Martínez Peña,Cedula,001-1001821-5,829-721-2821,rosa.martinez.1821@email.do
1823,Laura Rojas Cabrera,Cedula,001-1001822-6,829-722-2822,laura.rojas.1822@email.do
1824,Daniel Cabrera Medina,Cedula,001-1001823-7,809-723-2823,daniel.cabrera.1823@cliente.test
1825,Elena Rojas Martínez,Cedula,001-1001824-8,829-724-2824,elena.rojas.1824@cliente.test
1826,Héctor Peña Guerrero,Cedula,001-1001825-9,849-725-2825,hector.peña.1825@vimenca-demo.local
1827,Óscar Cabrera Peña,Cedula,001-1001826-1,809-726-2826,oscar.cabrera.1826@correo.com.do
1828,Valeria Gutiérrez Martínez,Cedula,001-1001827-2,829-727-2827,valeria.gutierrez.1827@vimenca-demo.local
1829,Yolanda Romero Guerrero,Cedula,001-1001828-3,829-728-2828,yolanda.romero.1828@vimenca-demo.local
1830,José Alvarez Rodríguez,Cedula,001-1001829-4,849-729-2829,jose.alvarez.1829@email.do
1831,Iván Medina Vargas,Cedula,001-1001830-5,809-730-2830,ivan.medina.1830@email.do
1832,Fernando Ramírez Vargas,Cedula,001-1001831-6,829-731-2831,fernando.ramirez.1831@vimenca-demo.local
1833,Paola Martínez Pérez,Cedula,001-1001832-7,809-732-2832,paola.martinez.1832@email.do
1834,Lucía Mendoza Alvarez,Cedula,001-1001833-8,849-733-2833,lucia.mendoza.1833@email.do
1835,Héctor Medina Gómez,Cedula,001-1001834-9,829-734-2834,hector.medina.1834@cliente.test
1836,Francisco Flores Sánchez,Cedula,001-1001835-1,829-735-2835,francisco.flores.1835@vimenca-demo.local
1837,Carmen Martínez Morales,Cedula,001-1001836-2,809-736-2836,carmen.martinez.1836@vimenca-demo.local
1838,Fernando Cabrera Cruz,Cedula,001-1001837-3,809-737-2837,fernando.cabrera.1837@email.do
1839,José Peña Ruiz,Cedula,001-1001838-4,809-738-2838,jose.peña.1838@email.do
1840,Pablo Ramírez Flores,Cedula,001-1001839-5,809-739-2839,pablo.ramirez.1839@email.do
1841,Fernando Jiménez Morales,Cedula,001-1001840-6,809-740-2840,fernando.jimenez.1840@vimenca-demo.local
1842,Pedro Díaz Sánchez,Cedula,001-1001841-7,809-741-2841,pedro.diaz.1841@correo.com.do
1843,Lucía Morales Alvarez,Cedula,001-1001842-8,849-742-2842,lucia.morales.1842@cliente.test
1844,Isabella Pérez Torres,Cedula,001-1001843-9,809-743-2843,isabella.perez.1843@email.do
1845,Elena Rivera Romero,Cedula,001-1001844-1,829-744-2844,elena.rivera.1844@cliente.test
1846,Francisco Morales Rojas,Cedula,001-1001845-2,849-745-2845,francisco.morales.1845@email.do
1847,Laura Guerrero Rivera,Cedula,001-1001846-3,829-746-2846,laura.guerrero.1846@email.do
1848,Ana Morales Medina,Cedula,001-1001847-4,809-747-2847,ana.morales.1847@email.do
1849,Diana Flores Torres,Cedula,001-1001848-5,809-748-2848,diana.flores.1848@cliente.test
1850,Alejandro Hernández Castillo,Cedula,001-1001849-6,809-749-2849,alejandro.hernandez.1849@cliente.test
1851,Juan Ortiz González,Cedula,001-1001850-7,849-750-2850,juan.ortiz.1850@vimenca-demo.local
1852,Fernando Castillo Ramírez,Cedula,001-1001851-8,849-751-2851,fernando.castillo.1851@cliente.test
1853,Óscar Romero Jiménez,Cedula,001-1001852-9,809-752-2852,oscar.romero.1852@vimenca-demo.local
1854,Rafael Ruiz Rodríguez,Cedula,001-1001853-1,829-753-2853,rafael.ruiz.1853@correo.com.do
1855,Sofía Ortiz Peña,Cedula,001-1001854-2,849-754-2854,sofia.ortiz.1854@vimenca-demo.local
1856,Yolanda Mendoza Romero,Cedula,001-1001855-3,809-755-2855,yolanda.mendoza.1855@correo.com.do
1857,Valeria Gutiérrez Jiménez,Cedula,001-1001856-4,829-756-2856,valeria.gutierrez.1856@cliente.test
1858,Fernando Castillo Díaz,Cedula,001-1001857-5,849-757-2857,fernando.castillo.1857@email.do
1859,Carlos Hernández Sánchez,Cedula,001-1001858-6,809-758-2858,carlos.hernandez.1858@vimenca-demo.local
1860,Camila Ortiz Peña,Cedula,001-1001859-7,829-759-2859,camila.ortiz.1859@vimenca-demo.local
1861,Francisco Martínez Gómez,Cedula,001-1001860-8,809-760-2860,francisco.martinez.1860@cliente.test
1862,Valeria Pérez Gómez,Cedula,001-1001861-9,809-761-2861,valeria.perez.1861@correo.com.do
1863,Isabella Rojas Guerrero,Cedula,001-1001862-1,849-762-2862,isabella.rojas.1862@vimenca-demo.local
1864,Alejandro Peña Morales,Cedula,001-1001863-2,829-763-2863,alejandro.peña.1863@vimenca-demo.local
1865,Claudia Guerrero Alvarez,Cedula,001-1001864-3,849-764-2864,claudia.guerrero.1864@vimenca-demo.local
1866,Daniel Morales Cabrera,Cedula,001-1001865-4,829-765-2865,daniel.morales.1865@email.do
1867,Isabella Alvarez González,Cedula,001-1001866-5,809-766-2866,isabella.alvarez.1866@cliente.test
1868,Carmen González Rodríguez,Cedula,001-1001867-6,809-767-2867,carmen.gonzalez.1867@email.do
1869,Carlos Ortiz Flores,Cedula,001-1001868-7,849-768-2868,carlos.ortiz.1868@email.do
1870,Pablo Morales Pérez,Cedula,001-1001869-8,809-769-2869,pablo.morales.1869@cliente.test
1871,Iván Díaz Mendoza,Cedula,001-1001870-9,829-770-2870,ivan.diaz.1870@cliente.test
1872,Isabella Pérez Rojas,Cedula,001-1001871-1,809-771-2871,isabella.perez.1871@email.do
1873,Jorge Martínez Ramírez,Cedula,001-1001872-2,809-772-2872,jorge.martinez.1872@vimenca-demo.local
1874,María Romero Gutiérrez,Cedula,001-1001873-3,849-773-2873,maria.romero.1873@vimenca-demo.local
1875,Karina Ramírez Hernández,Cedula,001-1001874-4,849-774-2874,karina.ramirez.1874@correo.com.do
1876,Paola Sánchez Morales,Cedula,001-1001875-5,809-775-2875,paola.sanchez.1875@correo.com.do
1877,Isabella Castillo Pérez,Cedula,001-1001876-6,809-776-2876,isabella.castillo.1876@vimenca-demo.local
1878,Diana Castillo Castillo,Cedula,001-1001877-7,829-777-2877,diana.castillo.1877@correo.com.do
1879,Alejandro Hernández Peña,Cedula,001-1001878-8,829-778-2878,alejandro.hernandez.1878@correo.com.do
1880,Manuel García Martínez,Cedula,001-1001879-9,849-779-2879,manuel.garcia.1879@cliente.test
1881,Gabriela Reyes Vargas,Cedula,001-1001880-1,849-780-2880,gabriela.reyes.1880@vimenca-demo.local
1882,Juan Gómez Rodríguez,Cedula,001-1001881-2,829-781-2881,juan.gomez.1881@cliente.test
1883,Paola González Ramírez,Cedula,001-1001882-3,849-782-2882,paola.gonzalez.1882@correo.com.do
1884,Diana Gómez Medina,Cedula,001-1001883-4,849-783-2883,diana.gomez.1883@correo.com.do
1885,Miguel Ruiz Jiménez,Cedula,001-1001884-5,809-784-2884,miguel.ruiz.1884@cliente.test
1886,Fernando Flores Sánchez,Cedula,001-1001885-6,829-785-2885,fernando.flores.1885@email.do
1887,Pedro García Rojas,Cedula,001-1001886-7,809-786-2886,pedro.garcia.1886@email.do
1888,Ricardo Alvarez Cruz,Cedula,001-1001887-8,849-787-2887,ricardo.alvarez.1887@vimenca-demo.local
1889,Manuel Pérez Rivera,Cedula,001-1001888-9,829-788-2888,manuel.perez.1888@cliente.test
1890,Rosa Cabrera Castillo,Cedula,001-1001889-1,829-789-2889,rosa.cabrera.1889@email.do
1891,Rafael Guerrero Díaz,Cedula,001-1001890-2,829-790-2890,rafael.guerrero.1890@email.do
1892,Iván Cabrera Cruz,Cedula,001-1001891-3,829-791-2891,ivan.cabrera.1891@cliente.test
1893,Paola Jiménez Morales,Cedula,001-1001892-4,829-792-2892,paola.jimenez.1892@correo.com.do
1894,Alejandro Jiménez Sánchez,Cedula,001-1001893-5,849-793-2893,alejandro.jimenez.1893@cliente.test
1895,Óscar Martínez Rodríguez,Cedula,001-1001894-6,829-794-2894,oscar.martinez.1894@vimenca-demo.local
1896,Patricia Vargas Castillo,Cedula,001-1001895-7,829-795-2895,patricia.vargas.1895@email.do
1897,Lucía Vargas Vargas,Cedula,001-1001896-8,829-796-2896,lucia.vargas.1896@correo.com.do
1898,Pablo Morales Martínez,Cedula,001-1001897-9,829-797-2897,pablo.morales.1897@cliente.test
1899,Manuel González Castillo,Cedula,001-1001898-1,809-798-2898,manuel.gonzalez.1898@vimenca-demo.local
1900,Lucía Morales Rivera,Cedula,001-1001899-2,849-799-2899,lucia.morales.1899@correo.com.do
1901,Miguel Peña Rodríguez,Cedula,001-1001900-3,849-800-2900,miguel.peña.1900@correo.com.do
1902,Óscar Morales Pérez,Cedula,001-1001901-4,849-801-2901,oscar.morales.1901@cliente.test
1903,Paola Guerrero Flores,Cedula,001-1001902-5,829-802-2902,paola.guerrero.1902@vimenca-demo.local
1904,Karina Martínez Alvarez,Cedula,001-1001903-6,809-803-2903,karina.martinez.1903@correo.com.do
1905,Pablo Sánchez Medina,Cedula,001-1001904-7,829-804-2904,pablo.sanchez.1904@email.do
1906,Carlos Martínez Morales,Cedula,001-1001905-8,829-805-2905,carlos.martinez.1905@vimenca-demo.local
1907,Karina Romero Reyes,Cedula,001-1001906-9,849-806-2906,karina.romero.1906@cliente.test
1908,Valeria Gómez Peña,Cedula,001-1001907-1,809-807-2907,valeria.gomez.1907@email.do
1909,Ana Martínez Romero,Cedula,001-1001908-2,849-808-2908,ana.martinez.1908@vimenca-demo.local
1910,Rafael Morales Ruiz,Cedula,001-1001909-3,809-809-2909,rafael.morales.1909@correo.com.do
1911,Fernando Pérez García,Cedula,001-1001910-4,849-810-2910,fernando.perez.1910@email.do
1912,Gabriela Reyes Mendoza,Cedula,001-1001911-5,849-811-2911,gabriela.reyes.1911@cliente.test
1913,Yolanda Romero Ortiz,Cedula,001-1001912-6,849-812-2912,yolanda.romero.1912@vimenca-demo.local
1914,Claudia Díaz Mendoza,Cedula,001-1001913-7,829-813-2913,claudia.diaz.1913@cliente.test
1915,Pedro González González,Cedula,001-1001914-8,809-814-2914,pedro.gonzalez.1914@correo.com.do
1916,Andrés Guerrero García,Cedula,001-1001915-9,809-815-2915,andres.guerrero.1915@email.do
1917,Laura Ortiz Vargas,Cedula,001-1001916-1,849-816-2916,laura.ortiz.1916@email.do
1918,Sofía Morales Guerrero,Cedula,001-1001917-2,809-817-2917,sofia.morales.1917@email.do
1919,Rosa Alvarez Reyes,Cedula,001-1001918-3,829-818-2918,rosa.alvarez.1918@email.do
1920,Óscar García Pérez,Cedula,001-1001919-4,809-819-2919,oscar.garcia.1919@email.do
1921,Iván Ortiz Ortiz,Cedula,001-1001920-5,829-820-2920,ivan.ortiz.1920@correo.com.do
1922,Karina Torres Ramírez,Cedula,001-1001921-6,849-821-2921,karina.torres.1921@vimenca-demo.local
1923,Fernando Rodríguez Gómez,Cedula,001-1001922-7,809-822-2922,fernando.rodriguez.1922@correo.com.do
1924,Óscar Morales Rojas,Cedula,001-1001923-8,849-823-2923,oscar.morales.1923@cliente.test
1925,Karina Jiménez Romero,Cedula,001-1001924-9,809-824-2924,karina.jimenez.1924@vimenca-demo.local
1926,Isabella Cruz Ortiz,Cedula,001-1001925-1,809-825-2925,isabella.cruz.1925@cliente.test
1927,Luis Gutiérrez García,Cedula,001-1001926-2,849-826-2926,luis.gutierrez.1926@cliente.test
1928,Daniel Ruiz Martínez,Cedula,001-1001927-3,849-827-2927,daniel.ruiz.1927@vimenca-demo.local
1929,Héctor Cabrera Ortiz,Cedula,001-1001928-4,829-828-2928,hector.cabrera.1928@correo.com.do
1930,Claudia Vargas Díaz,Cedula,001-1001929-5,849-829-2929,claudia.vargas.1929@cliente.test
1931,Óscar García Sánchez,Cedula,001-1001930-6,849-830-2930,oscar.garcia.1930@vimenca-demo.local
1932,Carmen Ortiz Díaz,Cedula,001-1001931-7,809-831-2931,carmen.ortiz.1931@cliente.test
1933,Camila Torres Hernández,Cedula,001-1001932-8,849-832-2932,camila.torres.1932@vimenca-demo.local
1934,Pablo González Cabrera,Cedula,001-1001933-9,849-833-2933,pablo.gonzalez.1933@vimenca-demo.local
1935,Ricardo Morales Guerrero,Cedula,001-1001934-1,829-834-2934,ricardo.morales.1934@vimenca-demo.local
1936,María Jiménez Ramírez,Cedula,001-1001935-2,849-835-2935,maria.jimenez.1935@vimenca-demo.local
1937,Pedro Castillo Ortiz,Cedula,001-1001936-3,809-836-2936,pedro.castillo.1936@email.do
1938,Carmen Sánchez Jiménez,Cedula,001-1001937-4,809-837-2937,carmen.sanchez.1937@cliente.test
1939,Héctor Ortiz Rivera,Cedula,001-1001938-5,809-838-2938,hector.ortiz.1938@email.do
1940,Natalia Rodríguez García,Cedula,001-1001939-6,829-839-2939,natalia.rodriguez.1939@vimenca-demo.local
1941,Jorge Castillo Sánchez,Cedula,001-1001940-7,849-840-2940,jorge.castillo.1940@email.do
1942,Carlos Medina Martínez,Cedula,001-1001941-8,829-841-2941,carlos.medina.1941@vimenca-demo.local
1943,Andrés Jiménez Torres,Cedula,001-1001942-9,849-842-2942,andres.jimenez.1942@correo.com.do
1944,Patricia Ortiz Flores,Cedula,001-1001943-1,829-843-2943,patricia.ortiz.1943@vimenca-demo.local
1945,Carlos Alvarez Cabrera,Cedula,001-1001944-2,809-844-2944,carlos.alvarez.1944@vimenca-demo.local
1946,Camila Jiménez Castillo,Cedula,001-1001945-3,849-845-2945,camila.jimenez.1945@correo.com.do
1947,Luis Peña Reyes,Cedula,001-1001946-4,809-846-2946,luis.peña.1946@cliente.test
1948,Rafael Medina Jiménez,Cedula,001-1001947-5,849-847-2947,rafael.medina.1947@correo.com.do
1949,Carlos Gutiérrez Pérez,Cedula,001-1001948-6,849-848-2948,carlos.gutierrez.1948@email.do
1950,Andrés Rojas Ramírez,Cedula,001-1001949-7,809-849-2949,andres.rojas.1949@vimenca-demo.local
1951,Diana Mendoza Reyes,Cedula,001-1001950-8,849-850-2950,diana.mendoza.1950@cliente.test
1952,Rafael González Vargas,Cedula,001-1001951-9,829-851-2951,rafael.gonzalez.1951@vimenca-demo.local
1953,Francisco Pérez Rojas,Cedula,001-1001952-1,829-852-2952,francisco.perez.1952@email.do
1954,Héctor Alvarez Alvarez,Cedula,001-1001953-2,809-853-2953,hector.alvarez.1953@correo.com.do
1955,Gabriela Gómez Rivera,Cedula,001-1001954-3,809-854-2954,gabriela.gomez.1954@email.do
1956,Díaz & Mendoza SRL,RNC,1300001955,829-855-2955,elena.diaz.1955@cliente.test
1957,Sofía González Alvarez,Cedula,001-1001956-5,809-856-2956,sofia.gonzalez.1956@cliente.test
1958,Francisco Medina Morales,Cedula,001-1001957-6,829-857-2957,francisco.medina.1957@cliente.test
1959,Pablo Rojas Gutiérrez,Cedula,001-1001958-7,809-858-2958,pablo.rojas.1958@vimenca-demo.local
1960,Iván González Alvarez,Cedula,001-1001959-8,849-859-2959,ivan.gonzalez.1959@correo.com.do
1961,Lucía Martínez Martínez,Cedula,001-1001960-9,829-860-2960,lucia.martinez.1960@vimenca-demo.local
1962,Fernando Alvarez Sánchez,Cedula,001-1001961-1,809-861-2961,fernando.alvarez.1961@cliente.test
1963,Fernando Alvarez Rodríguez,Cedula,001-1001962-2,849-862-2962,fernando.alvarez.1962@email.do
1964,Luis Vargas Mendoza,Cedula,001-1001963-3,829-863-2963,luis.vargas.1963@vimenca-demo.local
1965,Fernando Cabrera Castillo,Cedula,001-1001964-4,849-864-2964,fernando.cabrera.1964@vimenca-demo.local
1966,Daniel Peña Díaz,Cedula,001-1001965-5,829-865-2965,daniel.peña.1965@correo.com.do
1967,Lucía Jiménez Peña,Cedula,001-1001966-6,849-866-2966,lucia.jimenez.1966@email.do
1968,Fernando Reyes Vargas,Cedula,001-1001967-7,849-867-2967,fernando.reyes.1967@email.do
1969,Claudia Medina Jiménez,Cedula,001-1001968-8,849-868-2968,claudia.medina.1968@cliente.test
1970,Jorge Cabrera Medina,Cedula,001-1001969-9,809-869-2969,jorge.cabrera.1969@cliente.test
1971,Rosa Martínez Rodríguez,Cedula,001-1001970-1,829-870-2970,rosa.martinez.1970@vimenca-demo.local
1972,Francisco Gutiérrez Ruiz,Cedula,001-1001971-2,809-871-2971,francisco.gutierrez.1971@vimenca-demo.local
1973,Pedro Gutiérrez Ruiz,Cedula,001-1001972-3,849-872-2972,pedro.gutierrez.1972@vimenca-demo.local
1974,David Alvarez Vargas,Cedula,001-1001973-4,809-873-2973,david.alvarez.1973@email.do
1975,José Cabrera Medina,Cedula,001-1001974-5,809-874-2974,jose.cabrera.1974@vimenca-demo.local
1976,Rosa Romero Morales,Cedula,001-1001975-6,849-875-2975,rosa.romero.1975@correo.com.do
1977,Luis Guerrero Díaz,Cedula,001-1001976-7,849-876-2976,luis.guerrero.1976@vimenca-demo.local
1978,Camila Díaz Pérez,Cedula,001-1001977-8,849-877-2977,camila.diaz.1977@correo.com.do
1979,Andrés Reyes Rivera,Cedula,001-1001978-9,829-878-2978,andres.reyes.1978@correo.com.do
1980,David Torres Medina,Cedula,001-1001979-1,829-879-2979,david.torres.1979@email.do
1981,Rosa Rivera Castillo,Cedula,001-1001980-2,849-880-2980,rosa.rivera.1980@email.do
1982,Ricardo Gutiérrez Romero,Cedula,001-1001981-3,809-881-2981,ricardo.gutierrez.1981@email.do
1983,Daniel Gutiérrez Hernández,Cedula,001-1001982-4,829-882-2982,daniel.gutierrez.1982@email.do
1984,Pablo Pérez González,Cedula,001-1001983-5,829-883-2983,pablo.perez.1983@cliente.test
1985,Pedro Martínez Rodríguez,Cedula,001-1001984-6,809-884-2984,pedro.martinez.1984@cliente.test
1986,Gabriela Ramírez Reyes,Cedula,001-1001985-7,829-885-2985,gabriela.ramirez.1985@correo.com.do
1987,Lucía Cruz Hernández,Cedula,001-1001986-8,829-886-2986,lucia.cruz.1986@cliente.test
1988,Karina Ortiz Vargas,Cedula,001-1001987-9,829-887-2987,karina.ortiz.1987@cliente.test
1989,Isabella Romero Morales,Cedula,001-1001988-1,809-888-2988,isabella.romero.1988@email.do
1990,Camila González Ortiz,Cedula,001-1001989-2,809-889-2989,camila.gonzalez.1989@cliente.test
1991,Camila Rojas Gutiérrez,Cedula,001-1001990-3,849-890-2990,camila.rojas.1990@correo.com.do
1992,Laura Reyes Ortiz,Cedula,001-1001991-4,849-891-2991,laura.reyes.1991@correo.com.do
1993,María Ruiz Díaz,Cedula,001-1001992-5,849-892-2992,maria.ruiz.1992@correo.com.do
1994,Héctor Pérez Pérez,Cedula,001-1001993-6,849-893-2993,hector.perez.1993@vimenca-demo.local
1995,Diana Rodríguez Gutiérrez,Cedula,001-1001994-7,809-894-2994,diana.rodriguez.1994@email.do
1996,Alejandro Rivera Díaz,Cedula,001-1001995-8,829-895-2995,alejandro.rivera.1995@vimenca-demo.local
1997,Isabella García Medina,Cedula,001-1001996-9,809-896-2996,isabella.garcia.1996@email.do
1998,Karina Morales Rodríguez,Cedula,001-1001997-1,829-897-2997,karina.morales.1997@vimenca-demo.local
1999,Laura Sánchez Guerrero,Cedula,001-1001998-2,809-898-2998,laura.sanchez.1998@cliente.test
2000,Andrés Ruiz Díaz,Cedula,001-1001999-3,809-899-2999,andres.ruiz.1999@correo.com.do
2001,Héctor Ortiz Hernández,Cedula,001-1002000-4,849-500-3000,hector.ortiz.2000@vimenca-demo.local
2002,Iván Cabrera Gómez,Cedula,001-1002001-5,829-501-3001,ivan.cabrera.2001@cliente.test
2003,Yolanda González Alvarez,Cedula,001-1002002-6,849-502-3002,yolanda.gonzalez.2002@email.do
2004,Pablo Alvarez Reyes,Cedula,001-1002003-7,809-503-3003,pablo.alvarez.2003@cliente.test
2005,Daniel Martínez Medina,Cedula,001-1002004-8,829-504-3004,daniel.martinez.2004@cliente.test
2006,Patricia Cabrera Cruz,Cedula,001-1002005-9,849-505-3005,patricia.cabrera.2005@vimenca-demo.local
2007,Carlos Castillo Cabrera,Cedula,001-1002006-1,849-506-3006,carlos.castillo.2006@cliente.test
2008,Elena Vargas Martínez,Cedula,001-1002007-2,849-507-3007,elena.vargas.2007@email.do
2009,José Hernández Vargas,Cedula,001-1002008-3,849-508-3008,jose.hernandez.2008@vimenca-demo.local
2010,Andrés Vargas Ruiz,Cedula,001-1002009-4,809-509-3009,andres.vargas.2009@correo.com.do
2011,Claudia Ruiz Hernández,Cedula,001-1002010-5,849-510-3010,claudia.ruiz.2010@correo.com.do
2012,Lucía Ramírez Alvarez,Cedula,001-1002011-6,849-511-3011,lucia.ramirez.2011@cliente.test
2013,José Pérez Castillo,Cedula,001-1002012-7,809-512-3012,jose.perez.2012@email.do
2014,Elena Medina Ramírez,Cedula,001-1002013-8,849-513-3013,elena.medina.2013@email.do
2015,Karina Reyes Martínez,Cedula,001-1002014-9,829-514-3014,karina.reyes.2014@vimenca-demo.local
2016,Karina Rodríguez Ortiz,Cedula,001-1002015-1,829-515-3015,karina.rodriguez.2015@correo.com.do
2017,Óscar Sánchez Morales,Cedula,001-1002016-2,849-516-3016,oscar.sanchez.2016@correo.com.do
2018,Daniel Cruz Flores,Cedula,001-1002017-3,809-517-3017,daniel.cruz.2017@correo.com.do
2019,Rafael Ruiz Sánchez,Cedula,001-1002018-4,809-518-3018,rafael.ruiz.2018@vimenca-demo.local
2020,Ana Flores Alvarez,Cedula,001-1002019-5,809-519-3019,ana.flores.2019@correo.com.do
2021,Rosa Morales Castillo,Cedula,001-1002020-6,809-520-3020,rosa.morales.2020@email.do
2022,Claudia Gómez Sánchez,Cedula,001-1002021-7,849-521-3021,claudia.gomez.2021@correo.com.do
2023,Luis Rivera Cruz,Cedula,001-1002022-8,829-522-3022,luis.rivera.2022@correo.com.do
2024,Manuel Morales Cabrera,Cedula,001-1002023-9,829-523-3023,manuel.morales.2023@vimenca-demo.local
2025,Ricardo Guerrero Cabrera,Cedula,001-1002024-1,809-524-3024,ricardo.guerrero.2024@correo.com.do
2026,Carmen Torres Alvarez,Cedula,001-1002025-2,829-525-3025,carmen.torres.2025@email.do
2027,Camila Alvarez Gutiérrez,Cedula,001-1002026-3,809-526-3026,camila.alvarez.2026@cliente.test
2028,Elena Rodríguez Gómez,Cedula,001-1002027-4,849-527-3027,elena.rodriguez.2027@cliente.test
2029,Héctor Martínez Ortiz,Cedula,001-1002028-5,829-528-3028,hector.martinez.2028@correo.com.do
2030,Patricia Peña Cabrera,Cedula,001-1002029-6,829-529-3029,patricia.peña.2029@correo.com.do
2031,Natalia Hernández Castillo,Cedula,001-1002030-7,809-530-3030,natalia.hernandez.2030@correo.com.do
2032,Natalia Vargas Medina,Cedula,001-1002031-8,829-531-3031,natalia.vargas.2031@email.do
2033,Paola Morales Reyes,Cedula,001-1002032-9,849-532-3032,paola.morales.2032@correo.com.do
2034,Camila Ramírez Medina,Cedula,001-1002033-1,829-533-3033,camila.ramirez.2033@email.do
2035,Andrea Sánchez Medina,Cedula,001-1002034-2,849-534-3034,andrea.sanchez.2034@email.do
2036,Óscar Peña Ruiz,Cedula,001-1002035-3,809-535-3035,oscar.peña.2035@cliente.test
2037,Juan Guerrero Reyes,Cedula,001-1002036-4,849-536-3036,juan.guerrero.2036@vimenca-demo.local
2038,María García Rodríguez,Cedula,001-1002037-5,829-537-3037,maria.garcia.2037@cliente.test
2039,Yolanda Flores Guerrero,Cedula,001-1002038-6,829-538-3038,yolanda.flores.2038@cliente.test
2040,Laura Hernández Guerrero,Cedula,001-1002039-7,809-539-3039,laura.hernandez.2039@vimenca-demo.local
2041,María Romero Ruiz,Cedula,001-1002040-8,829-540-3040,maria.romero.2040@correo.com.do
2042,Pedro Cruz Mendoza,Cedula,001-1002041-9,809-541-3041,pedro.cruz.2041@correo.com.do
2043,Natalia Flores Cabrera,Cedula,001-1002042-1,809-542-3042,natalia.flores.2042@cliente.test
2044,Claudia Gutiérrez Medina,Cedula,001-1002043-2,849-543-3043,claudia.gutierrez.2043@vimenca-demo.local
2045,David Vargas Flores,Cedula,001-1002044-3,829-544-3044,david.vargas.2044@cliente.test
2046,Sofía Castillo Gómez,Cedula,001-1002045-4,809-545-3045,sofia.castillo.2045@vimenca-demo.local
2047,Pablo Jiménez Gómez,Cedula,001-1002046-5,849-546-3046,pablo.jimenez.2046@correo.com.do
2048,Francisco Vargas Peña,Cedula,001-1002047-6,849-547-3047,francisco.vargas.2047@correo.com.do
2049,Gabriela García Cabrera,Cedula,001-1002048-7,849-548-3048,gabriela.garcia.2048@correo.com.do
2050,Ana Morales Ruiz,Cedula,001-1002049-8,829-549-3049,ana.morales.2049@cliente.test
2051,Andrea Martínez Medina,Cedula,001-1002050-9,849-550-3050,andrea.martinez.2050@correo.com.do
2052,José Cabrera Guerrero,Cedula,001-1002051-1,849-551-3051,jose.cabrera.2051@cliente.test
2053,Andrés Díaz Guerrero,Cedula,001-1002052-2,849-552-3052,andres.diaz.2052@cliente.test
2054,Jorge Cruz Sánchez,Cedula,001-1002053-3,809-553-3053,jorge.cruz.2053@correo.com.do
2055,Pablo Díaz Peña,Cedula,001-1002054-4,829-554-3054,pablo.diaz.2054@email.do
2056,Juan Torres Romero,Cedula,001-1002055-5,829-555-3055,juan.torres.2055@correo.com.do
2057,Jorge Ramírez Martínez,Cedula,001-1002056-6,849-556-3056,jorge.ramirez.2056@vimenca-demo.local
2058,Patricia Torres Ortiz,Cedula,001-1002057-7,809-557-3057,patricia.torres.2057@vimenca-demo.local
2059,Elena Ortiz Cabrera,Cedula,001-1002058-8,809-558-3058,elena.ortiz.2058@email.do
2060,Carmen Guerrero Vargas,Cedula,001-1002059-9,809-559-3059,carmen.guerrero.2059@cliente.test
2061,Elena Hernández Gutiérrez,Cedula,001-1002060-1,809-560-3060,elena.hernandez.2060@cliente.test
2062,Natalia Ramírez Castillo,Cedula,001-1002061-2,809-561-3061,natalia.ramirez.2061@email.do
2063,Karina González Romero,Cedula,001-1002062-3,809-562-3062,karina.gonzalez.2062@correo.com.do
2064,Valeria Peña Hernández,Cedula,001-1002063-4,849-563-3063,valeria.peña.2063@email.do
2065,Elena Ramírez Rojas,Cedula,001-1002064-5,849-564-3064,elena.ramirez.2064@correo.com.do
2066,Andrea Jiménez Flores,Cedula,001-1002065-6,809-565-3065,andrea.jimenez.2065@cliente.test
2067,Óscar Vargas Castillo,Cedula,001-1002066-7,829-566-3066,oscar.vargas.2066@correo.com.do
2068,Óscar Rojas Morales,Cedula,001-1002067-8,809-567-3067,oscar.rojas.2067@vimenca-demo.local
2069,Lucía Reyes Ortiz,Cedula,001-1002068-9,849-568-3068,lucia.reyes.2068@vimenca-demo.local
2070,Carlos Cabrera Romero,Cedula,001-1002069-1,809-569-3069,carlos.cabrera.2069@email.do
2071,Elena Peña Morales,Cedula,001-1002070-2,829-570-3070,elena.peña.2070@cliente.test
2072,Juan Cruz Ramírez,Cedula,001-1002071-3,809-571-3071,juan.cruz.2071@vimenca-demo.local
2073,Paola Medina García,Cedula,001-1002072-4,849-572-3072,paola.medina.2072@email.do
2074,Óscar Martínez Peña,Cedula,001-1002073-5,809-573-3073,oscar.martinez.2073@email.do
2075,María Gómez Rivera,Cedula,001-1002074-6,849-574-3074,maria.gomez.2074@correo.com.do
2076,Rafael García Ortiz,Cedula,001-1002075-7,809-575-3075,rafael.garcia.2075@cliente.test
2077,Karina Medina Vargas,Cedula,001-1002076-8,829-576-3076,karina.medina.2076@vimenca-demo.local
2078,Sofía Pérez Ortiz,Cedula,001-1002077-9,829-577-3077,sofia.perez.2077@email.do
2079,Luis Guerrero Gómez,Cedula,001-1002078-1,809-578-3078,luis.guerrero.2078@email.do
2080,Yolanda Jiménez Reyes,Cedula,001-1002079-2,849-579-3079,yolanda.jimenez.2079@correo.com.do
2081,Iván Hernández Pérez,Cedula,001-1002080-3,809-580-3080,ivan.hernandez.2080@correo.com.do
2082,Carlos Cruz Gómez,Cedula,001-1002081-4,809-581-3081,carlos.cruz.2081@correo.com.do
2083,Luis Peña Medina,Cedula,001-1002082-5,809-582-3082,luis.peña.2082@cliente.test
2084,Rosa Jiménez Vargas,Cedula,001-1002083-6,809-583-3083,rosa.jimenez.2083@cliente.test
2085,Rafael Castillo Rodríguez,Cedula,001-1002084-7,829-584-3084,rafael.castillo.2084@correo.com.do
2086,Ricardo Cruz Pérez,Cedula,001-1002085-8,809-585-3085,ricardo.cruz.2085@cliente.test
2087,Yolanda Medina Castillo,Cedula,001-1002086-9,829-586-3086,yolanda.medina.2086@correo.com.do
2088,Ricardo Reyes Medina,Cedula,001-1002087-1,849-587-3087,ricardo.reyes.2087@cliente.test
2089,Claudia Pérez Gómez,Cedula,001-1002088-2,829-588-3088,claudia.perez.2088@correo.com.do
2090,Lucía Gómez Hernández,Cedula,001-1002089-3,809-589-3089,lucia.gomez.2089@email.do
2091,Rafael García Jiménez,Cedula,001-1002090-4,849-590-3090,rafael.garcia.2090@correo.com.do
2092,Carmen Cabrera Hernández,Cedula,001-1002091-5,849-591-3091,carmen.cabrera.2091@email.do
2093,Camila Flores Díaz,Cedula,001-1002092-6,829-592-3092,camila.flores.2092@cliente.test
2094,Claudia Reyes Sánchez,Cedula,001-1002093-7,809-593-3093,claudia.reyes.2093@email.do
2095,Carlos Rodríguez González,Cedula,001-1002094-8,849-594-3094,carlos.rodriguez.2094@vimenca-demo.local
2096,Óscar Gutiérrez Vargas,Cedula,001-1002095-9,829-595-3095,oscar.gutierrez.2095@vimenca-demo.local
2097,Karina Cabrera Ruiz,Cedula,001-1002096-1,809-596-3096,karina.cabrera.2096@email.do
2098,Gabriela Rivera Jiménez,Cedula,001-1002097-2,829-597-3097,gabriela.rivera.2097@vimenca-demo.local
2099,Alejandro García Gutiérrez,Cedula,001-1002098-3,809-598-3098,alejandro.garcia.2098@email.do
2100,Sofía Gutiérrez Guerrero,Cedula,001-1002099-4,829-599-3099,sofia.gutierrez.2099@correo.com.do
2101,Jorge Ramírez Ramírez,Cedula,001-1002100-5,809-600-3100,jorge.ramirez.2100@email.do
2102,David Ramírez Castillo,Cedula,001-1002101-6,849-601-3101,david.ramirez.2101@cliente.test
2103,Pablo Jiménez Mendoza,Cedula,001-1002102-7,849-602-3102,pablo.jimenez.2102@vimenca-demo.local
2104,Paola Gómez Jiménez,Cedula,001-1002103-8,829-603-3103,paola.gomez.2103@vimenca-demo.local
2105,David Sánchez Pérez,Cedula,001-1002104-9,809-604-3104,david.sanchez.2104@cliente.test
2106,Isabella Torres Peña,Cedula,001-1002105-1,849-605-3105,isabella.torres.2105@correo.com.do
2107,Patricia Mendoza Torres,Cedula,001-1002106-2,849-606-3106,patricia.mendoza.2106@cliente.test
2108,Laura Torres Ortiz,Cedula,001-1002107-3,849-607-3107,laura.torres.2107@vimenca-demo.local
2109,Ricardo Ramírez Cruz,Cedula,001-1002108-4,809-608-3108,ricardo.ramirez.2108@email.do
2110,Alejandro García Martínez,Cedula,001-1002109-5,809-609-3109,alejandro.garcia.2109@vimenca-demo.local
2111,Natalia Pérez González,Cedula,001-1002110-6,829-610-3110,natalia.perez.2110@vimenca-demo.local
2112,Carmen Vargas Hernández,Cedula,001-1002111-7,809-611-3111,carmen.vargas.2111@vimenca-demo.local
2113,José Ramírez Ramírez,Cedula,001-1002112-8,809-612-3112,jose.ramirez.2112@vimenca-demo.local
2114,Patricia Cabrera Flores,Cedula,001-1002113-9,829-613-3113,patricia.cabrera.2113@email.do
2115,Natalia Torres Sánchez,Cedula,001-1002114-1,809-614-3114,natalia.torres.2114@email.do
2116,Ana Guerrero Flores,Cedula,001-1002115-2,809-615-3115,ana.guerrero.2115@correo.com.do
2117,Francisco Cruz Vargas,Cedula,001-1002116-3,829-616-3116,francisco.cruz.2116@correo.com.do
2118,Laura Rivera Reyes,Cedula,001-1002117-4,829-617-3117,laura.rivera.2117@email.do
2119,Alejandro Castillo Sánchez,Cedula,001-1002118-5,849-618-3118,alejandro.castillo.2118@cliente.test
2120,Miguel Pérez González,Cedula,001-1002119-6,809-619-3119,miguel.perez.2119@email.do
2121,Carmen Ruiz Cruz,Cedula,001-1002120-7,829-620-3120,carmen.ruiz.2120@vimenca-demo.local
2122,Yolanda Morales Vargas,Cedula,001-1002121-8,809-621-3121,yolanda.morales.2121@email.do
2123,Claudia Hernández Ramírez,Cedula,001-1002122-9,809-622-3122,claudia.hernandez.2122@vimenca-demo.local
2124,Daniel Torres Rodríguez,Cedula,001-1002123-1,809-623-3123,daniel.torres.2123@vimenca-demo.local
2125,Camila Hernández Cabrera,Cedula,001-1002124-2,809-624-3124,camila.hernandez.2124@cliente.test
2126,Pedro Medina Ortiz,Cedula,001-1002125-3,809-625-3125,pedro.medina.2125@correo.com.do
2127,Camila Cruz Alvarez,Cedula,001-1002126-4,829-626-3126,camila.cruz.2126@vimenca-demo.local
2128,Lucía Reyes Sánchez,Cedula,001-1002127-5,849-627-3127,lucia.reyes.2127@vimenca-demo.local
2129,Alejandro Gutiérrez Mendoza,Cedula,001-1002128-6,849-628-3128,alejandro.gutierrez.2128@cliente.test
2130,Isabella Ortiz Flores,Cedula,001-1002129-7,849-629-3129,isabella.ortiz.2129@cliente.test
2131,Karina Vargas Rodríguez,Cedula,001-1002130-8,809-630-3130,karina.vargas.2130@email.do
2132,Carmen Reyes Rojas,Cedula,001-1002131-9,829-631-3131,carmen.reyes.2131@email.do
2133,Laura Rivera Morales,Cedula,001-1002132-1,849-632-3132,laura.rivera.2132@cliente.test
2134,María Peña Guerrero,Cedula,001-1002133-2,829-633-3133,maria.peña.2133@vimenca-demo.local
2135,Natalia Martínez González,Cedula,001-1002134-3,829-634-3134,natalia.martinez.2134@correo.com.do
2136,Iván Gutiérrez Díaz,Cedula,001-1002135-4,849-635-3135,ivan.gutierrez.2135@email.do
2137,Carlos Reyes Gutiérrez,Cedula,001-1002136-5,829-636-3136,carlos.reyes.2136@vimenca-demo.local
2138,Iván Reyes Morales,Cedula,001-1002137-6,829-637-3137,ivan.reyes.2137@cliente.test
2139,Isabella Gómez Flores,Cedula,001-1002138-7,809-638-3138,isabella.gomez.2138@cliente.test
2140,Ana Reyes Torres,Cedula,001-1002139-8,849-639-3139,ana.reyes.2139@vimenca-demo.local
2141,Miguel Díaz Cabrera,Cedula,001-1002140-9,829-640-3140,miguel.diaz.2140@correo.com.do
2142,Camila Gutiérrez Ruiz,Cedula,001-1002141-1,829-641-3141,camila.gutierrez.2141@correo.com.do
2143,Patricia Pérez Pérez,Cedula,001-1002142-2,829-642-3142,patricia.perez.2142@correo.com.do
2144,Carlos Ruiz Ramírez,Cedula,001-1002143-3,809-643-3143,carlos.ruiz.2143@vimenca-demo.local
2145,David Flores Rivera,Cedula,001-1002144-4,809-644-3144,david.flores.2144@vimenca-demo.local
2146,Yolanda González Rojas,Cedula,001-1002145-5,809-645-3145,yolanda.gonzalez.2145@vimenca-demo.local
2147,Rosa Rivera Guerrero,Cedula,001-1002146-6,829-646-3146,rosa.rivera.2146@vimenca-demo.local
2148,Fernando Guerrero Hernández,Cedula,001-1002147-7,829-647-3147,fernando.guerrero.2147@correo.com.do
2149,Camila Alvarez González,Cedula,001-1002148-8,809-648-3148,camila.alvarez.2148@cliente.test
2150,Patricia Romero Romero,Cedula,001-1002149-9,829-649-3149,patricia.romero.2149@email.do
2151,Patricia Gutiérrez Hernández,Cedula,001-1002150-1,849-650-3150,patricia.gutierrez.2150@cliente.test
2152,Pablo Gómez Medina,Cedula,001-1002151-2,829-651-3151,pablo.gomez.2151@correo.com.do
2153,Carmen Morales Alvarez,Cedula,001-1002152-3,809-652-3152,carmen.morales.2152@cliente.test
2154,Iván Reyes Rojas,Cedula,001-1002153-4,829-653-3153,ivan.reyes.2153@correo.com.do
2155,Francisco Hernández Rojas,Cedula,001-1002154-5,829-654-3154,francisco.hernandez.2154@email.do
2156,Juan Ortiz Medina,Cedula,001-1002155-6,829-655-3155,juan.ortiz.2155@vimenca-demo.local
2157,Patricia Morales Morales,Cedula,001-1002156-7,849-656-3156,patricia.morales.2156@cliente.test
2158,Andrea Rivera Gómez,Cedula,001-1002157-8,849-657-3157,andrea.rivera.2157@correo.com.do
2159,Carlos Peña González,Cedula,001-1002158-9,829-658-3158,carlos.peña.2158@email.do
2160,Paola Vargas Medina,Cedula,001-1002159-1,829-659-3159,paola.vargas.2159@cliente.test
2161,Laura Cruz Martínez,Cedula,001-1002160-2,809-660-3160,laura.cruz.2160@cliente.test
2162,Gabriela Pérez Gómez,Cedula,001-1002161-3,849-661-3161,gabriela.perez.2161@cliente.test
2163,Rosa Martínez Sánchez,Cedula,001-1002162-4,849-662-3162,rosa.martinez.2162@correo.com.do
2164,Natalia Sánchez Rodríguez,Cedula,001-1002163-5,809-663-3163,natalia.sanchez.2163@cliente.test
2165,Ana Ramírez Martínez,Cedula,001-1002164-6,829-664-3164,ana.ramirez.2164@cliente.test
2166,Laura Torres Rivera,Cedula,001-1002165-7,829-665-3165,laura.torres.2165@correo.com.do
2167,Luis Díaz Gutiérrez,Cedula,001-1002166-8,809-666-3166,luis.diaz.2166@correo.com.do
2168,Daniel Rojas Peña,Cedula,001-1002167-9,829-667-3167,daniel.rojas.2167@cliente.test
2169,María Pérez González,Cedula,001-1002168-1,829-668-3168,maria.perez.2168@cliente.test
2170,Miguel Cruz Cabrera,Cedula,001-1002169-2,809-669-3169,miguel.cruz.2169@email.do
2171,Laura Rivera Morales,Cedula,001-1002170-3,809-670-3170,laura.rivera.2170@cliente.test
2172,Yolanda Hernández Rivera,Cedula,001-1002171-4,849-671-3171,yolanda.hernandez.2171@email.do
2173,Pablo Flores Ramírez,Cedula,001-1002172-5,809-672-3172,pablo.flores.2172@correo.com.do
2174,Iván Martínez Guerrero,Cedula,001-1002173-6,849-673-3173,ivan.martinez.2173@cliente.test
2175,Sofía Gutiérrez Gómez,Cedula,001-1002174-7,829-674-3174,sofia.gutierrez.2174@cliente.test
2176,Pablo Hernández Rodríguez,Cedula,001-1002175-8,829-675-3175,pablo.hernandez.2175@correo.com.do
2177,Pablo Díaz Mendoza,Cedula,001-1002176-9,829-676-3176,pablo.diaz.2176@vimenca-demo.local
2178,Claudia Guerrero Medina,Cedula,001-1002177-1,829-677-3177,claudia.guerrero.2177@email.do
2179,Sofía Sánchez Cabrera,Cedula,001-1002178-2,829-678-3178,sofia.sanchez.2178@cliente.test
2180,Ricardo Peña Castillo,Cedula,001-1002179-3,849-679-3179,ricardo.peña.2179@email.do
2181,Paola Pérez Cruz,Cedula,001-1002180-4,809-680-3180,paola.perez.2180@correo.com.do
2182,María Flores Cabrera,Cedula,001-1002181-5,849-681-3181,maria.flores.2181@vimenca-demo.local
2183,Miguel Mendoza Romero,Cedula,001-1002182-6,829-682-3182,miguel.mendoza.2182@email.do
2184,Héctor Alvarez Ruiz,Cedula,001-1002183-7,829-683-3183,hector.alvarez.2183@correo.com.do
2185,Miguel Alvarez Pérez,Cedula,001-1002184-8,829-684-3184,miguel.alvarez.2184@vimenca-demo.local
2186,Iván Sánchez Flores,Cedula,001-1002185-9,849-685-3185,ivan.sanchez.2185@email.do
2187,Carlos Reyes García,Cedula,001-1002186-1,849-686-3186,carlos.reyes.2186@correo.com.do
2188,Pablo Cruz Gómez,Cedula,001-1002187-2,809-687-3187,pablo.cruz.2187@cliente.test
2189,Fernando Rodríguez García,Cedula,001-1002188-3,809-688-3188,fernando.rodriguez.2188@vimenca-demo.local
2190,Francisco Gómez Castillo,Cedula,001-1002189-4,829-689-3189,francisco.gomez.2189@cliente.test
2191,Pablo Martínez Martínez,Cedula,001-1002190-5,849-690-3190,pablo.martinez.2190@email.do
2192,Iván González Ortiz,Cedula,001-1002191-6,809-691-3191,ivan.gonzalez.2191@vimenca-demo.local
2193,María Guerrero García,Cedula,001-1002192-7,809-692-3192,maria.guerrero.2192@correo.com.do
2194,Diana Pérez Ruiz,Cedula,001-1002193-8,809-693-3193,diana.perez.2193@cliente.test
2195,Miguel Castillo Alvarez,Cedula,001-1002194-9,849-694-3194,miguel.castillo.2194@correo.com.do
2196,Elena González Reyes,Cedula,001-1002195-1,809-695-3195,elena.gonzalez.2195@vimenca-demo.local
2197,Laura Mendoza Rodríguez,Cedula,001-1002196-2,829-696-3196,laura.mendoza.2196@email.do
2198,Luis Guerrero Vargas,Cedula,001-1002197-3,829-697-3197,luis.guerrero.2197@correo.com.do
2199,Rosa Reyes Rodríguez,Cedula,001-1002198-4,809-698-3198,rosa.reyes.2198@correo.com.do
2200,Ricardo Alvarez Ramírez,Cedula,001-1002199-5,829-699-3199,ricardo.alvarez.2199@email.do
2201,Sofía Ramírez Martínez,Cedula,001-1002200-6,829-700-3200,sofia.ramirez.2200@correo.com.do
2202,José García Gómez,Cedula,001-1002201-7,849-701-3201,jose.garcia.2201@email.do
2203,Miguel Torres Cabrera,Cedula,001-1002202-8,849-702-3202,miguel.torres.2202@correo.com.do
2204,María Romero Sánchez,Cedula,001-1002203-9,829-703-3203,maria.romero.2203@correo.com.do
2205,Camila Pérez Guerrero,Cedula,001-1002204-1,829-704-3204,camila.perez.2204@vimenca-demo.local
2206,Natalia Vargas Ramírez,Cedula,001-1002205-2,849-705-3205,natalia.vargas.2205@email.do
2207,Fernando Morales Pérez,Cedula,001-1002206-3,809-706-3206,fernando.morales.2206@email.do
2208,Rafael Díaz Gómez,Cedula,001-1002207-4,809-707-3207,rafael.diaz.2207@email.do
2209,Fernando Vargas Gómez,Cedula,001-1002208-5,829-708-3208,fernando.vargas.2208@correo.com.do
2210,Laura Reyes Torres,Cedula,001-1002209-6,849-709-3209,laura.reyes.2209@correo.com.do
2211,Elena Vargas Jiménez,Cedula,001-1002210-7,809-710-3210,elena.vargas.2210@vimenca-demo.local
2212,Miguel Cabrera Ramírez,Cedula,001-1002211-8,829-711-3211,miguel.cabrera.2211@cliente.test
2213,Yolanda Ortiz Pérez,Cedula,001-1002212-9,829-712-3212,yolanda.ortiz.2212@email.do
2214,Rafael Jiménez Gómez,Cedula,001-1002213-1,849-713-3213,rafael.jimenez.2213@cliente.test
2215,Francisco Gómez Sánchez,Cedula,001-1002214-2,849-714-3214,francisco.gomez.2214@vimenca-demo.local
2216,Gabriela Martínez Gómez,Cedula,001-1002215-3,849-715-3215,gabriela.martinez.2215@correo.com.do
2217,Karina Reyes Cruz,Cedula,001-1002216-4,849-716-3216,karina.reyes.2216@email.do
2218,Karina Mendoza García,Cedula,001-1002217-5,809-717-3217,karina.mendoza.2217@email.do
2219,Claudia Alvarez Cabrera,Cedula,001-1002218-6,829-718-3218,claudia.alvarez.2218@correo.com.do
2220,Sofía Romero Morales,Cedula,001-1002219-7,849-719-3219,sofia.romero.2219@email.do
2221,Pedro Rodríguez González,Cedula,001-1002220-8,829-720-3220,pedro.rodriguez.2220@vimenca-demo.local
2222,Diana Ramírez González,Cedula,001-1002221-9,809-721-3221,diana.ramirez.2221@cliente.test
2223,Carlos Torres Peña,Cedula,001-1002222-1,849-722-3222,carlos.torres.2222@cliente.test
2224,David González Flores,Cedula,001-1002223-2,849-723-3223,david.gonzalez.2223@vimenca-demo.local
2225,Carlos Gutiérrez Medina,Cedula,001-1002224-3,849-724-3224,carlos.gutierrez.2224@cliente.test
2226,Diana Alvarez García,Cedula,001-1002225-4,849-725-3225,diana.alvarez.2225@email.do
2227,David Gómez Torres,Cedula,001-1002226-5,849-726-3226,david.gomez.2226@email.do
2228,Luis Peña Peña,Cedula,001-1002227-6,849-727-3227,luis.peña.2227@email.do
2229,Patricia Jiménez Rojas,Cedula,001-1002228-7,849-728-3228,patricia.jimenez.2228@cliente.test
2230,Daniel Sánchez Reyes,Cedula,001-1002229-8,809-729-3229,daniel.sanchez.2229@correo.com.do
2231,Isabella Martínez Ramírez,Cedula,001-1002230-9,849-730-3230,isabella.martinez.2230@correo.com.do
2232,Manuel Ramírez González,Cedula,001-1002231-1,809-731-3231,manuel.ramirez.2231@correo.com.do
2233,Karina Ruiz Guerrero,Cedula,001-1002232-2,809-732-3232,karina.ruiz.2232@email.do
2234,Camila Martínez Morales,Cedula,001-1002233-3,829-733-3233,camila.martinez.2233@cliente.test
2235,María Romero Ramírez,Cedula,001-1002234-4,829-734-3234,maria.romero.2234@email.do
2236,Ana Jiménez Torres,Cedula,001-1002235-5,829-735-3235,ana.jimenez.2235@vimenca-demo.local
2237,Paola Reyes Vargas,Cedula,001-1002236-6,829-736-3236,paola.reyes.2236@email.do
2238,Gabriela Martínez Díaz,Cedula,001-1002237-7,829-737-3237,gabriela.martinez.2237@cliente.test
2239,María Ortiz Reyes,Cedula,001-1002238-8,849-738-3238,maria.ortiz.2238@cliente.test
2240,Claudia Romero Morales,Cedula,001-1002239-9,829-739-3239,claudia.romero.2239@email.do
2241,José Alvarez Cruz,Cedula,001-1002240-1,809-740-3240,jose.alvarez.2240@cliente.test
2242,Rosa Jiménez Ruiz,Cedula,001-1002241-2,849-741-3241,rosa.jimenez.2241@email.do
2243,Ana Flores Cruz,Cedula,001-1002242-3,829-742-3242,ana.flores.2242@cliente.test
2244,Pablo Rivera Cruz,Cedula,001-1002243-4,809-743-3243,pablo.rivera.2243@cliente.test
2245,David González Mendoza,Cedula,001-1002244-5,809-744-3244,david.gonzalez.2244@cliente.test
2246,Manuel Peña Ramírez,Cedula,001-1002245-6,809-745-3245,manuel.peña.2245@correo.com.do
2247,Camila Romero Romero,Cedula,001-1002246-7,829-746-3246,camila.romero.2246@vimenca-demo.local
2248,Fernando Peña Morales,Cedula,001-1002247-8,849-747-3247,fernando.peña.2247@cliente.test
2249,Alejandro Cruz Ortiz,Cedula,001-1002248-9,849-748-3248,alejandro.cruz.2248@vimenca-demo.local
2250,Karina Martínez Morales,Cedula,001-1002249-1,809-749-3249,karina.martinez.2249@correo.com.do
2251,Ricardo Peña Hernández,Cedula,001-1002250-2,809-750-3250,ricardo.peña.2250@email.do
2252,Óscar Flores Alvarez,Cedula,001-1002251-3,849-751-3251,oscar.flores.2251@vimenca-demo.local
2253,Isabella Vargas Mendoza,Cedula,001-1002252-4,849-752-3252,isabella.vargas.2252@vimenca-demo.local
2254,Luis Vargas Cruz,Cedula,001-1002253-5,849-753-3253,luis.vargas.2253@cliente.test
2255,Sofía Torres Ortiz,Cedula,001-1002254-6,829-754-3254,sofia.torres.2254@correo.com.do
2256,José Mendoza Castillo,Cedula,001-1002255-7,829-755-3255,jose.mendoza.2255@email.do
2257,Yolanda Reyes Castillo,Cedula,001-1002256-8,829-756-3256,yolanda.reyes.2256@email.do
2258,Sofía Jiménez Hernández,Cedula,001-1002257-9,809-757-3257,sofia.jimenez.2257@email.do
2259,Andrés Alvarez Martínez,Cedula,001-1002258-1,829-758-3258,andres.alvarez.2258@cliente.test
2260,Karina Cabrera Martínez,Cedula,001-1002259-2,829-759-3259,karina.cabrera.2259@email.do
2261,María Guerrero Morales,Cedula,001-1002260-3,849-760-3260,maria.guerrero.2260@vimenca-demo.local
2262,Rosa Gutiérrez Ruiz,Cedula,001-1002261-4,849-761-3261,rosa.gutierrez.2261@cliente.test
2263,Rosa Romero Morales,Cedula,001-1002262-5,809-762-3262,rosa.romero.2262@correo.com.do
2264,Paola Alvarez Medina,Cedula,001-1002263-6,809-763-3263,paola.alvarez.2263@vimenca-demo.local
2265,Elena Romero Ramírez,Cedula,001-1002264-7,849-764-3264,elena.romero.2264@cliente.test
2266,Rosa García Sánchez,Cedula,001-1002265-8,809-765-3265,rosa.garcia.2265@cliente.test
2267,Rafael Martínez Alvarez,Cedula,001-1002266-9,849-766-3266,rafael.martinez.2266@cliente.test
2268,Héctor Vargas Rivera,Cedula,001-1002267-1,809-767-3267,hector.vargas.2267@cliente.test
2269,Ana Díaz Sánchez,Cedula,001-1002268-2,809-768-3268,ana.diaz.2268@email.do
2270,Isabella Sánchez Gutiérrez,Cedula,001-1002269-3,829-769-3269,isabella.sanchez.2269@correo.com.do
2271,Paola Guerrero Ramírez,Cedula,001-1002270-4,809-770-3270,paola.guerrero.2270@email.do
2272,Luis Romero Sánchez,Cedula,001-1002271-5,829-771-3271,luis.romero.2271@email.do
2273,Héctor Reyes Vargas,Cedula,001-1002272-6,849-772-3272,hector.reyes.2272@correo.com.do
2274,María Martínez Rivera,Cedula,001-1002273-7,829-773-3273,maria.martinez.2273@correo.com.do
2275,Andrés Flores Martínez,Cedula,001-1002274-8,809-774-3274,andres.flores.2274@vimenca-demo.local
2276,Karina Torres Ortiz,Cedula,001-1002275-9,849-775-3275,karina.torres.2275@cliente.test
2277,Rafael García Rodríguez,Cedula,001-1002276-1,809-776-3276,rafael.garcia.2276@vimenca-demo.local
2278,Karina Medina Rodríguez,Cedula,001-1002277-2,809-777-3277,karina.medina.2277@correo.com.do
2279,Lucía Medina García,Cedula,001-1002278-3,849-778-3278,lucia.medina.2278@cliente.test
2280,Lucía Alvarez Flores,Cedula,001-1002279-4,829-779-3279,lucia.alvarez.2279@cliente.test
2281,David Jiménez Morales,Cedula,001-1002280-5,829-780-3280,david.jimenez.2280@vimenca-demo.local
2282,David Gómez Guerrero,Cedula,001-1002281-6,829-781-3281,david.gomez.2281@email.do
2283,Fernando Cruz Jiménez,Cedula,001-1002282-7,829-782-3282,fernando.cruz.2282@correo.com.do
2284,David Medina Pérez,Cedula,001-1002283-8,829-783-3283,david.medina.2283@correo.com.do
2285,Fernando Romero Guerrero,Cedula,001-1002284-9,809-784-3284,fernando.romero.2284@email.do
2286,Yolanda Pérez Rojas,Cedula,001-1002285-1,849-785-3285,yolanda.perez.2285@vimenca-demo.local
2287,Sofía Díaz Reyes,Cedula,001-1002286-2,849-786-3286,sofia.diaz.2286@cliente.test
2288,Héctor Castillo Ramírez,Cedula,001-1002287-3,849-787-3287,hector.castillo.2287@correo.com.do
2289,Daniel García Vargas,Cedula,001-1002288-4,809-788-3288,daniel.garcia.2288@vimenca-demo.local
2290,Daniel Castillo Reyes,Cedula,001-1002289-5,849-789-3289,daniel.castillo.2289@email.do
2291,Isabella Cruz Romero,Cedula,001-1002290-6,829-790-3290,isabella.cruz.2290@correo.com.do
2292,Óscar Peña Peña,Cedula,001-1002291-7,849-791-3291,oscar.peña.2291@cliente.test
2293,Rafael Romero Cruz,Cedula,001-1002292-8,849-792-3292,rafael.romero.2292@vimenca-demo.local
2294,Carmen Mendoza González,Cedula,001-1002293-9,809-793-3293,carmen.mendoza.2293@correo.com.do
2295,Isabella Medina Martínez,Cedula,001-1002294-1,849-794-3294,isabella.medina.2294@vimenca-demo.local
2296,Natalia Rojas Reyes,Cedula,001-1002295-2,829-795-3295,natalia.rojas.2295@email.do
2297,Andrés Ortiz Castillo,Cedula,001-1002296-3,809-796-3296,andres.ortiz.2296@email.do
2298,Laura Sánchez Alvarez,Cedula,001-1002297-4,809-797-3297,laura.sanchez.2297@correo.com.do
2299,Óscar Mendoza García,Cedula,001-1002298-5,829-798-3298,oscar.mendoza.2298@email.do
2300,Ricardo Alvarez Flores,Cedula,001-1002299-6,849-799-3299,ricardo.alvarez.2299@email.do
2301,Valeria Castillo Ortiz,Cedula,001-1002300-7,849-800-3300,valeria.castillo.2300@correo.com.do
2302,Francisco Peña Ruiz,Cedula,001-1002301-8,809-801-3301,francisco.peña.2301@cliente.test
2303,David Rojas Torres,Cedula,001-1002302-9,849-802-3302,david.rojas.2302@correo.com.do
2304,David Cruz Peña,Cedula,001-1002303-1,849-803-3303,david.cruz.2303@cliente.test
2305,Natalia Rojas Morales,Cedula,001-1002304-2,809-804-3304,natalia.rojas.2304@email.do
2306,Valeria Pérez Rivera,Cedula,001-1002305-3,809-805-3305,valeria.perez.2305@correo.com.do
2307,Pedro Gómez Romero,Cedula,001-1002306-4,849-806-3306,pedro.gomez.2306@email.do
2308,Andrés Hernández Díaz,Cedula,001-1002307-5,829-807-3307,andres.hernandez.2307@email.do
2309,Ricardo Hernández Romero,Cedula,001-1002308-6,829-808-3308,ricardo.hernandez.2308@correo.com.do
2310,Luis Hernández Ruiz,Cedula,001-1002309-7,829-809-3309,luis.hernandez.2309@email.do
2311,Óscar Gómez Alvarez,Cedula,001-1002310-8,849-810-3310,oscar.gomez.2310@vimenca-demo.local
2312,Francisco Gutiérrez Castillo,Cedula,001-1002311-9,809-811-3311,francisco.gutierrez.2311@email.do
2313,Fernando García Ruiz,Cedula,001-1002312-1,829-812-3312,fernando.garcia.2312@cliente.test
2314,Manuel Guerrero Rivera,Cedula,001-1002313-2,829-813-3313,manuel.guerrero.2313@email.do
2315,Pablo González Jiménez,Cedula,001-1002314-3,809-814-3314,pablo.gonzalez.2314@vimenca-demo.local
2316,Carlos Jiménez Gómez,Cedula,001-1002315-4,849-815-3315,carlos.jimenez.2315@vimenca-demo.local
2317,Andrés Flores Rojas,Cedula,001-1002316-5,849-816-3316,andres.flores.2316@cliente.test
2318,Laura Ortiz Rivera,Cedula,001-1002317-6,809-817-3317,laura.ortiz.2317@cliente.test
2319,David González Guerrero,Cedula,001-1002318-7,849-818-3318,david.gonzalez.2318@email.do
2320,Patricia Mendoza Romero,Cedula,001-1002319-8,809-819-3319,patricia.mendoza.2319@correo.com.do
2321,Isabella Romero Cruz,Cedula,001-1002320-9,849-820-3320,isabella.romero.2320@vimenca-demo.local
2322,María García Ruiz,Cedula,001-1002321-1,829-821-3321,maria.garcia.2321@cliente.test
2323,Óscar Castillo Ortiz,Cedula,001-1002322-2,829-822-3322,oscar.castillo.2322@vimenca-demo.local
2324,Fernando Martínez Gutiérrez,Cedula,001-1002323-3,829-823-3323,fernando.martinez.2323@vimenca-demo.local
2325,Carmen Mendoza Rojas,Cedula,001-1002324-4,809-824-3324,carmen.mendoza.2324@cliente.test
2326,Francisco Gómez Alvarez,Cedula,001-1002325-5,849-825-3325,francisco.gomez.2325@correo.com.do
2327,Rosa Reyes Vargas,Cedula,001-1002326-6,849-826-3326,rosa.reyes.2326@email.do
2328,Francisco Reyes Mendoza,Cedula,001-1002327-7,829-827-3327,francisco.reyes.2327@cliente.test
2329,Manuel Ramírez Ramírez,Cedula,001-1002328-8,849-828-3328,manuel.ramirez.2328@email.do
2330,Juan Díaz Romero,Cedula,001-1002329-9,849-829-3329,juan.diaz.2329@correo.com.do
2331,Manuel Cruz Morales,Cedula,001-1002330-1,809-830-3330,manuel.cruz.2330@email.do
2332,Rafael Díaz Ortiz,Cedula,001-1002331-2,809-831-3331,rafael.diaz.2331@email.do
2333,Andrés Gutiérrez Vargas,Cedula,001-1002332-3,849-832-3332,andres.gutierrez.2332@vimenca-demo.local
2334,Óscar González Vargas,Cedula,001-1002333-4,809-833-3333,oscar.gonzalez.2333@cliente.test
2335,Carlos Pérez Torres,Cedula,001-1002334-5,829-834-3334,carlos.perez.2334@cliente.test
2336,Rosa Mendoza Jiménez,Cedula,001-1002335-6,849-835-3335,rosa.mendoza.2335@email.do
2337,Ricardo Alvarez Mendoza,Cedula,001-1002336-7,829-836-3336,ricardo.alvarez.2336@correo.com.do
2338,Ricardo Flores Vargas,Cedula,001-1002337-8,829-837-3337,ricardo.flores.2337@cliente.test
2339,Juan Pérez Pérez,Cedula,001-1002338-9,809-838-3338,juan.perez.2338@correo.com.do
2340,Isabella Vargas Castillo,Cedula,001-1002339-1,809-839-3339,isabella.vargas.2339@email.do
2341,Karina Hernández Hernández,Cedula,001-1002340-2,829-840-3340,karina.hernandez.2340@cliente.test
2342,Rafael Medina Hernández,Cedula,001-1002341-3,829-841-3341,rafael.medina.2341@email.do
2343,Gabriela Vargas Mendoza,Cedula,001-1002342-4,829-842-3342,gabriela.vargas.2342@cliente.test
2344,Paola González Pérez,Cedula,001-1002343-5,809-843-3343,paola.gonzalez.2343@vimenca-demo.local
2345,Andrea Sánchez Cruz,Cedula,001-1002344-6,829-844-3344,andrea.sanchez.2344@correo.com.do
2346,Natalia Guerrero Ruiz,Cedula,001-1002345-7,809-845-3345,natalia.guerrero.2345@cliente.test
2347,Guerrero & Hernández SRL,RNC,1300002346,809-846-3346,lucia.guerrero.2346@correo.com.do
2348,Andrés Sánchez Rojas,Cedula,001-1002347-9,809-847-3347,andres.sanchez.2347@email.do
2349,Natalia Reyes Medina,Cedula,001-1002348-1,809-848-3348,natalia.reyes.2348@vimenca-demo.local
2350,Carlos González Hernández,Cedula,001-1002349-2,849-849-3349,carlos.gonzalez.2349@email.do
2351,María Martínez Ruiz,Cedula,001-1002350-3,809-850-3350,maria.martinez.2350@vimenca-demo.local
2352,Pedro Pérez Gutiérrez,Cedula,001-1002351-4,829-851-3351,pedro.perez.2351@vimenca-demo.local
2353,Andrea Sánchez Morales,Cedula,001-1002352-5,809-852-3352,andrea.sanchez.2352@correo.com.do
2354,Rosa Rodríguez Gutiérrez,Cedula,001-1002353-6,849-853-3353,rosa.rodriguez.2353@vimenca-demo.local
2355,Andrea Reyes González,Cedula,001-1002354-7,849-854-3354,andrea.reyes.2354@cliente.test
2356,Daniel Gutiérrez Peña,Cedula,001-1002355-8,849-855-3355,daniel.gutierrez.2355@vimenca-demo.local
2357,Andrea Gutiérrez Ramírez,Cedula,001-1002356-9,849-856-3356,andrea.gutierrez.2356@correo.com.do
2358,Carlos Torres Rodríguez,Cedula,001-1002357-1,809-857-3357,carlos.torres.2357@email.do
2359,Rosa Rojas Guerrero,Cedula,001-1002358-2,809-858-3358,rosa.rojas.2358@email.do
2360,Yolanda Ruiz Ramírez,Cedula,001-1002359-3,829-859-3359,yolanda.ruiz.2359@vimenca-demo.local
2361,Francisco Romero Jiménez,Cedula,001-1002360-4,809-860-3360,francisco.romero.2360@cliente.test
2362,Natalia Flores Flores,Cedula,001-1002361-5,849-861-3361,natalia.flores.2361@cliente.test
2363,María Cruz Reyes,Cedula,001-1002362-6,829-862-3362,maria.cruz.2362@correo.com.do
2364,Óscar Mendoza González,Cedula,001-1002363-7,809-863-3363,oscar.mendoza.2363@email.do
2365,Elena Vargas Mendoza,Cedula,001-1002364-8,849-864-3364,elena.vargas.2364@email.do
2366,Alejandro Hernández Castillo,Cedula,001-1002365-9,829-865-3365,alejandro.hernandez.2365@email.do
2367,Manuel Gómez Medina,Cedula,001-1002366-1,829-866-3366,manuel.gomez.2366@cliente.test
2368,José Jiménez Torres,Cedula,001-1002367-2,829-867-3367,jose.jimenez.2367@correo.com.do
2369,Andrés Ruiz Pérez,Cedula,001-1002368-3,809-868-3368,andres.ruiz.2368@cliente.test
2370,David Vargas Martínez,Cedula,001-1002369-4,829-869-3369,david.vargas.2369@vimenca-demo.local
2371,Elena González Rojas,Cedula,001-1002370-5,829-870-3370,elena.gonzalez.2370@email.do
2372,Juan Pérez Cruz,Cedula,001-1002371-6,829-871-3371,juan.perez.2371@email.do
2373,Rafael Medina Peña,Cedula,001-1002372-7,809-872-3372,rafael.medina.2372@correo.com.do
2374,Lucía Romero Cabrera,Cedula,001-1002373-8,849-873-3373,lucia.romero.2373@vimenca-demo.local
2375,Isabella Pérez Gutiérrez,Cedula,001-1002374-9,849-874-3374,isabella.perez.2374@vimenca-demo.local
2376,Paola Rojas Rivera,Cedula,001-1002375-1,849-875-3375,paola.rojas.2375@vimenca-demo.local
2377,Rafael Cabrera Rodríguez,Cedula,001-1002376-2,829-876-3376,rafael.cabrera.2376@email.do
2378,Ricardo Sánchez Díaz,Cedula,001-1002377-3,829-877-3377,ricardo.sanchez.2377@cliente.test
2379,Karina González Flores,Cedula,001-1002378-4,849-878-3378,karina.gonzalez.2378@correo.com.do
2380,Camila Mendoza González,Cedula,001-1002379-5,809-879-3379,camila.mendoza.2379@email.do
2381,Ricardo Hernández Romero,Cedula,001-1002380-6,809-880-3380,ricardo.hernandez.2380@vimenca-demo.local
2382,Alejandro Mendoza Alvarez,Cedula,001-1002381-7,849-881-3381,alejandro.mendoza.2381@email.do
2383,Yolanda Morales Mendoza,Cedula,001-1002382-8,809-882-3382,yolanda.morales.2382@cliente.test
2384,Iván Díaz Medina,Cedula,001-1002383-9,849-883-3383,ivan.diaz.2383@cliente.test
2385,Diana Flores Morales,Cedula,001-1002384-1,829-884-3384,diana.flores.2384@email.do
2386,Pedro Rivera Morales,Cedula,001-1002385-2,809-885-3385,pedro.rivera.2385@vimenca-demo.local
2387,Pedro Martínez Romero,Cedula,001-1002386-3,809-886-3386,pedro.martinez.2386@email.do
2388,María Hernández Rodríguez,Cedula,001-1002387-4,849-887-3387,maria.hernandez.2387@correo.com.do
2389,Diana Ruiz Peña,Cedula,001-1002388-5,809-888-3388,diana.ruiz.2388@cliente.test
2390,Óscar Castillo Gutiérrez,Cedula,001-1002389-6,829-889-3389,oscar.castillo.2389@email.do
2391,Isabella Gutiérrez Castillo,Cedula,001-1002390-7,829-890-3390,isabella.gutierrez.2390@correo.com.do
2392,Juan Jiménez Ramírez,Cedula,001-1002391-8,849-891-3391,juan.jimenez.2391@correo.com.do
2393,Óscar Mendoza Ruiz,Cedula,001-1002392-9,809-892-3392,oscar.mendoza.2392@vimenca-demo.local
2394,Lucía Castillo Jiménez,Cedula,001-1002393-1,849-893-3393,lucia.castillo.2393@correo.com.do
2395,Iván Sánchez Castillo,Cedula,001-1002394-2,809-894-3394,ivan.sanchez.2394@email.do
2396,Miguel Díaz Guerrero,Cedula,001-1002395-3,849-895-3395,miguel.diaz.2395@email.do
2397,Jorge Rodríguez Morales,Cedula,001-1002396-4,829-896-3396,jorge.rodriguez.2396@cliente.test
2398,María Díaz Pérez,Cedula,001-1002397-5,849-897-3397,maria.diaz.2397@vimenca-demo.local
2399,Sofía Guerrero Ruiz,Cedula,001-1002398-6,829-898-3398,sofia.guerrero.2398@correo.com.do
2400,Rosa Ortiz Rivera,Cedula,001-1002399-7,809-899-3399,rosa.ortiz.2399@vimenca-demo.local
2401,Juan Romero Vargas,Cedula,001-1002400-8,809-500-3400,juan.romero.2400@cliente.test
2402,Rosa Peña Peña,Cedula,001-1002401-9,829-501-3401,rosa.peña.2401@correo.com.do
2403,Claudia Rojas Ortiz,Cedula,001-1002402-1,829-502-3402,claudia.rojas.2402@correo.com.do
2404,Juan Jiménez Reyes,Cedula,001-1002403-2,829-503-3403,juan.jimenez.2403@vimenca-demo.local
2405,Jorge Pérez García,Cedula,001-1002404-3,849-504-3404,jorge.perez.2404@vimenca-demo.local
2406,Ana Cruz Díaz,Cedula,001-1002405-4,809-505-3405,ana.cruz.2405@correo.com.do
2407,Óscar Ortiz Ramírez,Cedula,001-1002406-5,849-506-3406,oscar.ortiz.2406@correo.com.do
2408,Camila Cabrera González,Cedula,001-1002407-6,809-507-3407,camila.cabrera.2407@cliente.test
2409,Isabella García González,Cedula,001-1002408-7,809-508-3408,isabella.garcia.2408@vimenca-demo.local
2410,Gabriela Cruz Díaz,Cedula,001-1002409-8,829-509-3409,gabriela.cruz.2409@vimenca-demo.local
2411,Óscar Cabrera Sánchez,Cedula,001-1002410-9,809-510-3410,oscar.cabrera.2410@vimenca-demo.local
2412,Iván Castillo Guerrero,Cedula,001-1002411-1,809-511-3411,ivan.castillo.2411@cliente.test
2413,Francisco Díaz Romero,Cedula,001-1002412-2,809-512-3412,francisco.diaz.2412@cliente.test
2414,Jorge Cabrera Rojas,Cedula,001-1002413-3,809-513-3413,jorge.cabrera.2413@email.do
2415,Carmen Rivera Rodríguez,Cedula,001-1002414-4,829-514-3414,carmen.rivera.2414@email.do
2416,Héctor Romero Gómez,Cedula,001-1002415-5,809-515-3415,hector.romero.2415@correo.com.do
2417,Carmen Ortiz Castillo,Cedula,001-1002416-6,809-516-3416,carmen.ortiz.2416@vimenca-demo.local
2418,Héctor Ortiz Ruiz,Cedula,001-1002417-7,849-517-3417,hector.ortiz.2417@cliente.test
2419,Francisco Gómez Alvarez,Cedula,001-1002418-8,849-518-3418,francisco.gomez.2418@cliente.test
2420,Ricardo González Pérez,Cedula,001-1002419-9,809-519-3419,ricardo.gonzalez.2419@correo.com.do
2421,Francisco González Díaz,Cedula,001-1002420-1,849-520-3420,francisco.gonzalez.2420@correo.com.do
2422,Sofía Rodríguez Castillo,Cedula,001-1002421-2,829-521-3421,sofia.rodriguez.2421@vimenca-demo.local
2423,Yolanda Romero García,Cedula,001-1002422-3,829-522-3422,yolanda.romero.2422@cliente.test
2424,Diana Rivera Ortiz,Cedula,001-1002423-4,829-523-3423,diana.rivera.2423@correo.com.do
2425,Sofía Jiménez González,Cedula,001-1002424-5,809-524-3424,sofia.jimenez.2424@email.do
2426,Elena Alvarez Pérez,Cedula,001-1002425-6,849-525-3425,elena.alvarez.2425@vimenca-demo.local
2427,Sofía Castillo Guerrero,Cedula,001-1002426-7,809-526-3426,sofia.castillo.2426@cliente.test
2428,Gabriela Mendoza Medina,Cedula,001-1002427-8,849-527-3427,gabriela.mendoza.2427@correo.com.do
2429,Camila Jiménez Sánchez,Cedula,001-1002428-9,849-528-3428,camila.jimenez.2428@email.do
2430,Manuel Torres Pérez,Cedula,001-1002429-1,829-529-3429,manuel.torres.2429@email.do
2431,Carlos Flores Ramírez,Cedula,001-1002430-2,829-530-3430,carlos.flores.2430@email.do
2432,José Jiménez Ramírez,Cedula,001-1002431-3,809-531-3431,jose.jimenez.2431@correo.com.do
2433,Ricardo Morales Gutiérrez,Cedula,001-1002432-4,849-532-3432,ricardo.morales.2432@vimenca-demo.local
2434,Patricia Torres Gómez,Cedula,001-1002433-5,829-533-3433,patricia.torres.2433@cliente.test
2435,Luis Gutiérrez Morales,Cedula,001-1002434-6,829-534-3434,luis.gutierrez.2434@correo.com.do
2436,Andrés Flores Díaz,Cedula,001-1002435-7,829-535-3435,andres.flores.2435@vimenca-demo.local
2437,Héctor Torres Gómez,Cedula,001-1002436-8,809-536-3436,hector.torres.2436@correo.com.do
2438,Carlos García Rodríguez,Cedula,001-1002437-9,809-537-3437,carlos.garcia.2437@vimenca-demo.local
2439,Diana Ortiz Flores,Cedula,001-1002438-1,829-538-3438,diana.ortiz.2438@correo.com.do
2440,Ana Flores Ortiz,Cedula,001-1002439-2,829-539-3439,ana.flores.2439@vimenca-demo.local
2441,Rosa Pérez Pérez,Cedula,001-1002440-3,849-540-3440,rosa.perez.2440@correo.com.do
2442,Natalia Alvarez Rojas,Cedula,001-1002441-4,829-541-3441,natalia.alvarez.2441@email.do
2443,Alejandro Romero Medina,Cedula,001-1002442-5,849-542-3442,alejandro.romero.2442@vimenca-demo.local
2444,Karina Gutiérrez Jiménez,Cedula,001-1002443-6,809-543-3443,karina.gutierrez.2443@vimenca-demo.local
2445,Elena Ramírez Hernández,Cedula,001-1002444-7,809-544-3444,elena.ramirez.2444@cliente.test
2446,Rafael González Vargas,Cedula,001-1002445-8,809-545-3445,rafael.gonzalez.2445@correo.com.do
2447,Karina Peña Cabrera,Cedula,001-1002446-9,809-546-3446,karina.peña.2446@email.do
2448,Iván Peña Pérez,Cedula,001-1002447-1,849-547-3447,ivan.peña.2447@correo.com.do
2449,Claudia Gómez Rivera,Cedula,001-1002448-2,809-548-3448,claudia.gomez.2448@cliente.test
2450,Andrea Romero González,Cedula,001-1002449-3,809-549-3449,andrea.romero.2449@correo.com.do
2451,Carmen Morales Ruiz,Cedula,001-1002450-4,849-550-3450,carmen.morales.2450@vimenca-demo.local
2452,Jorge Cabrera Díaz,Cedula,001-1002451-5,849-551-3451,jorge.cabrera.2451@cliente.test
2453,Andrés Peña Morales,Cedula,001-1002452-6,829-552-3452,andres.peña.2452@correo.com.do
2454,Héctor Gutiérrez Peña,Cedula,001-1002453-7,809-553-3453,hector.gutierrez.2453@correo.com.do
2455,Yolanda Flores Mendoza,Cedula,001-1002454-8,829-554-3454,yolanda.flores.2454@email.do
2456,Carlos Hernández Rodríguez,Cedula,001-1002455-9,849-555-3455,carlos.hernandez.2455@email.do
2457,Fernando Ortiz Castillo,Cedula,001-1002456-1,809-556-3456,fernando.ortiz.2456@correo.com.do
2458,Iván Alvarez Gutiérrez,Cedula,001-1002457-2,849-557-3457,ivan.alvarez.2457@cliente.test
2459,Ricardo Cruz Jiménez,Cedula,001-1002458-3,809-558-3458,ricardo.cruz.2458@vimenca-demo.local
2460,Ana García Sánchez,Cedula,001-1002459-4,849-559-3459,ana.garcia.2459@email.do
2461,Juan Cabrera Peña,Cedula,001-1002460-5,849-560-3460,juan.cabrera.2460@cliente.test
2462,Lucía Flores Rivera,Cedula,001-1002461-6,829-561-3461,lucia.flores.2461@email.do
2463,Elena Ruiz Pérez,Cedula,001-1002462-7,809-562-3462,elena.ruiz.2462@email.do
2464,Carlos Ruiz Torres,Cedula,001-1002463-8,809-563-3463,carlos.ruiz.2463@vimenca-demo.local
2465,Manuel Cabrera Flores,Cedula,001-1002464-9,829-564-3464,manuel.cabrera.2464@email.do
2466,Luis Vargas Torres,Cedula,001-1002465-1,849-565-3465,luis.vargas.2465@email.do
2467,Andrés García Vargas,Cedula,001-1002466-2,849-566-3466,andres.garcia.2466@vimenca-demo.local
2468,Yolanda Díaz Gómez,Cedula,001-1002467-3,849-567-3467,yolanda.diaz.2467@correo.com.do
2469,Natalia Flores Romero,Cedula,001-1002468-4,829-568-3468,natalia.flores.2468@email.do
2470,Claudia Rivera Gómez,Cedula,001-1002469-5,849-569-3469,claudia.rivera.2469@correo.com.do
2471,Juan Guerrero Díaz,Cedula,001-1002470-6,849-570-3470,juan.guerrero.2470@email.do
2472,Elena Sánchez Flores,Cedula,001-1002471-7,849-571-3471,elena.sanchez.2471@correo.com.do
2473,Karina Pérez Romero,Cedula,001-1002472-8,849-572-3472,karina.perez.2472@cliente.test
2474,Valeria Rojas Vargas,Cedula,001-1002473-9,829-573-3473,valeria.rojas.2473@email.do
2475,Patricia Gómez Flores,Cedula,001-1002474-1,849-574-3474,patricia.gomez.2474@email.do
2476,Fernando González Reyes,Cedula,001-1002475-2,849-575-3475,fernando.gonzalez.2475@email.do
2477,Óscar Díaz González,Cedula,001-1002476-3,809-576-3476,oscar.diaz.2476@cliente.test
2478,Isabella Sánchez Reyes,Cedula,001-1002477-4,809-577-3477,isabella.sanchez.2477@email.do
2479,Carmen Hernández Ortiz,Cedula,001-1002478-5,849-578-3478,carmen.hernandez.2478@email.do
2480,Diana García Rivera,Cedula,001-1002479-6,809-579-3479,diana.garcia.2479@email.do
2481,Fernando Castillo Jiménez,Cedula,001-1002480-7,809-580-3480,fernando.castillo.2480@email.do
2482,Manuel Martínez Morales,Cedula,001-1002481-8,829-581-3481,manuel.martinez.2481@email.do
2483,Fernando Pérez Romero,Cedula,001-1002482-9,849-582-3482,fernando.perez.2482@email.do
2484,Juan Jiménez Pérez,Cedula,001-1002483-1,829-583-3483,juan.jimenez.2483@cliente.test
2485,José Pérez Guerrero,Cedula,001-1002484-2,849-584-3484,jose.perez.2484@correo.com.do
2486,Carlos González Torres,Cedula,001-1002485-3,829-585-3485,carlos.gonzalez.2485@correo.com.do
2487,Manuel Vargas Jiménez,Cedula,001-1002486-4,809-586-3486,manuel.vargas.2486@correo.com.do
2488,Rafael Ruiz Romero,Cedula,001-1002487-5,849-587-3487,rafael.ruiz.2487@vimenca-demo.local
2489,Pedro Ramírez González,Cedula,001-1002488-6,849-588-3488,pedro.ramirez.2488@cliente.test
2490,Iván Guerrero Sánchez,Cedula,001-1002489-7,829-589-3489,ivan.guerrero.2489@vimenca-demo.local
2491,Gabriela González Torres,Cedula,001-1002490-8,849-590-3490,gabriela.gonzalez.2490@correo.com.do
2492,Elena Vargas Ruiz,Cedula,001-1002491-9,809-591-3491,elena.vargas.2491@correo.com.do
2493,Carlos Pérez Ruiz,Cedula,001-1002492-1,809-592-3492,carlos.perez.2492@vimenca-demo.local
2494,Camila Cabrera Guerrero,Cedula,001-1002493-2,809-593-3493,camila.cabrera.2493@cliente.test
2495,Juan Peña Torres,Cedula,001-1002494-3,809-594-3494,juan.peña.2494@correo.com.do
2496,Óscar Cruz González,Cedula,001-1002495-4,849-595-3495,oscar.cruz.2495@vimenca-demo.local
2497,Diana Torres Peña,Cedula,001-1002496-5,849-596-3496,diana.torres.2496@cliente.test
2498,Andrés Ortiz Sánchez,Cedula,001-1002497-6,809-597-3497,andres.ortiz.2497@correo.com.do
2499,Rafael Rivera Díaz,Cedula,001-1002498-7,849-598-3498,rafael.rivera.2498@correo.com.do
2500,David Pérez Díaz,Cedula,001-1002499-8,809-599-3499,david.perez.2499@correo.com.do
2501,Yolanda González Sánchez,Cedula,001-1002500-9,849-600-3500,yolanda.gonzalez.2500@cliente.test
2502,David Jiménez Sánchez,Cedula,001-1002501-1,809-601-3501,david.jimenez.2501@cliente.test
2503,Rosa Jiménez Guerrero,Cedula,001-1002502-2,829-602-3502,rosa.jimenez.2502@vimenca-demo.local
2504,Rafael Flores Peña,Cedula,001-1002503-3,849-603-3503,rafael.flores.2503@cliente.test
2505,Alejandro Peña Flores,Cedula,001-1002504-4,809-604-3504,alejandro.peña.2504@correo.com.do
2506,Manuel Alvarez Vargas,Cedula,001-1002505-5,829-605-3505,manuel.alvarez.2505@email.do
2507,Manuel Cruz Reyes,Cedula,001-1002506-6,809-606-3506,manuel.cruz.2506@cliente.test
2508,Andrés Hernández Morales,Cedula,001-1002507-7,809-607-3507,andres.hernandez.2507@vimenca-demo.local
2509,Pedro Gómez González,Cedula,001-1002508-8,829-608-3508,pedro.gomez.2508@email.do
2510,Jorge Gómez Ortiz,Cedula,001-1002509-9,829-609-3509,jorge.gomez.2509@cliente.test
2511,Héctor Jiménez Medina,Cedula,001-1002510-1,809-610-3510,hector.jimenez.2510@vimenca-demo.local
2512,Sofía Cruz Morales,Cedula,001-1002511-2,849-611-3511,sofia.cruz.2511@cliente.test
2513,Andrea Ortiz Ruiz,Cedula,001-1002512-3,829-612-3512,andrea.ortiz.2512@email.do
2514,Pedro Hernández Mendoza,Cedula,001-1002513-4,849-613-3513,pedro.hernandez.2513@cliente.test
2515,Paola Alvarez Mendoza,Cedula,001-1002514-5,849-614-3514,paola.alvarez.2514@email.do
2516,Pedro Torres Díaz,Cedula,001-1002515-6,809-615-3515,pedro.torres.2515@correo.com.do
2517,José Díaz Ruiz,Cedula,001-1002516-7,809-616-3516,jose.diaz.2516@cliente.test
2518,Andrés Rodríguez Peña,Cedula,001-1002517-8,829-617-3517,andres.rodriguez.2517@vimenca-demo.local
2519,Francisco Rivera Reyes,Cedula,001-1002518-9,849-618-3518,francisco.rivera.2518@email.do
2520,Héctor Torres Ramírez,Cedula,001-1002519-1,809-619-3519,hector.torres.2519@email.do
2521,Francisco Pérez Mendoza,Cedula,001-1002520-2,829-620-3520,francisco.perez.2520@email.do
2522,José Mendoza Morales,Cedula,001-1002521-3,809-621-3521,jose.mendoza.2521@vimenca-demo.local
2523,Rafael Castillo Hernández,Cedula,001-1002522-4,829-622-3522,rafael.castillo.2522@correo.com.do
2524,Yolanda Rojas Sánchez,Cedula,001-1002523-5,809-623-3523,yolanda.rojas.2523@correo.com.do
2525,Alejandro González Martínez,Cedula,001-1002524-6,809-624-3524,alejandro.gonzalez.2524@email.do
2526,Juan Hernández Guerrero,Cedula,001-1002525-7,809-625-3525,juan.hernandez.2525@cliente.test
2527,Ana Ortiz Romero,Cedula,001-1002526-8,849-626-3526,ana.ortiz.2526@email.do
2528,Lucía Mendoza Rivera,Cedula,001-1002527-9,829-627-3527,lucia.mendoza.2527@cliente.test
2529,David Reyes Medina,Cedula,001-1002528-1,829-628-3528,david.reyes.2528@correo.com.do
2530,Andrés González Rodríguez,Cedula,001-1002529-2,849-629-3529,andres.gonzalez.2529@correo.com.do
2531,Ana Gutiérrez Sánchez,Cedula,001-1002530-3,829-630-3530,ana.gutierrez.2530@correo.com.do
2532,Óscar Castillo Cabrera,Cedula,001-1002531-4,849-631-3531,oscar.castillo.2531@cliente.test
2533,Valeria Peña Hernández,Cedula,001-1002532-5,849-632-3532,valeria.peña.2532@vimenca-demo.local
2534,Patricia Morales Peña,Cedula,001-1002533-6,829-633-3533,patricia.morales.2533@email.do
2535,Pedro Gutiérrez Cruz,Cedula,001-1002534-7,849-634-3534,pedro.gutierrez.2534@email.do
2536,Laura Cruz Jiménez,Cedula,001-1002535-8,809-635-3535,laura.cruz.2535@correo.com.do
2537,Fernando Sánchez Guerrero,Cedula,001-1002536-9,849-636-3536,fernando.sanchez.2536@correo.com.do
2538,Pablo Ortiz Gómez,Cedula,001-1002537-1,829-637-3537,pablo.ortiz.2537@cliente.test
2539,María Rodríguez Medina,Cedula,001-1002538-2,849-638-3538,maria.rodriguez.2538@vimenca-demo.local
2540,Óscar Ramírez Flores,Cedula,001-1002539-3,809-639-3539,oscar.ramirez.2539@correo.com.do
2541,Miguel Díaz Jiménez,Cedula,001-1002540-4,809-640-3540,miguel.diaz.2540@vimenca-demo.local
2542,Sofía Rivera Sánchez,Cedula,001-1002541-5,809-641-3541,sofia.rivera.2541@correo.com.do
2543,Laura Jiménez García,Cedula,001-1002542-6,809-642-3542,laura.jimenez.2542@vimenca-demo.local
2544,Natalia Ramírez Vargas,Cedula,001-1002543-7,809-643-3543,natalia.ramirez.2543@correo.com.do
2545,Elena Martínez Hernández,Cedula,001-1002544-8,849-644-3544,elena.martinez.2544@correo.com.do
2546,Gabriela Rodríguez Rodríguez,Cedula,001-1002545-9,809-645-3545,gabriela.rodriguez.2545@vimenca-demo.local
2547,Rosa García Díaz,Cedula,001-1002546-1,829-646-3546,rosa.garcia.2546@vimenca-demo.local
2548,Camila Ramírez Gómez,Cedula,001-1002547-2,849-647-3547,camila.ramirez.2547@cliente.test
2549,Jorge González Mendoza,Cedula,001-1002548-3,829-648-3548,jorge.gonzalez.2548@correo.com.do
2550,Héctor Cabrera Romero,Cedula,001-1002549-4,849-649-3549,hector.cabrera.2549@correo.com.do
2551,Manuel García Hernández,Cedula,001-1002550-5,829-650-3550,manuel.garcia.2550@cliente.test
2552,Karina Rojas Rojas,Cedula,001-1002551-6,829-651-3551,karina.rojas.2551@correo.com.do
2553,María González Castillo,Cedula,001-1002552-7,809-652-3552,maria.gonzalez.2552@cliente.test
2554,Pedro Mendoza Torres,Cedula,001-1002553-8,849-653-3553,pedro.mendoza.2553@email.do
2555,Manuel Alvarez Mendoza,Cedula,001-1002554-9,849-654-3554,manuel.alvarez.2554@email.do
2556,Lucía Romero Jiménez,Cedula,001-1002555-1,829-655-3555,lucia.romero.2555@vimenca-demo.local
2557,Francisco Gómez Rivera,Cedula,001-1002556-2,849-656-3556,francisco.gomez.2556@vimenca-demo.local
2558,Óscar Rodríguez Cabrera,Cedula,001-1002557-3,809-657-3557,oscar.rodriguez.2557@cliente.test
2559,Laura Jiménez Jiménez,Cedula,001-1002558-4,809-658-3558,laura.jimenez.2558@correo.com.do
2560,Paola Vargas Ortiz,Cedula,001-1002559-5,809-659-3559,paola.vargas.2559@correo.com.do
2561,Manuel Alvarez Rojas,Cedula,001-1002560-6,849-660-3560,manuel.alvarez.2560@vimenca-demo.local
2562,Pedro Ortiz Pérez,Cedula,001-1002561-7,829-661-3561,pedro.ortiz.2561@cliente.test
2563,María Peña Rivera,Cedula,001-1002562-8,809-662-3562,maria.peña.2562@email.do
2564,Elena Hernández Díaz,Cedula,001-1002563-9,809-663-3563,elena.hernandez.2563@vimenca-demo.local
2565,Miguel Sánchez Mendoza,Cedula,001-1002564-1,829-664-3564,miguel.sanchez.2564@cliente.test
2566,Gabriela Flores Alvarez,Cedula,001-1002565-2,849-665-3565,gabriela.flores.2565@cliente.test
2567,Francisco Pérez Hernández,Cedula,001-1002566-3,809-666-3566,francisco.perez.2566@cliente.test
2568,Alejandro Rojas Rivera,Cedula,001-1002567-4,829-667-3567,alejandro.rojas.2567@cliente.test
2569,Claudia Peña Castillo,Cedula,001-1002568-5,829-668-3568,claudia.peña.2568@email.do
2570,Alejandro Gutiérrez Rojas,Cedula,001-1002569-6,829-669-3569,alejandro.gutierrez.2569@vimenca-demo.local
2571,Pedro Castillo Morales,Cedula,001-1002570-7,829-670-3570,pedro.castillo.2570@cliente.test
2572,Carlos Jiménez Vargas,Cedula,001-1002571-8,849-671-3571,carlos.jimenez.2571@correo.com.do
2573,Sofía Mendoza Guerrero,Cedula,001-1002572-9,809-672-3572,sofia.mendoza.2572@correo.com.do
2574,Rafael Rivera Cruz,Cedula,001-1002573-1,849-673-3573,rafael.rivera.2573@email.do
2575,Fernando Rojas Martínez,Cedula,001-1002574-2,829-674-3574,fernando.rojas.2574@email.do
2576,Pablo Castillo Martínez,Cedula,001-1002575-3,829-675-3575,pablo.castillo.2575@vimenca-demo.local
2577,Pablo Vargas Ruiz,Cedula,001-1002576-4,809-676-3576,pablo.vargas.2576@cliente.test
2578,Pedro Sánchez Romero,Cedula,001-1002577-5,829-677-3577,pedro.sanchez.2577@correo.com.do
2579,Óscar Ramírez Cruz,Cedula,001-1002578-6,809-678-3578,oscar.ramirez.2578@vimenca-demo.local
2580,Daniel Gómez Jiménez,Cedula,001-1002579-7,809-679-3579,daniel.gomez.2579@cliente.test
2581,Gabriela Pérez Flores,Cedula,001-1002580-8,809-680-3580,gabriela.perez.2580@cliente.test
2582,Andrea González Ortiz,Cedula,001-1002581-9,849-681-3581,andrea.gonzalez.2581@email.do
2583,Laura Gómez Hernández,Cedula,001-1002582-1,849-682-3582,laura.gomez.2582@correo.com.do
2584,Ricardo Rodríguez Peña,Cedula,001-1002583-2,829-683-3583,ricardo.rodriguez.2583@vimenca-demo.local
2585,Gabriela Ramírez Rodríguez,Cedula,001-1002584-3,809-684-3584,gabriela.ramirez.2584@email.do
2586,Óscar Flores Flores,Cedula,001-1002585-4,809-685-3585,oscar.flores.2585@email.do
2587,Manuel Martínez Flores,Cedula,001-1002586-5,809-686-3586,manuel.martinez.2586@cliente.test
2588,Rosa Rojas Mendoza,Cedula,001-1002587-6,829-687-3587,rosa.rojas.2587@cliente.test
2589,Lucía Ramírez Castillo,Cedula,001-1002588-7,809-688-3588,lucia.ramirez.2588@vimenca-demo.local
2590,Luis Martínez Cabrera,Cedula,001-1002589-8,829-689-3589,luis.martinez.2589@cliente.test
2591,Rosa Sánchez Ramírez,Cedula,001-1002590-9,829-690-3590,rosa.sanchez.2590@vimenca-demo.local
2592,Gabriela Ortiz Ruiz,Cedula,001-1002591-1,849-691-3591,gabriela.ortiz.2591@email.do
2593,Óscar Díaz Peña,Cedula,001-1002592-2,809-692-3592,oscar.diaz.2592@cliente.test
2594,Natalia Medina Cabrera,Cedula,001-1002593-3,809-693-3593,natalia.medina.2593@email.do
2595,Karina Jiménez González,Cedula,001-1002594-4,849-694-3594,karina.jimenez.2594@vimenca-demo.local
2596,Daniel García González,Cedula,001-1002595-5,809-695-3595,daniel.garcia.2595@cliente.test
2597,Isabella Rojas Gómez,Cedula,001-1002596-6,849-696-3596,isabella.rojas.2596@correo.com.do
2598,Héctor Flores Gutiérrez,Cedula,001-1002597-7,829-697-3597,hector.flores.2597@correo.com.do
2599,Francisco Vargas Reyes,Cedula,001-1002598-8,809-698-3598,francisco.vargas.2598@correo.com.do
2600,Laura Romero Ramírez,Cedula,001-1002599-9,849-699-3599,laura.romero.2599@cliente.test
2601,Andrea Alvarez Sánchez,Cedula,001-1002600-1,809-700-3600,andrea.alvarez.2600@cliente.test
2602,Jorge Ramírez Ramírez,Cedula,001-1002601-2,829-701-3601,jorge.ramirez.2601@correo.com.do
2603,Alejandro García Rivera,Cedula,001-1002602-3,849-702-3602,alejandro.garcia.2602@vimenca-demo.local
2604,Andrés Mendoza Ortiz,Cedula,001-1002603-4,829-703-3603,andres.mendoza.2603@cliente.test
2605,Héctor Díaz Díaz,Cedula,001-1002604-5,849-704-3604,hector.diaz.2604@cliente.test
2606,David Pérez Peña,Cedula,001-1002605-6,829-705-3605,david.perez.2605@email.do
2607,Óscar Díaz Sánchez,Cedula,001-1002606-7,849-706-3606,oscar.diaz.2606@email.do
2608,Óscar Cruz Rivera,Cedula,001-1002607-8,849-707-3607,oscar.cruz.2607@cliente.test
2609,Diana Mendoza Jiménez,Cedula,001-1002608-9,809-708-3608,diana.mendoza.2608@correo.com.do
2610,Rafael Martínez Vargas,Cedula,001-1002609-1,849-709-3609,rafael.martinez.2609@correo.com.do
2611,Héctor Pérez Ortiz,Cedula,001-1002610-2,849-710-3610,hector.perez.2610@correo.com.do
2612,Iván Gutiérrez Hernández,Cedula,001-1002611-3,849-711-3611,ivan.gutierrez.2611@correo.com.do
2613,Diana Rojas Morales,Cedula,001-1002612-4,809-712-3612,diana.rojas.2612@email.do
2614,Pablo Ruiz Cruz,Cedula,001-1002613-5,809-713-3613,pablo.ruiz.2613@correo.com.do
2615,Gabriela Pérez Díaz,Cedula,001-1002614-6,829-714-3614,gabriela.perez.2614@cliente.test
2616,Fernando García Díaz,Cedula,001-1002615-7,849-715-3615,fernando.garcia.2615@email.do
2617,Diana Flores Cabrera,Cedula,001-1002616-8,829-716-3616,diana.flores.2616@vimenca-demo.local
2618,Héctor Castillo Torres,Cedula,001-1002617-9,829-717-3617,hector.castillo.2617@correo.com.do
2619,Carlos García García,Cedula,001-1002618-1,829-718-3618,carlos.garcia.2618@email.do
2620,Lucía Guerrero Romero,Cedula,001-1002619-2,829-719-3619,lucia.guerrero.2619@vimenca-demo.local
2621,María Hernández Morales,Cedula,001-1002620-3,849-720-3620,maria.hernandez.2620@email.do
2622,Fernando Ramírez Jiménez,Cedula,001-1002621-4,809-721-3621,fernando.ramirez.2621@cliente.test
2623,Paola Morales González,Cedula,001-1002622-5,849-722-3622,paola.morales.2622@cliente.test
2624,Ana Cruz Cabrera,Cedula,001-1002623-6,849-723-3623,ana.cruz.2623@vimenca-demo.local
2625,María Morales Torres,Cedula,001-1002624-7,849-724-3624,maria.morales.2624@correo.com.do
2626,Francisco Gutiérrez Pérez,Cedula,001-1002625-8,849-725-3625,francisco.gutierrez.2625@cliente.test
2627,Valeria Guerrero Ruiz,Cedula,001-1002626-9,829-726-3626,valeria.guerrero.2626@email.do
2628,Laura Martínez Martínez,Cedula,001-1002627-1,829-727-3627,laura.martinez.2627@correo.com.do
2629,Juan Vargas Alvarez,Cedula,001-1002628-2,809-728-3628,juan.vargas.2628@email.do
2630,Claudia Mendoza Ruiz,Cedula,001-1002629-3,849-729-3629,claudia.mendoza.2629@correo.com.do
2631,Ricardo García Romero,Cedula,001-1002630-4,829-730-3630,ricardo.garcia.2630@email.do
2632,Jorge Sánchez Torres,Cedula,001-1002631-5,829-731-3631,jorge.sanchez.2631@email.do
2633,Carmen Ruiz Guerrero,Cedula,001-1002632-6,849-732-3632,carmen.ruiz.2632@email.do
2634,Ricardo Alvarez Flores,Cedula,001-1002633-7,829-733-3633,ricardo.alvarez.2633@correo.com.do
2635,Pedro Peña González,Cedula,001-1002634-8,849-734-3634,pedro.peña.2634@correo.com.do
2636,Karina Rojas Pérez,Cedula,001-1002635-9,829-735-3635,karina.rojas.2635@correo.com.do
2637,Yolanda Pérez Pérez,Cedula,001-1002636-1,829-736-3636,yolanda.perez.2636@email.do
2638,Valeria Cabrera Sánchez,Cedula,001-1002637-2,809-737-3637,valeria.cabrera.2637@correo.com.do
2639,Isabella Rojas Díaz,Cedula,001-1002638-3,829-738-3638,isabella.rojas.2638@email.do
2640,Rafael Ortiz Medina,Cedula,001-1002639-4,829-739-3639,rafael.ortiz.2639@correo.com.do
2641,Miguel Ortiz Vargas,Cedula,001-1002640-5,809-740-3640,miguel.ortiz.2640@correo.com.do
2642,Héctor Cruz Cabrera,Cedula,001-1002641-6,849-741-3641,hector.cruz.2641@vimenca-demo.local
2643,Iván Medina Sánchez,Cedula,001-1002642-7,829-742-3642,ivan.medina.2642@email.do
2644,Juan Cabrera Sánchez,Cedula,001-1002643-8,809-743-3643,juan.cabrera.2643@correo.com.do
2645,David Díaz Ortiz,Cedula,001-1002644-9,809-744-3644,david.diaz.2644@correo.com.do
2646,Lucía Romero Flores,Cedula,001-1002645-1,809-745-3645,lucia.romero.2645@correo.com.do
2647,Yolanda García Ruiz,Cedula,001-1002646-2,849-746-3646,yolanda.garcia.2646@correo.com.do
2648,Camila Alvarez González,Cedula,001-1002647-3,829-747-3647,camila.alvarez.2647@email.do
2649,Andrés Cabrera Ramírez,Cedula,001-1002648-4,829-748-3648,andres.cabrera.2648@correo.com.do
2650,Francisco Torres Martínez,Cedula,001-1002649-5,829-749-3649,francisco.torres.2649@email.do
2651,Elena Ortiz Ramírez,Cedula,001-1002650-6,829-750-3650,elena.ortiz.2650@correo.com.do
2652,Natalia Vargas Rivera,Cedula,001-1002651-7,849-751-3651,natalia.vargas.2651@cliente.test
2653,Isabella Morales Gutiérrez,Cedula,001-1002652-8,809-752-3652,isabella.morales.2652@cliente.test
2654,Valeria Sánchez Ramírez,Cedula,001-1002653-9,829-753-3653,valeria.sanchez.2653@vimenca-demo.local
2655,Rafael Hernández Medina,Cedula,001-1002654-1,809-754-3654,rafael.hernandez.2654@vimenca-demo.local
2656,Laura Romero Ortiz,Cedula,001-1002655-2,829-755-3655,laura.romero.2655@cliente.test
2657,Óscar Jiménez Romero,Cedula,001-1002656-3,829-756-3656,oscar.jimenez.2656@vimenca-demo.local
2658,Claudia Pérez Jiménez,Cedula,001-1002657-4,829-757-3657,claudia.perez.2657@cliente.test
2659,Carmen Hernández Díaz,Cedula,001-1002658-5,849-758-3658,carmen.hernandez.2658@vimenca-demo.local
2660,Miguel Reyes Sánchez,Cedula,001-1002659-6,849-759-3659,miguel.reyes.2659@correo.com.do
2661,Valeria Hernández Morales,Cedula,001-1002660-7,849-760-3660,valeria.hernandez.2660@vimenca-demo.local
2662,Lucía Díaz Cruz,Cedula,001-1002661-8,809-761-3661,lucia.diaz.2661@correo.com.do
2663,Ana Medina Gómez,Cedula,001-1002662-9,809-762-3662,ana.medina.2662@cliente.test
2664,Jorge Torres Martínez,Cedula,001-1002663-1,849-763-3663,jorge.torres.2663@email.do
2665,Alejandro Díaz González,Cedula,001-1002664-2,809-764-3664,alejandro.diaz.2664@vimenca-demo.local
2666,Juan Gómez Mendoza,Cedula,001-1002665-3,849-765-3665,juan.gomez.2665@correo.com.do
2667,David Ramírez Reyes,Cedula,001-1002666-4,809-766-3666,david.ramirez.2666@vimenca-demo.local
2668,Natalia Martínez Cruz,Cedula,001-1002667-5,849-767-3667,natalia.martinez.2667@vimenca-demo.local
2669,Laura Gutiérrez Ramírez,Cedula,001-1002668-6,849-768-3668,laura.gutierrez.2668@correo.com.do
2670,Elena Mendoza Jiménez,Cedula,001-1002669-7,849-769-3669,elena.mendoza.2669@correo.com.do
2671,Héctor Castillo Alvarez,Cedula,001-1002670-8,829-770-3670,hector.castillo.2670@cliente.test
2672,Daniel Ramírez Ramírez,Cedula,001-1002671-9,829-771-3671,daniel.ramirez.2671@correo.com.do
2673,Isabella Rodríguez Flores,Cedula,001-1002672-1,809-772-3672,isabella.rodriguez.2672@cliente.test
2674,Andrés Reyes Sánchez,Cedula,001-1002673-2,849-773-3673,andres.reyes.2673@vimenca-demo.local
2675,Ricardo Torres Hernández,Cedula,001-1002674-3,829-774-3674,ricardo.torres.2674@correo.com.do
2676,José Vargas Medina,Cedula,001-1002675-4,829-775-3675,jose.vargas.2675@correo.com.do
2677,Diana González Guerrero,Cedula,001-1002676-5,809-776-3676,diana.gonzalez.2676@cliente.test
2678,Andrea Peña Gutiérrez,Cedula,001-1002677-6,829-777-3677,andrea.peña.2677@correo.com.do
2679,José Martínez Ortiz,Cedula,001-1002678-7,829-778-3678,jose.martinez.2678@correo.com.do
2680,Rosa Flores Gómez,Cedula,001-1002679-8,829-779-3679,rosa.flores.2679@vimenca-demo.local
2681,Pedro Ruiz Alvarez,Cedula,001-1002680-9,829-780-3680,pedro.ruiz.2680@vimenca-demo.local
2682,Claudia Rodríguez Cruz,Cedula,001-1002681-1,849-781-3681,claudia.rodriguez.2681@vimenca-demo.local
2683,Pablo Ortiz Rojas,Cedula,001-1002682-2,829-782-3682,pablo.ortiz.2682@correo.com.do
2684,Claudia Pérez García,Cedula,001-1002683-3,809-783-3683,claudia.perez.2683@email.do
2685,Juan González Pérez,Cedula,001-1002684-4,849-784-3684,juan.gonzalez.2684@vimenca-demo.local
2686,Óscar Torres Sánchez,Cedula,001-1002685-5,809-785-3685,oscar.torres.2685@correo.com.do
2687,Alejandro Guerrero Cabrera,Cedula,001-1002686-6,849-786-3686,alejandro.guerrero.2686@correo.com.do
2688,Luis Flores Cabrera,Cedula,001-1002687-7,809-787-3687,luis.flores.2687@correo.com.do
2689,Luis Rivera Martínez,Cedula,001-1002688-8,829-788-3688,luis.rivera.2688@vimenca-demo.local
2690,Claudia Medina Medina,Cedula,001-1002689-9,829-789-3689,claudia.medina.2689@cliente.test
2691,María Peña González,Cedula,001-1002690-1,809-790-3690,maria.peña.2690@cliente.test
2692,Francisco Gómez Rojas,Cedula,001-1002691-2,849-791-3691,francisco.gomez.2691@email.do
2693,Héctor Vargas Reyes,Cedula,001-1002692-3,849-792-3692,hector.vargas.2692@correo.com.do
2694,Lucía Torres Hernández,Cedula,001-1002693-4,849-793-3693,lucia.torres.2693@cliente.test
2695,Isabella Flores Gómez,Cedula,001-1002694-5,809-794-3694,isabella.flores.2694@cliente.test
2696,Pedro Flores Alvarez,Cedula,001-1002695-6,849-795-3695,pedro.flores.2695@vimenca-demo.local
2697,Pedro Díaz Ruiz,Cedula,001-1002696-7,849-796-3696,pedro.diaz.2696@email.do
2698,Laura Mendoza Martínez,Cedula,001-1002697-8,829-797-3697,laura.mendoza.2697@correo.com.do
2699,Luis Ramírez García,Cedula,001-1002698-9,829-798-3698,luis.ramirez.2698@email.do
2700,Ricardo Ramírez Ortiz,Cedula,001-1002699-1,829-799-3699,ricardo.ramirez.2699@correo.com.do
2701,Laura Guerrero Hernández,Cedula,001-1002700-2,829-800-3700,laura.guerrero.2700@vimenca-demo.local
2702,Pablo Vargas González,Cedula,001-1002701-3,809-801-3701,pablo.vargas.2701@correo.com.do
2703,Patricia Peña Díaz,Cedula,001-1002702-4,829-802-3702,patricia.peña.2702@cliente.test
2704,Claudia Gutiérrez Ramírez,Cedula,001-1002703-5,809-803-3703,claudia.gutierrez.2703@cliente.test
2705,Miguel Flores Morales,Cedula,001-1002704-6,849-804-3704,miguel.flores.2704@email.do
2706,Rosa Rojas Hernández,Cedula,001-1002705-7,809-805-3705,rosa.rojas.2705@correo.com.do
2707,Pablo Cabrera Pérez,Cedula,001-1002706-8,809-806-3706,pablo.cabrera.2706@correo.com.do
2708,José Cabrera Reyes,Cedula,001-1002707-9,829-807-3707,jose.cabrera.2707@email.do
2709,José Ortiz Castillo,Cedula,001-1002708-1,829-808-3708,jose.ortiz.2708@cliente.test
2710,Valeria Pérez Peña,Cedula,001-1002709-2,829-809-3709,valeria.perez.2709@correo.com.do
2711,Óscar Ramírez González,Cedula,001-1002710-3,849-810-3710,oscar.ramirez.2710@cliente.test
2712,Óscar Gutiérrez Gómez,Cedula,001-1002711-4,829-811-3711,oscar.gutierrez.2711@correo.com.do
2713,Elena Díaz Pérez,Cedula,001-1002712-5,849-812-3712,elena.diaz.2712@correo.com.do
2714,Ricardo Romero Peña,Cedula,001-1002713-6,809-813-3713,ricardo.romero.2713@cliente.test
2715,Diana Ramírez Cruz,Cedula,001-1002714-7,849-814-3714,diana.ramirez.2714@email.do
2716,Elena Gutiérrez Jiménez,Cedula,001-1002715-8,849-815-3715,elena.gutierrez.2715@cliente.test
2717,Óscar Pérez Castillo,Cedula,001-1002716-9,849-816-3716,oscar.perez.2716@correo.com.do
2718,Sofía Pérez Torres,Cedula,001-1002717-1,809-817-3717,sofia.perez.2717@correo.com.do
2719,Carlos Hernández Flores,Cedula,001-1002718-2,809-818-3718,carlos.hernandez.2718@email.do
2720,Andrea Pérez Flores,Cedula,001-1002719-3,849-819-3719,andrea.perez.2719@email.do
2721,Fernando Cruz Cruz,Cedula,001-1002720-4,809-820-3720,fernando.cruz.2720@correo.com.do
2722,Elena Ortiz Ramírez,Cedula,001-1002721-5,809-821-3721,elena.ortiz.2721@email.do
2723,Jorge Vargas Rivera,Cedula,001-1002722-6,849-822-3722,jorge.vargas.2722@vimenca-demo.local
2724,Juan Pérez Sánchez,Cedula,001-1002723-7,849-823-3723,juan.perez.2723@cliente.test
2725,Rosa Rojas Peña,Cedula,001-1002724-8,809-824-3724,rosa.rojas.2724@email.do
2726,Daniel Castillo Martínez,Cedula,001-1002725-9,809-825-3725,daniel.castillo.2725@email.do
2727,David Cabrera Reyes,Cedula,001-1002726-1,809-826-3726,david.cabrera.2726@email.do
2728,Gabriela Morales Gómez,Cedula,001-1002727-2,809-827-3727,gabriela.morales.2727@correo.com.do
2729,Valeria Cabrera Martínez,Cedula,001-1002728-3,849-828-3728,valeria.cabrera.2728@email.do
2730,Juan Jiménez Díaz,Cedula,001-1002729-4,849-829-3729,juan.jimenez.2729@cliente.test
2731,Juan Ortiz Rojas,Cedula,001-1002730-5,829-830-3730,juan.ortiz.2730@email.do
2732,Andrés Rodríguez Guerrero,Cedula,001-1002731-6,849-831-3731,andres.rodriguez.2731@correo.com.do
2733,Diana Guerrero Torres,Cedula,001-1002732-7,809-832-3732,diana.guerrero.2732@email.do
2734,Rafael Pérez Rivera,Cedula,001-1002733-8,829-833-3733,rafael.perez.2733@vimenca-demo.local
2735,Isabella Romero Díaz,Cedula,001-1002734-9,849-834-3734,isabella.romero.2734@vimenca-demo.local
2736,Isabella Flores Díaz,Cedula,001-1002735-1,809-835-3735,isabella.flores.2735@cliente.test
2737,Jorge Rivera Mendoza,Cedula,001-1002736-2,849-836-3736,jorge.rivera.2736@vimenca-demo.local
2738,Ortiz & Pérez SRL,RNC,1300002737,849-837-3737,yolanda.ortiz.2737@vimenca-demo.local
2739,Lucía Romero Vargas,Cedula,001-1002738-4,809-838-3738,lucia.romero.2738@correo.com.do
2740,Héctor Rojas Torres,Cedula,001-1002739-5,829-839-3739,hector.rojas.2739@email.do
2741,Isabella García Torres,Cedula,001-1002740-6,829-840-3740,isabella.garcia.2740@cliente.test
2742,Laura Romero Martínez,Cedula,001-1002741-7,829-841-3741,laura.romero.2741@email.do
2743,Rafael Flores Cabrera,Cedula,001-1002742-8,849-842-3742,rafael.flores.2742@cliente.test
2744,Ana Flores Peña,Cedula,001-1002743-9,829-843-3743,ana.flores.2743@vimenca-demo.local
2745,Fernando Hernández Morales,Cedula,001-1002744-1,829-844-3744,fernando.hernandez.2744@vimenca-demo.local
2746,Carmen Rodríguez Hernández,Cedula,001-1002745-2,849-845-3745,carmen.rodriguez.2745@vimenca-demo.local
2747,Andrés Morales Medina,Cedula,001-1002746-3,849-846-3746,andres.morales.2746@cliente.test
2748,Jorge Rivera Pérez,Cedula,001-1002747-4,829-847-3747,jorge.rivera.2747@correo.com.do
2749,Manuel Reyes Castillo,Cedula,001-1002748-5,849-848-3748,manuel.reyes.2748@email.do
2750,Diana Jiménez Ruiz,Cedula,001-1002749-6,829-849-3749,diana.jimenez.2749@email.do
2751,Isabella Rivera Martínez,Cedula,001-1002750-7,809-850-3750,isabella.rivera.2750@vimenca-demo.local
2752,Pablo Rodríguez Ramírez,Cedula,001-1002751-8,849-851-3751,pablo.rodriguez.2751@vimenca-demo.local
2753,Andrés Rodríguez Ortiz,Cedula,001-1002752-9,809-852-3752,andres.rodriguez.2752@vimenca-demo.local
2754,Óscar Díaz Castillo,Cedula,001-1002753-1,809-853-3753,oscar.diaz.2753@correo.com.do
2755,Valeria González Díaz,Cedula,001-1002754-2,849-854-3754,valeria.gonzalez.2754@vimenca-demo.local
2756,Natalia González Martínez,Cedula,001-1002755-3,809-855-3755,natalia.gonzalez.2755@vimenca-demo.local
2757,Carmen Morales Hernández,Cedula,001-1002756-4,829-856-3756,carmen.morales.2756@correo.com.do
2758,Patricia Rodríguez Ortiz,Cedula,001-1002757-5,809-857-3757,patricia.rodriguez.2757@vimenca-demo.local
2759,Ricardo Morales Cruz,Cedula,001-1002758-6,829-858-3758,ricardo.morales.2758@correo.com.do
2760,Rosa Jiménez Rivera,Cedula,001-1002759-7,849-859-3759,rosa.jimenez.2759@email.do
2761,Óscar Castillo Cabrera,Cedula,001-1002760-8,849-860-3760,oscar.castillo.2760@vimenca-demo.local
2762,Francisco Castillo Alvarez,Cedula,001-1002761-9,829-861-3761,francisco.castillo.2761@email.do
2763,Francisco Morales Ruiz,Cedula,001-1002762-1,829-862-3762,francisco.morales.2762@email.do
2764,Rosa Martínez Rivera,Cedula,001-1002763-2,849-863-3763,rosa.martinez.2763@cliente.test
2765,Ana Cruz Medina,Cedula,001-1002764-3,809-864-3764,ana.cruz.2764@cliente.test
2766,Francisco Gutiérrez Reyes,Cedula,001-1002765-4,849-865-3765,francisco.gutierrez.2765@vimenca-demo.local
2767,Jorge Reyes Díaz,Cedula,001-1002766-5,829-866-3766,jorge.reyes.2766@cliente.test
2768,Héctor Morales Reyes,Cedula,001-1002767-6,849-867-3767,hector.morales.2767@correo.com.do
2769,José Alvarez Morales,Cedula,001-1002768-7,809-868-3768,jose.alvarez.2768@correo.com.do
2770,Claudia Peña Rivera,Cedula,001-1002769-8,849-869-3769,claudia.peña.2769@email.do
2771,Camila Díaz González,Cedula,001-1002770-9,809-870-3770,camila.diaz.2770@vimenca-demo.local
2772,Fernando González Cruz,Cedula,001-1002771-1,829-871-3771,fernando.gonzalez.2771@correo.com.do
2773,Lucía Reyes Guerrero,Cedula,001-1002772-2,809-872-3772,lucia.reyes.2772@correo.com.do
2774,Luis Flores Guerrero,Cedula,001-1002773-3,829-873-3773,luis.flores.2773@correo.com.do
2775,Yolanda Pérez Guerrero,Cedula,001-1002774-4,849-874-3774,yolanda.perez.2774@vimenca-demo.local
2776,Gabriela Mendoza Gómez,Cedula,001-1002775-5,809-875-3775,gabriela.mendoza.2775@correo.com.do
2777,Karina Castillo Gutiérrez,Cedula,001-1002776-6,849-876-3776,karina.castillo.2776@correo.com.do
2778,Laura Gutiérrez González,Cedula,001-1002777-7,809-877-3777,laura.gutierrez.2777@cliente.test
2779,Patricia Cabrera Castillo,Cedula,001-1002778-8,829-878-3778,patricia.cabrera.2778@email.do
2780,Rosa Romero Peña,Cedula,001-1002779-9,829-879-3779,rosa.romero.2779@correo.com.do
2781,Claudia Mendoza Ramírez,Cedula,001-1002780-1,809-880-3780,claudia.mendoza.2780@correo.com.do
2782,Juan González Jiménez,Cedula,001-1002781-2,849-881-3781,juan.gonzalez.2781@correo.com.do
2783,Rafael Torres Ramírez,Cedula,001-1002782-3,829-882-3782,rafael.torres.2782@correo.com.do
2784,José Guerrero Gutiérrez,Cedula,001-1002783-4,829-883-3783,jose.guerrero.2783@cliente.test
2785,Luis Peña Pérez,Cedula,001-1002784-5,829-884-3784,luis.peña.2784@vimenca-demo.local
2786,Gabriela Sánchez Guerrero,Cedula,001-1002785-6,849-885-3785,gabriela.sanchez.2785@email.do
2787,Valeria Guerrero Jiménez,Cedula,001-1002786-7,849-886-3786,valeria.guerrero.2786@cliente.test
2788,Claudia Pérez Morales,Cedula,001-1002787-8,849-887-3787,claudia.perez.2787@email.do
2789,José Sánchez González,Cedula,001-1002788-9,809-888-3788,jose.sanchez.2788@email.do
2790,Camila Romero Mendoza,Cedula,001-1002789-1,829-889-3789,camila.romero.2789@email.do
2791,Gabriela Rivera Rivera,Cedula,001-1002790-2,849-890-3790,gabriela.rivera.2790@correo.com.do
2792,Isabella Díaz Castillo,Cedula,001-1002791-3,829-891-3791,isabella.diaz.2791@vimenca-demo.local
2793,Ricardo Mendoza Medina,Cedula,001-1002792-4,829-892-3792,ricardo.mendoza.2792@correo.com.do
2794,Héctor Guerrero Morales,Cedula,001-1002793-5,809-893-3793,hector.guerrero.2793@email.do
2795,Diana Reyes Pérez,Cedula,001-1002794-6,809-894-3794,diana.reyes.2794@cliente.test
2796,Karina Rivera Rodríguez,Cedula,001-1002795-7,809-895-3795,karina.rivera.2795@cliente.test
2797,Jorge González Reyes,Cedula,001-1002796-8,829-896-3796,jorge.gonzalez.2796@cliente.test
2798,Juan Sánchez Díaz,Cedula,001-1002797-9,829-897-3797,juan.sanchez.2797@email.do
2799,Lucía Cruz Gutiérrez,Cedula,001-1002798-1,809-898-3798,lucia.cruz.2798@correo.com.do
2800,Manuel Díaz Vargas,Cedula,001-1002799-2,829-899-3799,manuel.diaz.2799@vimenca-demo.local
2801,Francisco Flores Medina,Cedula,001-1002800-3,829-500-3800,francisco.flores.2800@vimenca-demo.local
2802,Miguel Peña Guerrero,Cedula,001-1002801-4,829-501-3801,miguel.peña.2801@cliente.test
2803,Gabriela Jiménez Castillo,Cedula,001-1002802-5,849-502-3802,gabriela.jimenez.2802@email.do
2804,Camila Alvarez Castillo,Cedula,001-1002803-6,809-503-3803,camila.alvarez.2803@vimenca-demo.local
2805,Daniel Hernández Hernández,Cedula,001-1002804-7,849-504-3804,daniel.hernandez.2804@vimenca-demo.local
2806,Claudia Guerrero Cruz,Cedula,001-1002805-8,809-505-3805,claudia.guerrero.2805@correo.com.do
2807,José Rojas Romero,Cedula,001-1002806-9,809-506-3806,jose.rojas.2806@email.do
2808,Rafael Castillo Pérez,Cedula,001-1002807-1,849-507-3807,rafael.castillo.2807@cliente.test
2809,Gabriela Gómez Alvarez,Cedula,001-1002808-2,849-508-3808,gabriela.gomez.2808@email.do
2810,Sofía Pérez Cabrera,Cedula,001-1002809-3,849-509-3809,sofia.perez.2809@email.do
2811,Ricardo Alvarez Morales,Cedula,001-1002810-4,809-510-3810,ricardo.alvarez.2810@correo.com.do
2812,Claudia Flores Pérez,Cedula,001-1002811-5,849-511-3811,claudia.flores.2811@correo.com.do
2813,Miguel Reyes Alvarez,Cedula,001-1002812-6,849-512-3812,miguel.reyes.2812@vimenca-demo.local
2814,José Peña Sánchez,Cedula,001-1002813-7,809-513-3813,jose.peña.2813@vimenca-demo.local
2815,Iván Cruz González,Cedula,001-1002814-8,809-514-3814,ivan.cruz.2814@email.do
2816,Valeria Ortiz Reyes,Cedula,001-1002815-9,809-515-3815,valeria.ortiz.2815@vimenca-demo.local
2817,Carmen Romero Sánchez,Cedula,001-1002816-1,849-516-3816,carmen.romero.2816@cliente.test
2818,Carmen Martínez Hernández,Cedula,001-1002817-2,849-517-3817,carmen.martinez.2817@correo.com.do
2819,Rafael Ramírez Rodríguez,Cedula,001-1002818-3,809-518-3818,rafael.ramirez.2818@email.do
2820,Alejandro Alvarez Morales,Cedula,001-1002819-4,829-519-3819,alejandro.alvarez.2819@correo.com.do
2821,Ana Castillo Romero,Cedula,001-1002820-5,809-520-3820,ana.castillo.2820@cliente.test
2822,Laura Hernández Guerrero,Cedula,001-1002821-6,849-521-3821,laura.hernandez.2821@cliente.test
2823,Jorge Díaz Jiménez,Cedula,001-1002822-7,809-522-3822,jorge.diaz.2822@email.do
2824,Iván Morales Vargas,Cedula,001-1002823-8,809-523-3823,ivan.morales.2823@cliente.test
2825,Paola Martínez González,Cedula,001-1002824-9,809-524-3824,paola.martinez.2824@vimenca-demo.local
2826,Andrés Ortiz Torres,Cedula,001-1002825-1,849-525-3825,andres.ortiz.2825@correo.com.do
2827,Andrea Gómez García,Cedula,001-1002826-2,829-526-3826,andrea.gomez.2826@email.do
2828,Valeria Cruz Mendoza,Cedula,001-1002827-3,809-527-3827,valeria.cruz.2827@vimenca-demo.local
2829,María Rivera Martínez,Cedula,001-1002828-4,849-528-3828,maria.rivera.2828@email.do
2830,Claudia Gutiérrez Rivera,Cedula,001-1002829-5,849-529-3829,claudia.gutierrez.2829@cliente.test
2831,Luis Ruiz Mendoza,Cedula,001-1002830-6,849-530-3830,luis.ruiz.2830@correo.com.do
2832,Gabriela Peña Peña,Cedula,001-1002831-7,849-531-3831,gabriela.peña.2831@vimenca-demo.local
2833,José Rodríguez Gómez,Cedula,001-1002832-8,829-532-3832,jose.rodriguez.2832@cliente.test
2834,Carmen Gómez Cabrera,Cedula,001-1002833-9,809-533-3833,carmen.gomez.2833@correo.com.do
2835,Laura Ruiz Guerrero,Cedula,001-1002834-1,849-534-3834,laura.ruiz.2834@vimenca-demo.local
2836,Luis Torres Ortiz,Cedula,001-1002835-2,849-535-3835,luis.torres.2835@correo.com.do
2837,Claudia Mendoza Guerrero,Cedula,001-1002836-3,829-536-3836,claudia.mendoza.2836@correo.com.do
2838,Miguel Morales Jiménez,Cedula,001-1002837-4,849-537-3837,miguel.morales.2837@correo.com.do
2839,Gabriela González Flores,Cedula,001-1002838-5,809-538-3838,gabriela.gonzalez.2838@correo.com.do
2840,Carlos Ortiz Gutiérrez,Cedula,001-1002839-6,849-539-3839,carlos.ortiz.2839@email.do
2841,Jorge Morales Ortiz,Cedula,001-1002840-7,809-540-3840,jorge.morales.2840@vimenca-demo.local
2842,José Peña Rodríguez,Cedula,001-1002841-8,809-541-3841,jose.peña.2841@correo.com.do
2843,Andrea Jiménez Rojas,Cedula,001-1002842-9,849-542-3842,andrea.jimenez.2842@cliente.test
2844,José Ruiz Ortiz,Cedula,001-1002843-1,829-543-3843,jose.ruiz.2843@correo.com.do
2845,Ricardo Mendoza González,Cedula,001-1002844-2,849-544-3844,ricardo.mendoza.2844@cliente.test
2846,Óscar Ruiz González,Cedula,001-1002845-3,829-545-3845,oscar.ruiz.2845@correo.com.do
2847,Andrés Cabrera Jiménez,Cedula,001-1002846-4,829-546-3846,andres.cabrera.2846@vimenca-demo.local
2848,Carmen Gómez Morales,Cedula,001-1002847-5,809-547-3847,carmen.gomez.2847@correo.com.do
2849,Patricia Martínez Hernández,Cedula,001-1002848-6,809-548-3848,patricia.martinez.2848@correo.com.do
2850,Héctor Romero Alvarez,Cedula,001-1002849-7,809-549-3849,hector.romero.2849@correo.com.do
2851,Sofía Guerrero Rodríguez,Cedula,001-1002850-8,809-550-3850,sofia.guerrero.2850@correo.com.do
2852,Francisco Reyes Sánchez,Cedula,001-1002851-9,809-551-3851,francisco.reyes.2851@vimenca-demo.local
2853,Daniel Díaz Jiménez,Cedula,001-1002852-1,829-552-3852,daniel.diaz.2852@email.do
2854,Francisco Jiménez Cruz,Cedula,001-1002853-2,849-553-3853,francisco.jimenez.2853@cliente.test
2855,Andrés Castillo Martínez,Cedula,001-1002854-3,829-554-3854,andres.castillo.2854@correo.com.do
2856,Andrea Ramírez Ortiz,Cedula,001-1002855-4,809-555-3855,andrea.ramirez.2855@vimenca-demo.local
2857,Iván Mendoza Rivera,Cedula,001-1002856-5,849-556-3856,ivan.mendoza.2856@vimenca-demo.local
2858,Diana Rojas Vargas,Cedula,001-1002857-6,849-557-3857,diana.rojas.2857@email.do
2859,Elena Gómez Mendoza,Cedula,001-1002858-7,809-558-3858,elena.gomez.2858@correo.com.do
2860,Jorge Cabrera Morales,Cedula,001-1002859-8,829-559-3859,jorge.cabrera.2859@cliente.test
2861,Pedro Ramírez Peña,Cedula,001-1002860-9,849-560-3860,pedro.ramirez.2860@email.do
2862,Patricia Rivera Romero,Cedula,001-1002861-1,809-561-3861,patricia.rivera.2861@email.do
2863,Alejandro Romero Guerrero,Cedula,001-1002862-2,809-562-3862,alejandro.romero.2862@email.do
2864,Sofía Mendoza Reyes,Cedula,001-1002863-3,809-563-3863,sofia.mendoza.2863@cliente.test
2865,José Ortiz Guerrero,Cedula,001-1002864-4,829-564-3864,jose.ortiz.2864@correo.com.do
2866,Elena Hernández Cruz,Cedula,001-1002865-5,809-565-3865,elena.hernandez.2865@vimenca-demo.local
2867,Luis Flores Rojas,Cedula,001-1002866-6,829-566-3866,luis.flores.2866@cliente.test
2868,José Rojas Cruz,Cedula,001-1002867-7,829-567-3867,jose.rojas.2867@cliente.test
2869,Carlos Torres Ramírez,Cedula,001-1002868-8,809-568-3868,carlos.torres.2868@cliente.test
2870,Óscar Ruiz Rodríguez,Cedula,001-1002869-9,809-569-3869,oscar.ruiz.2869@vimenca-demo.local
2871,Andrea Alvarez Díaz,Cedula,001-1002870-1,849-570-3870,andrea.alvarez.2870@correo.com.do
2872,David Peña Guerrero,Cedula,001-1002871-2,849-571-3871,david.peña.2871@vimenca-demo.local
2873,Laura Alvarez García,Cedula,001-1002872-3,849-572-3872,laura.alvarez.2872@vimenca-demo.local
2874,Claudia Morales Rojas,Cedula,001-1002873-4,849-573-3873,claudia.morales.2873@cliente.test
2875,Luis Medina Pérez,Cedula,001-1002874-5,849-574-3874,luis.medina.2874@cliente.test
2876,Diana Rojas Ruiz,Cedula,001-1002875-6,829-575-3875,diana.rojas.2875@cliente.test
2877,Paola Romero Hernández,Cedula,001-1002876-7,809-576-3876,paola.romero.2876@vimenca-demo.local
2878,Ricardo Reyes Romero,Cedula,001-1002877-8,809-577-3877,ricardo.reyes.2877@email.do
2879,Juan Flores Medina,Cedula,001-1002878-9,809-578-3878,juan.flores.2878@vimenca-demo.local
2880,Sofía Alvarez Ruiz,Cedula,001-1002879-1,829-579-3879,sofia.alvarez.2879@vimenca-demo.local
2881,Paola Cruz Rodríguez,Cedula,001-1002880-2,829-580-3880,paola.cruz.2880@vimenca-demo.local
2882,Elena Castillo Flores,Cedula,001-1002881-3,809-581-3881,elena.castillo.2881@correo.com.do
2883,Rosa Hernández Castillo,Cedula,001-1002882-4,829-582-3882,rosa.hernandez.2882@vimenca-demo.local
2884,Ana Reyes Reyes,Cedula,001-1002883-5,829-583-3883,ana.reyes.2883@correo.com.do
2885,Juan Reyes Rodríguez,Cedula,001-1002884-6,829-584-3884,juan.reyes.2884@vimenca-demo.local
2886,Natalia Ramírez Morales,Cedula,001-1002885-7,849-585-3885,natalia.ramirez.2885@correo.com.do
2887,Pedro Flores Cabrera,Cedula,001-1002886-8,809-586-3886,pedro.flores.2886@vimenca-demo.local
2888,Iván Sánchez Flores,Cedula,001-1002887-9,829-587-3887,ivan.sanchez.2887@vimenca-demo.local
2889,Isabella González Torres,Cedula,001-1002888-1,809-588-3888,isabella.gonzalez.2888@email.do
2890,Claudia Vargas Rodríguez,Cedula,001-1002889-2,809-589-3889,claudia.vargas.2889@email.do
2891,Carlos Sánchez Castillo,Cedula,001-1002890-3,849-590-3890,carlos.sanchez.2890@cliente.test
2892,Daniel Rodríguez Ruiz,Cedula,001-1002891-4,809-591-3891,daniel.rodriguez.2891@email.do
2893,Valeria Flores García,Cedula,001-1002892-5,849-592-3892,valeria.flores.2892@vimenca-demo.local
2894,Carlos Jiménez Torres,Cedula,001-1002893-6,809-593-3893,carlos.jimenez.2893@vimenca-demo.local
2895,Miguel Gutiérrez Reyes,Cedula,001-1002894-7,849-594-3894,miguel.gutierrez.2894@correo.com.do
2896,Miguel Torres Ramírez,Cedula,001-1002895-8,849-595-3895,miguel.torres.2895@vimenca-demo.local
2897,Alejandro Guerrero Guerrero,Cedula,001-1002896-9,809-596-3896,alejandro.guerrero.2896@cliente.test
2898,Óscar Cabrera Rivera,Cedula,001-1002897-1,809-597-3897,oscar.cabrera.2897@email.do
2899,Daniel Jiménez Medina,Cedula,001-1002898-2,829-598-3898,daniel.jimenez.2898@vimenca-demo.local
2900,Héctor Cabrera Vargas,Cedula,001-1002899-3,829-599-3899,hector.cabrera.2899@vimenca-demo.local
2901,Diana Jiménez García,Cedula,001-1002900-4,829-600-3900,diana.jimenez.2900@email.do
2902,Carlos Rivera Peña,Cedula,001-1002901-5,849-601-3901,carlos.rivera.2901@email.do
2903,José Pérez Jiménez,Cedula,001-1002902-6,829-602-3902,jose.perez.2902@email.do
2904,Camila Mendoza Alvarez,Cedula,001-1002903-7,809-603-3903,camila.mendoza.2903@vimenca-demo.local
2905,Ricardo Guerrero Hernández,Cedula,001-1002904-8,849-604-3904,ricardo.guerrero.2904@correo.com.do
2906,Manuel Cruz Alvarez,Cedula,001-1002905-9,809-605-3905,manuel.cruz.2905@correo.com.do
2907,Patricia Hernández Gutiérrez,Cedula,001-1002906-1,849-606-3906,patricia.hernandez.2906@cliente.test
2908,Andrés Rojas Cabrera,Cedula,001-1002907-2,849-607-3907,andres.rojas.2907@correo.com.do
2909,Gabriela Castillo Gutiérrez,Cedula,001-1002908-3,829-608-3908,gabriela.castillo.2908@cliente.test
2910,Elena Ramírez Guerrero,Cedula,001-1002909-4,809-609-3909,elena.ramirez.2909@vimenca-demo.local
2911,David Torres Medina,Cedula,001-1002910-5,809-610-3910,david.torres.2910@vimenca-demo.local
2912,Pablo Gómez Romero,Cedula,001-1002911-6,849-611-3911,pablo.gomez.2911@correo.com.do
2913,Sofía Reyes Romero,Cedula,001-1002912-7,829-612-3912,sofia.reyes.2912@cliente.test
2914,Pedro Díaz Ruiz,Cedula,001-1002913-8,829-613-3913,pedro.diaz.2913@correo.com.do
2915,Gabriela Jiménez Torres,Cedula,001-1002914-9,829-614-3914,gabriela.jimenez.2914@cliente.test
2916,Patricia Hernández Guerrero,Cedula,001-1002915-1,849-615-3915,patricia.hernandez.2915@email.do
2917,Sofía Alvarez Peña,Cedula,001-1002916-2,849-616-3916,sofia.alvarez.2916@cliente.test
2918,Karina Castillo González,Cedula,001-1002917-3,829-617-3917,karina.castillo.2917@vimenca-demo.local
2919,David Gómez Pérez,Cedula,001-1002918-4,829-618-3918,david.gomez.2918@correo.com.do
2920,Héctor Gutiérrez González,Cedula,001-1002919-5,849-619-3919,hector.gutierrez.2919@cliente.test
2921,Carmen Cabrera Sánchez,Cedula,001-1002920-6,809-620-3920,carmen.cabrera.2920@cliente.test
2922,María Pérez Morales,Cedula,001-1002921-7,849-621-3921,maria.perez.2921@vimenca-demo.local
2923,Gabriela Romero Pérez,Cedula,001-1002922-8,809-622-3922,gabriela.romero.2922@email.do
2924,Óscar García Mendoza,Cedula,001-1002923-9,809-623-3923,oscar.garcia.2923@email.do
2925,Francisco Gutiérrez Rojas,Cedula,001-1002924-1,829-624-3924,francisco.gutierrez.2924@cliente.test
2926,Jorge González Cruz,Cedula,001-1002925-2,849-625-3925,jorge.gonzalez.2925@email.do
2927,Diana Pérez Gómez,Cedula,001-1002926-3,849-626-3926,diana.perez.2926@vimenca-demo.local
2928,Yolanda Jiménez Pérez,Cedula,001-1002927-4,809-627-3927,yolanda.jimenez.2927@correo.com.do
2929,Jorge Reyes Peña,Cedula,001-1002928-5,849-628-3928,jorge.reyes.2928@cliente.test
2930,Iván Romero Guerrero,Cedula,001-1002929-6,829-629-3929,ivan.romero.2929@cliente.test
2931,Gabriela Mendoza González,Cedula,001-1002930-7,849-630-3930,gabriela.mendoza.2930@email.do
2932,Karina Peña Guerrero,Cedula,001-1002931-8,809-631-3931,karina.peña.2931@correo.com.do
2933,Juan Hernández Hernández,Cedula,001-1002932-9,849-632-3932,juan.hernandez.2932@vimenca-demo.local
2934,Pablo Cruz Gómez,Cedula,001-1002933-1,809-633-3933,pablo.cruz.2933@cliente.test
2935,Camila Romero Hernández,Cedula,001-1002934-2,809-634-3934,camila.romero.2934@vimenca-demo.local
2936,Patricia Rivera Ortiz,Cedula,001-1002935-3,809-635-3935,patricia.rivera.2935@vimenca-demo.local
2937,Paola Gutiérrez Cabrera,Cedula,001-1002936-4,829-636-3936,paola.gutierrez.2936@cliente.test
2938,Daniel Cruz Gómez,Cedula,001-1002937-5,809-637-3937,daniel.cruz.2937@email.do
2939,Carlos Guerrero Romero,Cedula,001-1002938-6,829-638-3938,carlos.guerrero.2938@email.do
2940,Lucía Flores Hernández,Cedula,001-1002939-7,809-639-3939,lucia.flores.2939@vimenca-demo.local
2941,Jorge Rivera Sánchez,Cedula,001-1002940-8,829-640-3940,jorge.rivera.2940@correo.com.do
2942,Elena Ortiz Reyes,Cedula,001-1002941-9,809-641-3941,elena.ortiz.2941@email.do
2943,Diana Peña Flores,Cedula,001-1002942-1,809-642-3942,diana.peña.2942@correo.com.do
2944,Elena González Pérez,Cedula,001-1002943-2,849-643-3943,elena.gonzalez.2943@email.do
2945,Camila Alvarez Sánchez,Cedula,001-1002944-3,849-644-3944,camila.alvarez.2944@correo.com.do
2946,Carlos Cabrera Ruiz,Cedula,001-1002945-4,809-645-3945,carlos.cabrera.2945@email.do
2947,Isabella Guerrero Guerrero,Cedula,001-1002946-5,829-646-3946,isabella.guerrero.2946@correo.com.do
2948,Laura Rivera Hernández,Cedula,001-1002947-6,849-647-3947,laura.rivera.2947@cliente.test
2949,Iván Gutiérrez González,Cedula,001-1002948-7,829-648-3948,ivan.gutierrez.2948@cliente.test
2950,Andrés Mendoza Mendoza,Cedula,001-1002949-8,829-649-3949,andres.mendoza.2949@correo.com.do
2951,Óscar Ortiz Flores,Cedula,001-1002950-9,809-650-3950,oscar.ortiz.2950@correo.com.do
2952,Elena Romero Castillo,Cedula,001-1002951-1,829-651-3951,elena.romero.2951@correo.com.do
2953,Pedro Romero Medina,Cedula,001-1002952-2,849-652-3952,pedro.romero.2952@email.do
2954,Miguel Gómez Sánchez,Cedula,001-1002953-3,829-653-3953,miguel.gomez.2953@vimenca-demo.local
2955,Pablo Vargas Romero,Cedula,001-1002954-4,849-654-3954,pablo.vargas.2954@correo.com.do
2956,Daniel Cabrera Peña,Cedula,001-1002955-5,829-655-3955,daniel.cabrera.2955@correo.com.do
2957,Rafael Peña Mendoza,Cedula,001-1002956-6,809-656-3956,rafael.peña.2956@vimenca-demo.local
2958,Natalia Castillo Guerrero,Cedula,001-1002957-7,849-657-3957,natalia.castillo.2957@correo.com.do
2959,Juan Torres González,Cedula,001-1002958-8,809-658-3958,juan.torres.2958@cliente.test
2960,Carmen Flores Ortiz,Cedula,001-1002959-9,829-659-3959,carmen.flores.2959@email.do
2961,Ana Romero Ortiz,Cedula,001-1002960-1,809-660-3960,ana.romero.2960@vimenca-demo.local
2962,Carmen Vargas Cabrera,Cedula,001-1002961-2,849-661-3961,carmen.vargas.2961@correo.com.do
2963,Laura García Morales,Cedula,001-1002962-3,829-662-3962,laura.garcia.2962@correo.com.do
2964,Natalia Jiménez Ramírez,Cedula,001-1002963-4,809-663-3963,natalia.jimenez.2963@email.do
2965,Héctor Mendoza Flores,Cedula,001-1002964-5,849-664-3964,hector.mendoza.2964@cliente.test
2966,Karina Torres Vargas,Cedula,001-1002965-6,829-665-3965,karina.torres.2965@vimenca-demo.local
2967,Lucía Castillo Sánchez,Cedula,001-1002966-7,809-666-3966,lucia.castillo.2966@vimenca-demo.local
2968,Diana Castillo Ortiz,Cedula,001-1002967-8,849-667-3967,diana.castillo.2967@cliente.test
2969,Fernando Jiménez Díaz,Cedula,001-1002968-9,829-668-3968,fernando.jimenez.2968@cliente.test
2970,Rafael Torres Pérez,Cedula,001-1002969-1,829-669-3969,rafael.torres.2969@vimenca-demo.local
2971,Iván Gómez Torres,Cedula,001-1002970-2,809-670-3970,ivan.gomez.2970@cliente.test
2972,Ana Reyes Gómez,Cedula,001-1002971-3,829-671-3971,ana.reyes.2971@correo.com.do
2973,Fernando Mendoza González,Cedula,001-1002972-4,829-672-3972,fernando.mendoza.2972@cliente.test
2974,Yolanda Morales Castillo,Cedula,001-1002973-5,809-673-3973,yolanda.morales.2973@email.do
2975,Diana Flores Gutiérrez,Cedula,001-1002974-6,829-674-3974,diana.flores.2974@email.do
2976,Luis Ruiz Alvarez,Cedula,001-1002975-7,829-675-3975,luis.ruiz.2975@vimenca-demo.local
2977,Daniel Morales Cruz,Cedula,001-1002976-8,829-676-3976,daniel.morales.2976@cliente.test
2978,Fernando Flores Peña,Cedula,001-1002977-9,829-677-3977,fernando.flores.2977@correo.com.do
2979,Isabella Romero Torres,Cedula,001-1002978-1,849-678-3978,isabella.romero.2978@vimenca-demo.local
2980,Carlos Rivera Reyes,Cedula,001-1002979-2,809-679-3979,carlos.rivera.2979@cliente.test
2981,Paola Cabrera Sánchez,Cedula,001-1002980-3,849-680-3980,paola.cabrera.2980@email.do
2982,Andrés Jiménez Jiménez,Cedula,001-1002981-4,809-681-3981,andres.jimenez.2981@vimenca-demo.local
2983,Yolanda Ruiz García,Cedula,001-1002982-5,829-682-3982,yolanda.ruiz.2982@correo.com.do
2984,Pedro Alvarez Mendoza,Cedula,001-1002983-6,829-683-3983,pedro.alvarez.2983@vimenca-demo.local
2985,Natalia Martínez Vargas,Cedula,001-1002984-7,849-684-3984,natalia.martinez.2984@correo.com.do
2986,Laura Díaz Ruiz,Cedula,001-1002985-8,809-685-3985,laura.diaz.2985@email.do
2987,Andrea Cruz Rojas,Cedula,001-1002986-9,829-686-3986,andrea.cruz.2986@email.do
2988,María Peña Díaz,Cedula,001-1002987-1,829-687-3987,maria.peña.2987@vimenca-demo.local
2989,Laura Ruiz Romero,Cedula,001-1002988-2,809-688-3988,laura.ruiz.2988@email.do
2990,Carlos Rojas García,Cedula,001-1002989-3,849-689-3989,carlos.rojas.2989@correo.com.do
2991,Fernando Medina Ortiz,Cedula,001-1002990-4,809-690-3990,fernando.medina.2990@correo.com.do
2992,Diana Rivera García,Cedula,001-1002991-5,849-691-3991,diana.rivera.2991@email.do
2993,Sofía Rodríguez Flores,Cedula,001-1002992-6,829-692-3992,sofia.rodriguez.2992@correo.com.do
2994,Fernando González Guerrero,Cedula,001-1002993-7,809-693-3993,fernando.gonzalez.2993@vimenca-demo.local
2995,Miguel Martínez Gutiérrez,Cedula,001-1002994-8,809-694-3994,miguel.martinez.2994@cliente.test
2996,Juan Romero Guerrero,Cedula,001-1002995-9,809-695-3995,juan.romero.2995@email.do
2997,Karina Medina Cruz,Cedula,001-1002996-1,849-696-3996,karina.medina.2996@email.do
2998,Rosa Medina Gómez,Cedula,001-1002997-2,849-697-3997,rosa.medina.2997@cliente.test
2999,José Rivera Flores,Cedula,001-1002998-3,809-698-3998,jose.rivera.2998@cliente.test
3000,Rafael Flores Vargas,Cedula,001-1002999-4,829-699-3999,rafael.flores.2999@cliente.test
3001,Diana Morales Martínez,Cedula,001-1003000-5,829-700-4000,diana.morales.3000@email.do
3002,Natalia Flores Ortiz,Cedula,001-1003001-6,849-701-4001,natalia.flores.3001@vimenca-demo.local
3003,Andrea Gutiérrez Torres,Cedula,001-1003002-7,809-702-4002,andrea.gutierrez.3002@cliente.test
3004,Isabella Romero Cruz,Cedula,001-1003003-8,849-703-4003,isabella.romero.3003@vimenca-demo.local
3005,Rafael Reyes Torres,Cedula,001-1003004-9,829-704-4004,rafael.reyes.3004@correo.com.do
3006,Patricia Reyes Díaz,Cedula,001-1003005-1,849-705-4005,patricia.reyes.3005@cliente.test
3007,Rafael Vargas Rivera,Cedula,001-1003006-2,809-706-4006,rafael.vargas.3006@vimenca-demo.local
3008,Pedro Pérez Ruiz,Cedula,001-1003007-3,809-707-4007,pedro.perez.3007@email.do
3009,Isabella Hernández Torres,Cedula,001-1003008-4,809-708-4008,isabella.hernandez.3008@correo.com.do
3010,Fernando Jiménez Guerrero,Cedula,001-1003009-5,849-709-4009,fernando.jimenez.3009@cliente.test
3011,Paola Alvarez Torres,Cedula,001-1003010-6,829-710-4010,paola.alvarez.3010@correo.com.do
3012,Valeria Morales Rivera,Cedula,001-1003011-7,809-711-4011,valeria.morales.3011@vimenca-demo.local
3013,Carlos Gómez Mendoza,Cedula,001-1003012-8,809-712-4012,carlos.gomez.3012@cliente.test
3014,Elena Mendoza Ramírez,Cedula,001-1003013-9,849-713-4013,elena.mendoza.3013@cliente.test
3015,Isabella Gómez Vargas,Cedula,001-1003014-1,829-714-4014,isabella.gomez.3014@email.do
3016,Pablo Mendoza Ortiz,Cedula,001-1003015-2,809-715-4015,pablo.mendoza.3015@correo.com.do
3017,Óscar Mendoza Martínez,Cedula,001-1003016-3,809-716-4016,oscar.mendoza.3016@cliente.test
3018,Juan Sánchez Gutiérrez,Cedula,001-1003017-4,809-717-4017,juan.sanchez.3017@correo.com.do
3019,Carmen Reyes Rojas,Cedula,001-1003018-5,809-718-4018,carmen.reyes.3018@correo.com.do
3020,Óscar Ortiz Sánchez,Cedula,001-1003019-6,809-719-4019,oscar.ortiz.3019@cliente.test
3021,Natalia Morales Cruz,Cedula,001-1003020-7,829-720-4020,natalia.morales.3020@correo.com.do
3022,Andrés Morales Rivera,Cedula,001-1003021-8,849-721-4021,andres.morales.3021@vimenca-demo.local
3023,Daniel Jiménez Cabrera,Cedula,001-1003022-9,849-722-4022,daniel.jimenez.3022@vimenca-demo.local
3024,María González Rivera,Cedula,001-1003023-1,849-723-4023,maria.gonzalez.3023@email.do
3025,Alejandro Gutiérrez Jiménez,Cedula,001-1003024-2,829-724-4024,alejandro.gutierrez.3024@vimenca-demo.local
3026,Pablo Ramírez Peña,Cedula,001-1003025-3,849-725-4025,pablo.ramirez.3025@vimenca-demo.local
3027,Francisco Sánchez Gutiérrez,Cedula,001-1003026-4,809-726-4026,francisco.sanchez.3026@cliente.test
3028,Daniel Morales Sánchez,Cedula,001-1003027-5,829-727-4027,daniel.morales.3027@email.do
3029,Miguel García Rivera,Cedula,001-1003028-6,809-728-4028,miguel.garcia.3028@email.do
3030,Rafael Ruiz Reyes,Cedula,001-1003029-7,809-729-4029,rafael.ruiz.3029@vimenca-demo.local
3031,Luis Jiménez Reyes,Cedula,001-1003030-8,809-730-4030,luis.jimenez.3030@email.do
3032,Jorge Vargas Ruiz,Cedula,001-1003031-9,829-731-4031,jorge.vargas.3031@email.do
3033,Juan Peña Ramírez,Cedula,001-1003032-1,829-732-4032,juan.peña.3032@vimenca-demo.local
3034,Óscar Hernández Romero,Cedula,001-1003033-2,829-733-4033,oscar.hernandez.3033@vimenca-demo.local
3035,Claudia Alvarez Cruz,Cedula,001-1003034-3,849-734-4034,claudia.alvarez.3034@vimenca-demo.local
3036,Andrea Vargas Castillo,Cedula,001-1003035-4,809-735-4035,andrea.vargas.3035@email.do
3037,Karina González Pérez,Cedula,001-1003036-5,829-736-4036,karina.gonzalez.3036@email.do
3038,Ana Flores Hernández,Cedula,001-1003037-6,809-737-4037,ana.flores.3037@correo.com.do
3039,Lucía Hernández Vargas,Cedula,001-1003038-7,829-738-4038,lucia.hernandez.3038@cliente.test
3040,Paola Alvarez Rojas,Cedula,001-1003039-8,849-739-4039,paola.alvarez.3039@vimenca-demo.local
3041,Claudia Castillo Peña,Cedula,001-1003040-9,809-740-4040,claudia.castillo.3040@cliente.test
3042,María García Medina,Cedula,001-1003041-1,809-741-4041,maria.garcia.3041@email.do
3043,Pedro Peña Medina,Cedula,001-1003042-2,809-742-4042,pedro.peña.3042@email.do
3044,María Ortiz Rojas,Cedula,001-1003043-3,829-743-4043,maria.ortiz.3043@correo.com.do
3045,Miguel Cabrera Rodríguez,Cedula,001-1003044-4,849-744-4044,miguel.cabrera.3044@email.do
3046,Iván Morales Castillo,Cedula,001-1003045-5,829-745-4045,ivan.morales.3045@cliente.test
3047,Rosa Gutiérrez Alvarez,Cedula,001-1003046-6,809-746-4046,rosa.gutierrez.3046@correo.com.do
3048,Natalia Cruz Cruz,Cedula,001-1003047-7,849-747-4047,natalia.cruz.3047@cliente.test
3049,Gabriela Díaz Rivera,Cedula,001-1003048-8,849-748-4048,gabriela.diaz.3048@vimenca-demo.local
3050,Pedro Cabrera Jiménez,Cedula,001-1003049-9,809-749-4049,pedro.cabrera.3049@email.do
3051,Elena Mendoza González,Cedula,001-1003050-1,849-750-4050,elena.mendoza.3050@cliente.test
3052,Iván Ortiz Mendoza,Cedula,001-1003051-2,849-751-4051,ivan.ortiz.3051@vimenca-demo.local
3053,Andrés Ruiz Cabrera,Cedula,001-1003052-3,849-752-4052,andres.ruiz.3052@cliente.test
3054,Jorge Sánchez García,Cedula,001-1003053-4,829-753-4053,jorge.sanchez.3053@vimenca-demo.local
3055,Jorge Romero Morales,Cedula,001-1003054-5,849-754-4054,jorge.romero.3054@email.do
3056,Natalia Cabrera Peña,Cedula,001-1003055-6,829-755-4055,natalia.cabrera.3055@email.do
3057,Alejandro Sánchez Peña,Cedula,001-1003056-7,809-756-4056,alejandro.sanchez.3056@correo.com.do
3058,Iván Díaz Gutiérrez,Cedula,001-1003057-8,809-757-4057,ivan.diaz.3057@email.do
3059,Karina Rivera Gómez,Cedula,001-1003058-9,829-758-4058,karina.rivera.3058@correo.com.do
3060,Valeria Gutiérrez Peña,Cedula,001-1003059-1,849-759-4059,valeria.gutierrez.3059@correo.com.do
3061,Elena Rodríguez Vargas,Cedula,001-1003060-2,849-760-4060,elena.rodriguez.3060@vimenca-demo.local
3062,Gabriela Cruz Rodríguez,Cedula,001-1003061-3,829-761-4061,gabriela.cruz.3061@vimenca-demo.local
3063,Luis Hernández Guerrero,Cedula,001-1003062-4,849-762-4062,luis.hernandez.3062@correo.com.do
3064,Gabriela Jiménez Vargas,Cedula,001-1003063-5,829-763-4063,gabriela.jimenez.3063@cliente.test
3065,Ana Ortiz Romero,Cedula,001-1003064-6,809-764-4064,ana.ortiz.3064@correo.com.do
3066,Alejandro García Jiménez,Cedula,001-1003065-7,849-765-4065,alejandro.garcia.3065@email.do
3067,Ana Rojas Rojas,Cedula,001-1003066-8,809-766-4066,ana.rojas.3066@email.do
3068,Héctor Guerrero Rojas,Cedula,001-1003067-9,809-767-4067,hector.guerrero.3067@correo.com.do
3069,Iván Vargas Mendoza,Cedula,001-1003068-1,829-768-4068,ivan.vargas.3068@correo.com.do
3070,Rafael Rojas Ruiz,Cedula,001-1003069-2,809-769-4069,rafael.rojas.3069@vimenca-demo.local
3071,Claudia Romero García,Cedula,001-1003070-3,849-770-4070,claudia.romero.3070@vimenca-demo.local
3072,Daniel Cabrera Mendoza,Cedula,001-1003071-4,849-771-4071,daniel.cabrera.3071@email.do
3073,Alejandro Gutiérrez García,Cedula,001-1003072-5,829-772-4072,alejandro.gutierrez.3072@cliente.test
3074,Luis Martínez Ramírez,Cedula,001-1003073-6,849-773-4073,luis.martinez.3073@email.do
3075,Elena Martínez Sánchez,Cedula,001-1003074-7,809-774-4074,elena.martinez.3074@cliente.test
3076,Elena Jiménez Ramírez,Cedula,001-1003075-8,809-775-4075,elena.jimenez.3075@cliente.test
3077,Juan Rivera Flores,Cedula,001-1003076-9,809-776-4076,juan.rivera.3076@vimenca-demo.local
3078,David Reyes Hernández,Cedula,001-1003077-1,849-777-4077,david.reyes.3077@correo.com.do
3079,Pablo Martínez Pérez,Cedula,001-1003078-2,809-778-4078,pablo.martinez.3078@correo.com.do
3080,Pedro Sánchez Gómez,Cedula,001-1003079-3,809-779-4079,pedro.sanchez.3079@correo.com.do
3081,Juan Ramírez Vargas,Cedula,001-1003080-4,829-780-4080,juan.ramirez.3080@vimenca-demo.local
3082,Pedro Cabrera Romero,Cedula,001-1003081-5,829-781-4081,pedro.cabrera.3081@email.do
3083,Carmen Romero Alvarez,Cedula,001-1003082-6,829-782-4082,carmen.romero.3082@email.do
3084,Luis Cruz Mendoza,Cedula,001-1003083-7,809-783-4083,luis.cruz.3083@vimenca-demo.local
3085,Elena González Hernández,Cedula,001-1003084-8,829-784-4084,elena.gonzalez.3084@vimenca-demo.local
3086,Patricia Guerrero Ramírez,Cedula,001-1003085-9,809-785-4085,patricia.guerrero.3085@vimenca-demo.local
3087,Ana Rivera Flores,Cedula,001-1003086-1,829-786-4086,ana.rivera.3086@cliente.test
3088,Pedro Ortiz Díaz,Cedula,001-1003087-2,829-787-4087,pedro.ortiz.3087@vimenca-demo.local
3089,Lucía Reyes Guerrero,Cedula,001-1003088-3,809-788-4088,lucia.reyes.3088@email.do
3090,Karina Cruz González,Cedula,001-1003089-4,849-789-4089,karina.cruz.3089@email.do
3091,Óscar Díaz Vargas,Cedula,001-1003090-5,809-790-4090,oscar.diaz.3090@vimenca-demo.local
3092,David Mendoza Gutiérrez,Cedula,001-1003091-6,809-791-4091,david.mendoza.3091@vimenca-demo.local
3093,Camila Alvarez Ramírez,Cedula,001-1003092-7,809-792-4092,camila.alvarez.3092@vimenca-demo.local
3094,Pablo Flores Rodríguez,Cedula,001-1003093-8,849-793-4093,pablo.flores.3093@correo.com.do
3095,Ana Ortiz González,Cedula,001-1003094-9,849-794-4094,ana.ortiz.3094@cliente.test
3096,Daniel Díaz Hernández,Cedula,001-1003095-1,849-795-4095,daniel.diaz.3095@cliente.test
3097,Karina Cabrera Rodríguez,Cedula,001-1003096-2,849-796-4096,karina.cabrera.3096@vimenca-demo.local
3098,Rafael Vargas Díaz,Cedula,001-1003097-3,809-797-4097,rafael.vargas.3097@correo.com.do
3099,Héctor Ortiz Gómez,Cedula,001-1003098-4,849-798-4098,hector.ortiz.3098@vimenca-demo.local
3100,Rafael Sánchez Peña,Cedula,001-1003099-5,829-799-4099,rafael.sanchez.3099@vimenca-demo.local
3101,María Reyes Ruiz,Cedula,001-1003100-6,809-800-4100,maria.reyes.3100@email.do
3102,Iván Medina Jiménez,Cedula,001-1003101-7,849-801-4101,ivan.medina.3101@cliente.test
3103,Paola Mendoza Morales,Cedula,001-1003102-8,829-802-4102,paola.mendoza.3102@cliente.test
3104,Sofía Flores Romero,Cedula,001-1003103-9,849-803-4103,sofia.flores.3103@vimenca-demo.local
3105,David Ortiz Castillo,Cedula,001-1003104-1,829-804-4104,david.ortiz.3104@cliente.test
3106,Carlos Peña Cabrera,Cedula,001-1003105-2,849-805-4105,carlos.peña.3105@email.do
3107,Rafael Morales Morales,Cedula,001-1003106-3,849-806-4106,rafael.morales.3106@vimenca-demo.local
3108,Fernando Hernández García,Cedula,001-1003107-4,849-807-4107,fernando.hernandez.3107@email.do
3109,María Peña Rivera,Cedula,001-1003108-5,849-808-4108,maria.peña.3108@email.do
3110,Francisco González Castillo,Cedula,001-1003109-6,809-809-4109,francisco.gonzalez.3109@vimenca-demo.local
3111,Pedro Rivera Medina,Cedula,001-1003110-7,829-810-4110,pedro.rivera.3110@email.do
3112,Pablo Cruz Sánchez,Cedula,001-1003111-8,809-811-4111,pablo.cruz.3111@cliente.test
3113,Manuel Ramírez Cabrera,Cedula,001-1003112-9,829-812-4112,manuel.ramirez.3112@email.do
3114,Rosa Martínez Sánchez,Cedula,001-1003113-1,809-813-4113,rosa.martinez.3113@email.do
3115,Óscar Martínez Romero,Cedula,001-1003114-2,809-814-4114,oscar.martinez.3114@email.do
3116,Natalia Rojas Alvarez,Cedula,001-1003115-3,809-815-4115,natalia.rojas.3115@vimenca-demo.local
3117,Gabriela Sánchez Díaz,Cedula,001-1003116-4,829-816-4116,gabriela.sanchez.3116@correo.com.do
3118,Natalia Castillo Cruz,Cedula,001-1003117-5,829-817-4117,natalia.castillo.3117@email.do
3119,Ricardo Guerrero Reyes,Cedula,001-1003118-6,809-818-4118,ricardo.guerrero.3118@email.do
3120,Ricardo González Gómez,Cedula,001-1003119-7,829-819-4119,ricardo.gonzalez.3119@email.do
3121,Daniel Cabrera Rivera,Cedula,001-1003120-8,849-820-4120,daniel.cabrera.3120@cliente.test
3122,Fernando Ruiz Martínez,Cedula,001-1003121-9,829-821-4121,fernando.ruiz.3121@vimenca-demo.local
3123,Karina García Torres,Cedula,001-1003122-1,809-822-4122,karina.garcia.3122@email.do
3124,Alejandro Díaz Gómez,Cedula,001-1003123-2,849-823-4123,alejandro.diaz.3123@correo.com.do
3125,Yolanda Alvarez Cruz,Cedula,001-1003124-3,849-824-4124,yolanda.alvarez.3124@correo.com.do
3126,Patricia González Ortiz,Cedula,001-1003125-4,809-825-4125,patricia.gonzalez.3125@email.do
3127,Laura Rivera Morales,Cedula,001-1003126-5,829-826-4126,laura.rivera.3126@correo.com.do
3128,Ricardo Vargas Sánchez,Cedula,001-1003127-6,809-827-4127,ricardo.vargas.3127@cliente.test
3129,Rivera & Cruz SRL,RNC,1300003128,809-828-4128,diana.rivera.3128@cliente.test
3130,Valeria Morales Sánchez,Cedula,001-1003129-8,829-829-4129,valeria.morales.3129@email.do
3131,Lucía Guerrero Pérez,Cedula,001-1003130-9,809-830-4130,lucia.guerrero.3130@cliente.test
3132,Jorge Castillo Romero,Cedula,001-1003131-1,849-831-4131,jorge.castillo.3131@correo.com.do
3133,Fernando Medina Medina,Cedula,001-1003132-2,809-832-4132,fernando.medina.3132@correo.com.do
3134,Daniel González Hernández,Cedula,001-1003133-3,849-833-4133,daniel.gonzalez.3133@cliente.test
3135,Pablo García Ortiz,Cedula,001-1003134-4,829-834-4134,pablo.garcia.3134@cliente.test
3136,Luis Rivera Morales,Cedula,001-1003135-5,849-835-4135,luis.rivera.3135@vimenca-demo.local
3137,Andrés Jiménez Medina,Cedula,001-1003136-6,849-836-4136,andres.jimenez.3136@cliente.test
3138,Alejandro Alvarez Ortiz,Cedula,001-1003137-7,849-837-4137,alejandro.alvarez.3137@vimenca-demo.local
3139,Alejandro Pérez Medina,Cedula,001-1003138-8,829-838-4138,alejandro.perez.3138@email.do
3140,Andrea Alvarez Cruz,Cedula,001-1003139-9,809-839-4139,andrea.alvarez.3139@correo.com.do
3141,Juan Gómez Peña,Cedula,001-1003140-1,809-840-4140,juan.gomez.3140@vimenca-demo.local
3142,Camila Guerrero Jiménez,Cedula,001-1003141-2,829-841-4141,camila.guerrero.3141@cliente.test
3143,Luis Reyes Rivera,Cedula,001-1003142-3,809-842-4142,luis.reyes.3142@correo.com.do
3144,Isabella Reyes Díaz,Cedula,001-1003143-4,849-843-4143,isabella.reyes.3143@correo.com.do
3145,Alejandro Flores Morales,Cedula,001-1003144-5,849-844-4144,alejandro.flores.3144@vimenca-demo.local
3146,Diana Alvarez Guerrero,Cedula,001-1003145-6,849-845-4145,diana.alvarez.3145@correo.com.do
3147,Elena Sánchez Rivera,Cedula,001-1003146-7,829-846-4146,elena.sanchez.3146@vimenca-demo.local
3148,José Reyes Gómez,Cedula,001-1003147-8,849-847-4147,jose.reyes.3147@vimenca-demo.local
3149,Carlos Jiménez Pérez,Cedula,001-1003148-9,849-848-4148,carlos.jimenez.3148@vimenca-demo.local
3150,Carlos Ruiz Romero,Cedula,001-1003149-1,809-849-4149,carlos.ruiz.3149@cliente.test
3151,Ana Martínez Ruiz,Cedula,001-1003150-2,809-850-4150,ana.martinez.3150@correo.com.do
3152,Manuel Vargas Ortiz,Cedula,001-1003151-3,829-851-4151,manuel.vargas.3151@cliente.test
3153,Jorge Reyes Mendoza,Cedula,001-1003152-4,849-852-4152,jorge.reyes.3152@email.do
3154,Lucía Hernández Reyes,Cedula,001-1003153-5,809-853-4153,lucia.hernandez.3153@correo.com.do
3155,Daniel Díaz Rodríguez,Cedula,001-1003154-6,849-854-4154,daniel.diaz.3154@email.do
3156,Rafael Cruz Gutiérrez,Cedula,001-1003155-7,829-855-4155,rafael.cruz.3155@correo.com.do
3157,Rosa Morales Cruz,Cedula,001-1003156-8,809-856-4156,rosa.morales.3156@correo.com.do
3158,Valeria Romero Vargas,Cedula,001-1003157-9,829-857-4157,valeria.romero.3157@correo.com.do
3159,Andrés Medina Ramírez,Cedula,001-1003158-1,829-858-4158,andres.medina.3158@vimenca-demo.local
3160,Claudia Gutiérrez Ruiz,Cedula,001-1003159-2,849-859-4159,claudia.gutierrez.3159@email.do
3161,Luis Díaz Hernández,Cedula,001-1003160-3,809-860-4160,luis.diaz.3160@cliente.test
3162,Óscar Flores Romero,Cedula,001-1003161-4,829-861-4161,oscar.flores.3161@email.do
3163,Camila Castillo Rodríguez,Cedula,001-1003162-5,809-862-4162,camila.castillo.3162@cliente.test
3164,Diana Flores García,Cedula,001-1003163-6,809-863-4163,diana.flores.3163@cliente.test
3165,José Medina Morales,Cedula,001-1003164-7,829-864-4164,jose.medina.3164@email.do
3166,Elena Reyes Jiménez,Cedula,001-1003165-8,809-865-4165,elena.reyes.3165@vimenca-demo.local
3167,Patricia Torres García,Cedula,001-1003166-9,809-866-4166,patricia.torres.3166@vimenca-demo.local
3168,Miguel Jiménez Rivera,Cedula,001-1003167-1,849-867-4167,miguel.jimenez.3167@cliente.test
3169,Héctor Vargas Jiménez,Cedula,001-1003168-2,849-868-4168,hector.vargas.3168@vimenca-demo.local
3170,Ricardo Ortiz Peña,Cedula,001-1003169-3,829-869-4169,ricardo.ortiz.3169@correo.com.do
3171,David Gómez Díaz,Cedula,001-1003170-4,809-870-4170,david.gomez.3170@cliente.test
3172,Pablo Rojas Romero,Cedula,001-1003171-5,809-871-4171,pablo.rojas.3171@cliente.test
3173,Andrea Mendoza Sánchez,Cedula,001-1003172-6,829-872-4172,andrea.mendoza.3172@cliente.test
3174,Fernando Rodríguez Castillo,Cedula,001-1003173-7,849-873-4173,fernando.rodriguez.3173@correo.com.do
3175,Isabella Ruiz Díaz,Cedula,001-1003174-8,809-874-4174,isabella.ruiz.3174@correo.com.do
3176,Lucía Díaz Rivera,Cedula,001-1003175-9,829-875-4175,lucia.diaz.3175@vimenca-demo.local
3177,Iván Castillo Reyes,Cedula,001-1003176-1,809-876-4176,ivan.castillo.3176@correo.com.do
3178,Claudia Hernández Sánchez,Cedula,001-1003177-2,849-877-4177,claudia.hernandez.3177@vimenca-demo.local
3179,Óscar Morales Alvarez,Cedula,001-1003178-3,829-878-4178,oscar.morales.3178@correo.com.do
3180,Natalia Romero Ortiz,Cedula,001-1003179-4,829-879-4179,natalia.romero.3179@email.do
3181,Andrea González Cruz,Cedula,001-1003180-5,809-880-4180,andrea.gonzalez.3180@correo.com.do
3182,Fernando Ramírez Ramírez,Cedula,001-1003181-6,849-881-4181,fernando.ramirez.3181@correo.com.do
3183,Diana Sánchez Rojas,Cedula,001-1003182-7,849-882-4182,diana.sanchez.3182@email.do
3184,Fernando Ruiz Morales,Cedula,001-1003183-8,809-883-4183,fernando.ruiz.3183@vimenca-demo.local
3185,Héctor Cabrera Jiménez,Cedula,001-1003184-9,829-884-4184,hector.cabrera.3184@vimenca-demo.local
3186,Alejandro Vargas Pérez,Cedula,001-1003185-1,849-885-4185,alejandro.vargas.3185@vimenca-demo.local
3187,Andrea Ruiz Cruz,Cedula,001-1003186-2,829-886-4186,andrea.ruiz.3186@email.do
3188,Isabella Alvarez Reyes,Cedula,001-1003187-3,829-887-4187,isabella.alvarez.3187@vimenca-demo.local
3189,María Peña Rojas,Cedula,001-1003188-4,829-888-4188,maria.peña.3188@email.do
3190,Diana García Ruiz,Cedula,001-1003189-5,829-889-4189,diana.garcia.3189@vimenca-demo.local
3191,Ana Castillo Peña,Cedula,001-1003190-6,829-890-4190,ana.castillo.3190@correo.com.do
3192,Karina Vargas Morales,Cedula,001-1003191-7,829-891-4191,karina.vargas.3191@cliente.test
3193,Carmen Vargas García,Cedula,001-1003192-8,809-892-4192,carmen.vargas.3192@email.do
3194,Claudia Jiménez Gutiérrez,Cedula,001-1003193-9,849-893-4193,claudia.jimenez.3193@correo.com.do
3195,Paola Romero Morales,Cedula,001-1003194-1,829-894-4194,paola.romero.3194@correo.com.do
3196,Claudia Torres Sánchez,Cedula,001-1003195-2,849-895-4195,claudia.torres.3195@cliente.test
3197,Pedro Díaz García,Cedula,001-1003196-3,849-896-4196,pedro.diaz.3196@cliente.test
3198,Camila Rojas Ramírez,Cedula,001-1003197-4,829-897-4197,camila.rojas.3197@email.do
3199,Alejandro Romero Rojas,Cedula,001-1003198-5,809-898-4198,alejandro.romero.3198@email.do
3200,Gabriela Peña Mendoza,Cedula,001-1003199-6,829-899-4199,gabriela.peña.3199@email.do
3201,Francisco Rivera Martínez,Cedula,001-1003200-7,809-500-4200,francisco.rivera.3200@correo.com.do
3202,Paola Reyes Reyes,Cedula,001-1003201-8,849-501-4201,paola.reyes.3201@email.do
3203,Yolanda Reyes Torres,Cedula,001-1003202-9,829-502-4202,yolanda.reyes.3202@email.do
3204,Camila Vargas Pérez,Cedula,001-1003203-1,809-503-4203,camila.vargas.3203@vimenca-demo.local
3205,Sofía Reyes Romero,Cedula,001-1003204-2,809-504-4204,sofia.reyes.3204@correo.com.do
3206,Carlos Castillo Castillo,Cedula,001-1003205-3,849-505-4205,carlos.castillo.3205@cliente.test
3207,Gabriela Rojas Cruz,Cedula,001-1003206-4,829-506-4206,gabriela.rojas.3206@correo.com.do
3208,Valeria Cabrera Mendoza,Cedula,001-1003207-5,849-507-4207,valeria.cabrera.3207@correo.com.do
3209,Yolanda Vargas Ruiz,Cedula,001-1003208-6,829-508-4208,yolanda.vargas.3208@correo.com.do
3210,Gabriela Guerrero Romero,Cedula,001-1003209-7,829-509-4209,gabriela.guerrero.3209@correo.com.do
3211,Fernando Guerrero Guerrero,Cedula,001-1003210-8,829-510-4210,fernando.guerrero.3210@correo.com.do
3212,Fernando Mendoza Peña,Cedula,001-1003211-9,829-511-4211,fernando.mendoza.3211@cliente.test
3213,Andrés Pérez González,Cedula,001-1003212-1,849-512-4212,andres.perez.3212@vimenca-demo.local
3214,Andrés Romero Sánchez,Cedula,001-1003213-2,829-513-4213,andres.romero.3213@vimenca-demo.local
3215,David González Peña,Cedula,001-1003214-3,829-514-4214,david.gonzalez.3214@email.do
3216,Laura Flores Pérez,Cedula,001-1003215-4,849-515-4215,laura.flores.3215@vimenca-demo.local
3217,Miguel Reyes Cabrera,Cedula,001-1003216-5,809-516-4216,miguel.reyes.3216@cliente.test
3218,Valeria Gómez Rivera,Cedula,001-1003217-6,829-517-4217,valeria.gomez.3217@cliente.test
3219,Iván Mendoza Flores,Cedula,001-1003218-7,849-518-4218,ivan.mendoza.3218@vimenca-demo.local
3220,Carlos Alvarez González,Cedula,001-1003219-8,849-519-4219,carlos.alvarez.3219@email.do
3221,Diana García Torres,Cedula,001-1003220-9,849-520-4220,diana.garcia.3220@vimenca-demo.local
3222,Alejandro Mendoza Rivera,Cedula,001-1003221-1,849-521-4221,alejandro.mendoza.3221@vimenca-demo.local
3223,María Hernández Vargas,Cedula,001-1003222-2,829-522-4222,maria.hernandez.3222@vimenca-demo.local
3224,Iván Castillo Rivera,Cedula,001-1003223-3,849-523-4223,ivan.castillo.3223@email.do
3225,Francisco González Jiménez,Cedula,001-1003224-4,829-524-4224,francisco.gonzalez.3224@vimenca-demo.local
3226,Valeria Vargas Torres,Cedula,001-1003225-5,809-525-4225,valeria.vargas.3225@correo.com.do
3227,Karina Rivera González,Cedula,001-1003226-6,829-526-4226,karina.rivera.3226@correo.com.do
3228,Alejandro Romero Gutiérrez,Cedula,001-1003227-7,829-527-4227,alejandro.romero.3227@cliente.test
3229,Claudia Cabrera Sánchez,Cedula,001-1003228-8,849-528-4228,claudia.cabrera.3228@vimenca-demo.local
3230,Manuel Hernández Rojas,Cedula,001-1003229-9,849-529-4229,manuel.hernandez.3229@vimenca-demo.local
3231,Alejandro Cruz Rojas,Cedula,001-1003230-1,849-530-4230,alejandro.cruz.3230@cliente.test
3232,María Rojas Gutiérrez,Cedula,001-1003231-2,809-531-4231,maria.rojas.3231@cliente.test
3233,Gabriela Cabrera Cruz,Cedula,001-1003232-3,849-532-4232,gabriela.cabrera.3232@correo.com.do
3234,Miguel Gómez Torres,Cedula,001-1003233-4,809-533-4233,miguel.gomez.3233@vimenca-demo.local
3235,Patricia González Flores,Cedula,001-1003234-5,849-534-4234,patricia.gonzalez.3234@correo.com.do
3236,Carmen Díaz Ortiz,Cedula,001-1003235-6,849-535-4235,carmen.diaz.3235@cliente.test
3237,Juan Guerrero Romero,Cedula,001-1003236-7,849-536-4236,juan.guerrero.3236@email.do
3238,Carmen Díaz Castillo,Cedula,001-1003237-8,829-537-4237,carmen.diaz.3237@correo.com.do
3239,Rafael Gómez Gutiérrez,Cedula,001-1003238-9,829-538-4238,rafael.gomez.3238@correo.com.do
3240,Natalia Ruiz Rojas,Cedula,001-1003239-1,809-539-4239,natalia.ruiz.3239@correo.com.do
3241,Iván Hernández Gutiérrez,Cedula,001-1003240-2,809-540-4240,ivan.hernandez.3240@email.do
3242,Valeria Medina Romero,Cedula,001-1003241-3,849-541-4241,valeria.medina.3241@email.do
3243,Sofía Torres Mendoza,Cedula,001-1003242-4,809-542-4242,sofia.torres.3242@cliente.test
3244,Carlos Jiménez Flores,Cedula,001-1003243-5,809-543-4243,carlos.jimenez.3243@vimenca-demo.local
3245,Carmen Romero Guerrero,Cedula,001-1003244-6,809-544-4244,carmen.romero.3244@correo.com.do
3246,Lucía Rivera Rodríguez,Cedula,001-1003245-7,809-545-4245,lucia.rivera.3245@email.do
3247,Sofía Hernández Alvarez,Cedula,001-1003246-8,829-546-4246,sofia.hernandez.3246@cliente.test
3248,Rafael Ruiz Cabrera,Cedula,001-1003247-9,829-547-4247,rafael.ruiz.3247@correo.com.do
3249,Miguel Ramírez Ortiz,Cedula,001-1003248-1,829-548-4248,miguel.ramirez.3248@correo.com.do
3250,Pedro Ortiz Ramírez,Cedula,001-1003249-2,849-549-4249,pedro.ortiz.3249@correo.com.do
3251,Karina Ramírez Jiménez,Cedula,001-1003250-3,829-550-4250,karina.ramirez.3250@cliente.test
3252,Paola García Hernández,Cedula,001-1003251-4,809-551-4251,paola.garcia.3251@cliente.test
3253,Iván Alvarez Vargas,Cedula,001-1003252-5,849-552-4252,ivan.alvarez.3252@email.do
3254,Claudia Alvarez Reyes,Cedula,001-1003253-6,829-553-4253,claudia.alvarez.3253@correo.com.do
3255,Héctor Jiménez Flores,Cedula,001-1003254-7,849-554-4254,hector.jimenez.3254@cliente.test
3256,Ana Gómez Gutiérrez,Cedula,001-1003255-8,849-555-4255,ana.gomez.3255@cliente.test
3257,Diana Vargas Rivera,Cedula,001-1003256-9,849-556-4256,diana.vargas.3256@vimenca-demo.local
3258,Sofía Gómez Flores,Cedula,001-1003257-1,849-557-4257,sofia.gomez.3257@vimenca-demo.local
3259,Iván Pérez Alvarez,Cedula,001-1003258-2,829-558-4258,ivan.perez.3258@email.do
3260,Juan Gómez Cabrera,Cedula,001-1003259-3,829-559-4259,juan.gomez.3259@cliente.test
3261,María Sánchez Martínez,Cedula,001-1003260-4,849-560-4260,maria.sanchez.3260@cliente.test
3262,Rosa Pérez Peña,Cedula,001-1003261-5,829-561-4261,rosa.perez.3261@cliente.test
3263,Andrea Guerrero Sánchez,Cedula,001-1003262-6,809-562-4262,andrea.guerrero.3262@email.do
3264,Patricia Ramírez Rivera,Cedula,001-1003263-7,829-563-4263,patricia.ramirez.3263@vimenca-demo.local
3265,Lucía Ortiz Pérez,Cedula,001-1003264-8,849-564-4264,lucia.ortiz.3264@vimenca-demo.local
3266,Laura Hernández Castillo,Cedula,001-1003265-9,829-565-4265,laura.hernandez.3265@email.do
3267,María Ramírez Alvarez,Cedula,001-1003266-1,809-566-4266,maria.ramirez.3266@cliente.test
3268,María Jiménez Castillo,Cedula,001-1003267-2,829-567-4267,maria.jimenez.3267@email.do
3269,Lucía Ortiz Vargas,Cedula,001-1003268-3,849-568-4268,lucia.ortiz.3268@cliente.test
3270,Elena Torres Peña,Cedula,001-1003269-4,829-569-4269,elena.torres.3269@vimenca-demo.local
3271,Rosa Díaz González,Cedula,001-1003270-5,829-570-4270,rosa.diaz.3270@vimenca-demo.local
3272,Jorge Guerrero Romero,Cedula,001-1003271-6,829-571-4271,jorge.guerrero.3271@vimenca-demo.local
3273,Rosa Morales Hernández,Cedula,001-1003272-7,829-572-4272,rosa.morales.3272@cliente.test
3274,Juan Alvarez Cruz,Cedula,001-1003273-8,829-573-4273,juan.alvarez.3273@correo.com.do
3275,Jorge Vargas Medina,Cedula,001-1003274-9,829-574-4274,jorge.vargas.3274@email.do
3276,Elena García Guerrero,Cedula,001-1003275-1,809-575-4275,elena.garcia.3275@email.do
3277,Valeria Rivera Guerrero,Cedula,001-1003276-2,809-576-4276,valeria.rivera.3276@vimenca-demo.local
3278,Daniel Morales Medina,Cedula,001-1003277-3,829-577-4277,daniel.morales.3277@cliente.test
3279,Natalia Ruiz Romero,Cedula,001-1003278-4,809-578-4278,natalia.ruiz.3278@email.do
3280,Claudia Gutiérrez Reyes,Cedula,001-1003279-5,809-579-4279,claudia.gutierrez.3279@vimenca-demo.local
3281,Miguel Torres Sánchez,Cedula,001-1003280-6,849-580-4280,miguel.torres.3280@vimenca-demo.local
3282,Gabriela Romero Hernández,Cedula,001-1003281-7,809-581-4281,gabriela.romero.3281@cliente.test
3283,Ricardo Mendoza Peña,Cedula,001-1003282-8,809-582-4282,ricardo.mendoza.3282@cliente.test
3284,Elena Jiménez Hernández,Cedula,001-1003283-9,809-583-4283,elena.jimenez.3283@cliente.test
3285,Rafael Rodríguez Vargas,Cedula,001-1003284-1,829-584-4284,rafael.rodriguez.3284@vimenca-demo.local
3286,Andrea Díaz Reyes,Cedula,001-1003285-2,809-585-4285,andrea.diaz.3285@vimenca-demo.local
3287,Gabriela González Cabrera,Cedula,001-1003286-3,829-586-4286,gabriela.gonzalez.3286@correo.com.do
3288,Héctor Guerrero González,Cedula,001-1003287-4,849-587-4287,hector.guerrero.3287@email.do
3289,Rosa Hernández Ramírez,Cedula,001-1003288-5,829-588-4288,rosa.hernandez.3288@correo.com.do
3290,Sofía Gómez Hernández,Cedula,001-1003289-6,849-589-4289,sofia.gomez.3289@vimenca-demo.local
3291,Lucía Guerrero Rivera,Cedula,001-1003290-7,809-590-4290,lucia.guerrero.3290@correo.com.do
3292,Miguel Rojas Medina,Cedula,001-1003291-8,829-591-4291,miguel.rojas.3291@vimenca-demo.local
3293,Iván Romero Cabrera,Cedula,001-1003292-9,809-592-4292,ivan.romero.3292@email.do
3294,Daniel Reyes Torres,Cedula,001-1003293-1,829-593-4293,daniel.reyes.3293@cliente.test
3295,David Ramírez Castillo,Cedula,001-1003294-2,829-594-4294,david.ramirez.3294@vimenca-demo.local
3296,Yolanda Romero Peña,Cedula,001-1003295-3,809-595-4295,yolanda.romero.3295@correo.com.do
3297,Andrés Vargas Morales,Cedula,001-1003296-4,829-596-4296,andres.vargas.3296@cliente.test
3298,Isabella Medina Rodríguez,Cedula,001-1003297-5,849-597-4297,isabella.medina.3297@correo.com.do
3299,Alejandro García Hernández,Cedula,001-1003298-6,809-598-4298,alejandro.garcia.3298@cliente.test
3300,Camila Rojas Medina,Cedula,001-1003299-7,849-599-4299,camila.rojas.3299@vimenca-demo.local
3301,Isabella Rivera Hernández,Cedula,001-1003300-8,849-600-4300,isabella.rivera.3300@vimenca-demo.local
3302,Miguel Romero Martínez,Cedula,001-1003301-9,849-601-4301,miguel.romero.3301@correo.com.do
3303,Andrés Ruiz Sánchez,Cedula,001-1003302-1,849-602-4302,andres.ruiz.3302@correo.com.do
3304,Pablo Jiménez Vargas,Cedula,001-1003303-2,809-603-4303,pablo.jimenez.3303@email.do
3305,Óscar Guerrero Flores,Cedula,001-1003304-3,829-604-4304,oscar.guerrero.3304@cliente.test
3306,Manuel Vargas Gómez,Cedula,001-1003305-4,809-605-4305,manuel.vargas.3305@correo.com.do
3307,Paola Gómez Reyes,Cedula,001-1003306-5,809-606-4306,paola.gomez.3306@cliente.test
3308,Fernando Hernández Rivera,Cedula,001-1003307-6,849-607-4307,fernando.hernandez.3307@correo.com.do
3309,Ricardo García García,Cedula,001-1003308-7,829-608-4308,ricardo.garcia.3308@email.do
3310,Óscar González Flores,Cedula,001-1003309-8,849-609-4309,oscar.gonzalez.3309@email.do
3311,Daniel Ruiz Reyes,Cedula,001-1003310-9,849-610-4310,daniel.ruiz.3310@email.do
3312,Jorge Cabrera Cabrera,Cedula,001-1003311-1,809-611-4311,jorge.cabrera.3311@email.do
3313,Manuel Ramírez Rivera,Cedula,001-1003312-2,809-612-4312,manuel.ramirez.3312@email.do
3314,José Ruiz Jiménez,Cedula,001-1003313-3,809-613-4313,jose.ruiz.3313@correo.com.do
3315,Andrea Díaz Martínez,Cedula,001-1003314-4,829-614-4314,andrea.diaz.3314@vimenca-demo.local
3316,Patricia Castillo Ramírez,Cedula,001-1003315-5,829-615-4315,patricia.castillo.3315@email.do
3317,María Morales Flores,Cedula,001-1003316-6,809-616-4316,maria.morales.3316@email.do
3318,Jorge García González,Cedula,001-1003317-7,809-617-4317,jorge.garcia.3317@cliente.test
3319,Ricardo García Reyes,Cedula,001-1003318-8,829-618-4318,ricardo.garcia.3318@email.do
3320,Luis Reyes Reyes,Cedula,001-1003319-9,809-619-4319,luis.reyes.3319@cliente.test
3321,Laura Alvarez Cruz,Cedula,001-1003320-1,809-620-4320,laura.alvarez.3320@correo.com.do
3322,Ana Gutiérrez Peña,Cedula,001-1003321-2,809-621-4321,ana.gutierrez.3321@correo.com.do
3323,Laura Pérez Ortiz,Cedula,001-1003322-3,849-622-4322,laura.perez.3322@vimenca-demo.local
3324,Daniel Morales Ramírez,Cedula,001-1003323-4,809-623-4323,daniel.morales.3323@email.do
3325,Camila Díaz Ortiz,Cedula,001-1003324-5,849-624-4324,camila.diaz.3324@vimenca-demo.local
3326,Andrés Reyes García,Cedula,001-1003325-6,829-625-4325,andres.reyes.3325@correo.com.do
3327,Héctor Cruz Rojas,Cedula,001-1003326-7,829-626-4326,hector.cruz.3326@correo.com.do
3328,Alejandro Rivera Guerrero,Cedula,001-1003327-8,829-627-4327,alejandro.rivera.3327@correo.com.do
3329,Rosa Torres Mendoza,Cedula,001-1003328-9,849-628-4328,rosa.torres.3328@correo.com.do
3330,Ricardo Cabrera Ortiz,Cedula,001-1003329-1,829-629-4329,ricardo.cabrera.3329@correo.com.do
3331,Daniel Rodríguez González,Cedula,001-1003330-2,809-630-4330,daniel.rodriguez.3330@email.do
3332,Paola García González,Cedula,001-1003331-3,809-631-4331,paola.garcia.3331@email.do
3333,Gabriela Alvarez Rodríguez,Cedula,001-1003332-4,849-632-4332,gabriela.alvarez.3332@correo.com.do
3334,Laura Rojas Romero,Cedula,001-1003333-5,829-633-4333,laura.rojas.3333@vimenca-demo.local
3335,Claudia Morales Guerrero,Cedula,001-1003334-6,829-634-4334,claudia.morales.3334@email.do
3336,Ana Sánchez Peña,Cedula,001-1003335-7,849-635-4335,ana.sanchez.3335@email.do
3337,Ana Díaz Cabrera,Cedula,001-1003336-8,809-636-4336,ana.diaz.3336@correo.com.do
3338,José Ortiz Ramírez,Cedula,001-1003337-9,829-637-4337,jose.ortiz.3337@vimenca-demo.local
3339,Alejandro Peña Guerrero,Cedula,001-1003338-1,849-638-4338,alejandro.peña.3338@vimenca-demo.local
3340,Daniel García Medina,Cedula,001-1003339-2,829-639-4339,daniel.garcia.3339@correo.com.do
3341,José Cabrera Ortiz,Cedula,001-1003340-3,849-640-4340,jose.cabrera.3340@correo.com.do
3342,Manuel Peña Morales,Cedula,001-1003341-4,849-641-4341,manuel.peña.3341@correo.com.do
3343,Ricardo Alvarez Jiménez,Cedula,001-1003342-5,809-642-4342,ricardo.alvarez.3342@email.do
3344,Rafael García Díaz,Cedula,001-1003343-6,809-643-4343,rafael.garcia.3343@email.do
3345,Héctor Martínez Pérez,Cedula,001-1003344-7,829-644-4344,hector.martinez.3344@cliente.test
3346,Héctor Rojas Cabrera,Cedula,001-1003345-8,809-645-4345,hector.rojas.3345@cliente.test
3347,Yolanda Medina Vargas,Cedula,001-1003346-9,829-646-4346,yolanda.medina.3346@correo.com.do
3348,Gabriela Ortiz Cabrera,Cedula,001-1003347-1,809-647-4347,gabriela.ortiz.3347@vimenca-demo.local
3349,Daniel Castillo Ruiz,Cedula,001-1003348-2,849-648-4348,daniel.castillo.3348@vimenca-demo.local
3350,Rafael Ortiz Ortiz,Cedula,001-1003349-3,809-649-4349,rafael.ortiz.3349@email.do
3351,Patricia Gutiérrez González,Cedula,001-1003350-4,809-650-4350,patricia.gutierrez.3350@email.do
3352,Pedro Romero Pérez,Cedula,001-1003351-5,829-651-4351,pedro.romero.3351@cliente.test
3353,Claudia Pérez Torres,Cedula,001-1003352-6,829-652-4352,claudia.perez.3352@email.do
3354,Ana Romero Castillo,Cedula,001-1003353-7,829-653-4353,ana.romero.3353@vimenca-demo.local
3355,Pablo Castillo Hernández,Cedula,001-1003354-8,809-654-4354,pablo.castillo.3354@vimenca-demo.local
3356,Daniel Morales Díaz,Cedula,001-1003355-9,849-655-4355,daniel.morales.3355@email.do
3357,Carlos Romero Cabrera,Cedula,001-1003356-1,849-656-4356,carlos.romero.3356@cliente.test
3358,Luis Medina Ramírez,Cedula,001-1003357-2,809-657-4357,luis.medina.3357@email.do
3359,Manuel Vargas Rodríguez,Cedula,001-1003358-3,809-658-4358,manuel.vargas.3358@email.do
3360,Fernando Gómez García,Cedula,001-1003359-4,829-659-4359,fernando.gomez.3359@cliente.test
3361,Jorge Ramírez Vargas,Cedula,001-1003360-5,829-660-4360,jorge.ramirez.3360@cliente.test
3362,Laura Reyes Jiménez,Cedula,001-1003361-6,849-661-4361,laura.reyes.3361@vimenca-demo.local
3363,Iván Pérez Romero,Cedula,001-1003362-7,849-662-4362,ivan.perez.3362@vimenca-demo.local
3364,Camila Peña Gómez,Cedula,001-1003363-8,809-663-4363,camila.peña.3363@vimenca-demo.local
3365,Valeria Gómez Medina,Cedula,001-1003364-9,849-664-4364,valeria.gomez.3364@cliente.test
3366,Pablo Castillo Pérez,Cedula,001-1003365-1,849-665-4365,pablo.castillo.3365@vimenca-demo.local
3367,Valeria Martínez Medina,Cedula,001-1003366-2,829-666-4366,valeria.martinez.3366@vimenca-demo.local
3368,José Ruiz González,Cedula,001-1003367-3,809-667-4367,jose.ruiz.3367@correo.com.do
3369,Pablo Guerrero Pérez,Cedula,001-1003368-4,849-668-4368,pablo.guerrero.3368@correo.com.do
3370,Diana González Rojas,Cedula,001-1003369-5,829-669-4369,diana.gonzalez.3369@vimenca-demo.local
3371,Iván Morales Ruiz,Cedula,001-1003370-6,849-670-4370,ivan.morales.3370@correo.com.do
3372,Ana Cruz Guerrero,Cedula,001-1003371-7,809-671-4371,ana.cruz.3371@email.do
3373,Patricia Alvarez García,Cedula,001-1003372-8,849-672-4372,patricia.alvarez.3372@email.do
3374,Jorge Gutiérrez Jiménez,Cedula,001-1003373-9,849-673-4373,jorge.gutierrez.3373@email.do
3375,Lucía Gutiérrez Rodríguez,Cedula,001-1003374-1,849-674-4374,lucia.gutierrez.3374@vimenca-demo.local
3376,Patricia Mendoza Gutiérrez,Cedula,001-1003375-2,829-675-4375,patricia.mendoza.3375@email.do
3377,María Pérez Castillo,Cedula,001-1003376-3,849-676-4376,maria.perez.3376@email.do
3378,Claudia Torres Guerrero,Cedula,001-1003377-4,849-677-4377,claudia.torres.3377@email.do
3379,Claudia Morales Rojas,Cedula,001-1003378-5,829-678-4378,claudia.morales.3378@email.do
3380,Luis Cruz Rivera,Cedula,001-1003379-6,849-679-4379,luis.cruz.3379@cliente.test
3381,Héctor Cabrera Ortiz,Cedula,001-1003380-7,829-680-4380,hector.cabrera.3380@cliente.test
3382,Francisco Romero Rivera,Cedula,001-1003381-8,809-681-4381,francisco.romero.3381@correo.com.do
3383,Valeria Mendoza Ruiz,Cedula,001-1003382-9,809-682-4382,valeria.mendoza.3382@vimenca-demo.local
3384,Claudia Jiménez Martínez,Cedula,001-1003383-1,829-683-4383,claudia.jimenez.3383@correo.com.do
3385,Francisco González Ortiz,Cedula,001-1003384-2,809-684-4384,francisco.gonzalez.3384@email.do
3386,Fernando Medina Sánchez,Cedula,001-1003385-3,829-685-4385,fernando.medina.3385@cliente.test
3387,Karina Ramírez Torres,Cedula,001-1003386-4,809-686-4386,karina.ramirez.3386@vimenca-demo.local
3388,Patricia Flores González,Cedula,001-1003387-5,809-687-4387,patricia.flores.3387@cliente.test
3389,Karina Castillo González,Cedula,001-1003388-6,829-688-4388,karina.castillo.3388@email.do
3390,Manuel Castillo Flores,Cedula,001-1003389-7,809-689-4389,manuel.castillo.3389@vimenca-demo.local
3391,Andrés Gutiérrez Rivera,Cedula,001-1003390-8,849-690-4390,andres.gutierrez.3390@correo.com.do
3392,Yolanda Ortiz Torres,Cedula,001-1003391-9,829-691-4391,yolanda.ortiz.3391@cliente.test
3393,Andrés Ruiz Romero,Cedula,001-1003392-1,809-692-4392,andres.ruiz.3392@cliente.test
3394,Miguel Cabrera Alvarez,Cedula,001-1003393-2,829-693-4393,miguel.cabrera.3393@vimenca-demo.local
3395,Carlos Cruz Guerrero,Cedula,001-1003394-3,809-694-4394,carlos.cruz.3394@vimenca-demo.local
3396,Pablo Morales Hernández,Cedula,001-1003395-4,849-695-4395,pablo.morales.3395@email.do
3397,Isabella Alvarez Rivera,Cedula,001-1003396-5,849-696-4396,isabella.alvarez.3396@email.do
3398,Rafael Martínez Romero,Cedula,001-1003397-6,809-697-4397,rafael.martinez.3397@vimenca-demo.local
3399,Isabella Guerrero Mendoza,Cedula,001-1003398-7,829-698-4398,isabella.guerrero.3398@cliente.test
3400,Luis Vargas Pérez,Cedula,001-1003399-8,849-699-4399,luis.vargas.3399@vimenca-demo.local
3401,Elena Cabrera Flores,Cedula,001-1003400-9,829-700-4400,elena.cabrera.3400@vimenca-demo.local
3402,Valeria Díaz Martínez,Cedula,001-1003401-1,809-701-4401,valeria.diaz.3401@correo.com.do
3403,Isabella Torres Hernández,Cedula,001-1003402-2,809-702-4402,isabella.torres.3402@cliente.test
3404,Karina Morales Castillo,Cedula,001-1003403-3,809-703-4403,karina.morales.3403@vimenca-demo.local
3405,Isabella Ruiz Jiménez,Cedula,001-1003404-4,849-704-4404,isabella.ruiz.3404@cliente.test
3406,Lucía Rojas Peña,Cedula,001-1003405-5,809-705-4405,lucia.rojas.3405@cliente.test
3407,Yolanda Pérez Hernández,Cedula,001-1003406-6,849-706-4406,yolanda.perez.3406@correo.com.do
3408,Rafael Pérez Alvarez,Cedula,001-1003407-7,829-707-4407,rafael.perez.3407@email.do
3409,Karina Castillo Mendoza,Cedula,001-1003408-8,829-708-4408,karina.castillo.3408@cliente.test
3410,Carlos Díaz Vargas,Cedula,001-1003409-9,829-709-4409,carlos.diaz.3409@cliente.test
3411,Paola Rojas Gutiérrez,Cedula,001-1003410-1,829-710-4410,paola.rojas.3410@correo.com.do
3412,Óscar Castillo Peña,Cedula,001-1003411-2,809-711-4411,oscar.castillo.3411@correo.com.do
3413,Paola Sánchez García,Cedula,001-1003412-3,809-712-4412,paola.sanchez.3412@vimenca-demo.local
3414,Diana Peña Morales,Cedula,001-1003413-4,849-713-4413,diana.peña.3413@correo.com.do
3415,Pablo Rojas Cabrera,Cedula,001-1003414-5,829-714-4414,pablo.rojas.3414@vimenca-demo.local
3416,Jorge Díaz Torres,Cedula,001-1003415-6,829-715-4415,jorge.diaz.3415@vimenca-demo.local
3417,Luis Gómez Reyes,Cedula,001-1003416-7,809-716-4416,luis.gomez.3416@vimenca-demo.local
3418,Laura Ruiz Alvarez,Cedula,001-1003417-8,849-717-4417,laura.ruiz.3417@vimenca-demo.local
3419,Fernando Alvarez Díaz,Cedula,001-1003418-9,829-718-4418,fernando.alvarez.3418@email.do
3420,Pedro Gómez Díaz,Cedula,001-1003419-1,829-719-4419,pedro.gomez.3419@email.do
3421,Rosa Pérez Peña,Cedula,001-1003420-2,849-720-4420,rosa.perez.3420@correo.com.do
3422,Fernando Gómez Jiménez,Cedula,001-1003421-3,849-721-4421,fernando.gomez.3421@cliente.test
3423,Ana Alvarez Cruz,Cedula,001-1003422-4,829-722-4422,ana.alvarez.3422@email.do
3424,Isabella Díaz Gómez,Cedula,001-1003423-5,829-723-4423,isabella.diaz.3423@cliente.test
3425,María Sánchez Gómez,Cedula,001-1003424-6,809-724-4424,maria.sanchez.3424@correo.com.do
3426,Carmen Hernández Rivera,Cedula,001-1003425-7,849-725-4425,carmen.hernandez.3425@vimenca-demo.local
3427,Andrea Sánchez Cruz,Cedula,001-1003426-8,809-726-4426,andrea.sanchez.3426@correo.com.do
3428,Pedro Martínez Mendoza,Cedula,001-1003427-9,829-727-4427,pedro.martinez.3427@cliente.test
3429,Manuel Mendoza Gómez,Cedula,001-1003428-1,829-728-4428,manuel.mendoza.3428@vimenca-demo.local
3430,Francisco Peña Cruz,Cedula,001-1003429-2,849-729-4429,francisco.peña.3429@correo.com.do
3431,Diana Jiménez Hernández,Cedula,001-1003430-3,829-730-4430,diana.jimenez.3430@correo.com.do
3432,Patricia Reyes Guerrero,Cedula,001-1003431-4,809-731-4431,patricia.reyes.3431@correo.com.do
3433,Natalia González Castillo,Cedula,001-1003432-5,809-732-4432,natalia.gonzalez.3432@vimenca-demo.local
3434,Isabella Torres Guerrero,Cedula,001-1003433-6,809-733-4433,isabella.torres.3433@email.do
3435,Patricia Reyes Vargas,Cedula,001-1003434-7,809-734-4434,patricia.reyes.3434@email.do
3436,Juan Rivera Torres,Cedula,001-1003435-8,849-735-4435,juan.rivera.3435@correo.com.do
3437,Gabriela Guerrero Reyes,Cedula,001-1003436-9,849-736-4436,gabriela.guerrero.3436@cliente.test
3438,Natalia Hernández Ramírez,Cedula,001-1003437-1,809-737-4437,natalia.hernandez.3437@cliente.test
3439,Lucía Hernández Cruz,Cedula,001-1003438-2,849-738-4438,lucia.hernandez.3438@cliente.test
3440,Valeria Mendoza Medina,Cedula,001-1003439-3,829-739-4439,valeria.mendoza.3439@vimenca-demo.local
3441,Óscar Díaz Díaz,Cedula,001-1003440-4,829-740-4440,oscar.diaz.3440@email.do
3442,Andrea Díaz Martínez,Cedula,001-1003441-5,829-741-4441,andrea.diaz.3441@email.do
3443,Sofía Medina Ruiz,Cedula,001-1003442-6,809-742-4442,sofia.medina.3442@email.do
3444,Camila Mendoza Ortiz,Cedula,001-1003443-7,809-743-4443,camila.mendoza.3443@vimenca-demo.local
3445,Yolanda Torres Romero,Cedula,001-1003444-8,849-744-4444,yolanda.torres.3444@vimenca-demo.local
3446,Natalia Guerrero Torres,Cedula,001-1003445-9,829-745-4445,natalia.guerrero.3445@cliente.test
3447,Paola Guerrero Rodríguez,Cedula,001-1003446-1,849-746-4446,paola.guerrero.3446@cliente.test
3448,Iván Ortiz Hernández,Cedula,001-1003447-2,809-747-4447,ivan.ortiz.3447@cliente.test
3449,María García Ruiz,Cedula,001-1003448-3,849-748-4448,maria.garcia.3448@cliente.test
3450,Luis Cabrera Díaz,Cedula,001-1003449-4,849-749-4449,luis.cabrera.3449@cliente.test
3451,Manuel Martínez Castillo,Cedula,001-1003450-5,809-750-4450,manuel.martinez.3450@vimenca-demo.local
3452,Elena Hernández Flores,Cedula,001-1003451-6,849-751-4451,elena.hernandez.3451@correo.com.do
3453,Yolanda Ortiz Morales,Cedula,001-1003452-7,829-752-4452,yolanda.ortiz.3452@email.do
3454,Laura Castillo Reyes,Cedula,001-1003453-8,849-753-4453,laura.castillo.3453@vimenca-demo.local
3455,Rosa Gómez Torres,Cedula,001-1003454-9,809-754-4454,rosa.gomez.3454@cliente.test
3456,Andrea Castillo Hernández,Cedula,001-1003455-1,809-755-4455,andrea.castillo.3455@vimenca-demo.local
3457,Claudia Rodríguez Mendoza,Cedula,001-1003456-2,849-756-4456,claudia.rodriguez.3456@vimenca-demo.local
3458,Andrés Alvarez Martínez,Cedula,001-1003457-3,849-757-4457,andres.alvarez.3457@correo.com.do
3459,Héctor Romero Sánchez,Cedula,001-1003458-4,809-758-4458,hector.romero.3458@email.do
3460,Yolanda Alvarez Alvarez,Cedula,001-1003459-5,809-759-4459,yolanda.alvarez.3459@email.do
3461,José Vargas Peña,Cedula,001-1003460-6,849-760-4460,jose.vargas.3460@cliente.test
3462,Andrés Gómez Martínez,Cedula,001-1003461-7,829-761-4461,andres.gomez.3461@correo.com.do
3463,Paola Mendoza Castillo,Cedula,001-1003462-8,829-762-4462,paola.mendoza.3462@cliente.test
3464,Ricardo Mendoza Ortiz,Cedula,001-1003463-9,829-763-4463,ricardo.mendoza.3463@email.do
3465,Ana Pérez Rivera,Cedula,001-1003464-1,809-764-4464,ana.perez.3464@vimenca-demo.local
3466,Óscar Cabrera Flores,Cedula,001-1003465-2,809-765-4465,oscar.cabrera.3465@cliente.test
3467,Ana Flores Cruz,Cedula,001-1003466-3,809-766-4466,ana.flores.3466@email.do
3468,Jorge Vargas Vargas,Cedula,001-1003467-4,829-767-4467,jorge.vargas.3467@correo.com.do
3469,Iván Alvarez Pérez,Cedula,001-1003468-5,809-768-4468,ivan.alvarez.3468@vimenca-demo.local
3470,Yolanda Rodríguez Ruiz,Cedula,001-1003469-6,849-769-4469,yolanda.rodriguez.3469@correo.com.do
3471,Alejandro Pérez Sánchez,Cedula,001-1003470-7,849-770-4470,alejandro.perez.3470@correo.com.do
3472,Juan García Gómez,Cedula,001-1003471-8,829-771-4471,juan.garcia.3471@cliente.test
3473,José Medina Cabrera,Cedula,001-1003472-9,809-772-4472,jose.medina.3472@vimenca-demo.local
3474,Ana Ramírez Vargas,Cedula,001-1003473-1,809-773-4473,ana.ramirez.3473@cliente.test
3475,Andrea Ramírez Díaz,Cedula,001-1003474-2,849-774-4474,andrea.ramirez.3474@correo.com.do
3476,Manuel Jiménez Díaz,Cedula,001-1003475-3,829-775-4475,manuel.jimenez.3475@email.do
3477,Ana Gutiérrez González,Cedula,001-1003476-4,809-776-4476,ana.gutierrez.3476@cliente.test
3478,Claudia Rodríguez Peña,Cedula,001-1003477-5,829-777-4477,claudia.rodriguez.3477@correo.com.do
3479,Diana Pérez Díaz,Cedula,001-1003478-6,849-778-4478,diana.perez.3478@email.do
3480,Lucía Sánchez Cabrera,Cedula,001-1003479-7,829-779-4479,lucia.sanchez.3479@correo.com.do
3481,Carmen Jiménez González,Cedula,001-1003480-8,829-780-4480,carmen.jimenez.3480@vimenca-demo.local
3482,Natalia Guerrero Cruz,Cedula,001-1003481-9,809-781-4481,natalia.guerrero.3481@cliente.test
3483,Natalia Martínez Gómez,Cedula,001-1003482-1,829-782-4482,natalia.martinez.3482@email.do
3484,Manuel Torres Guerrero,Cedula,001-1003483-2,809-783-4483,manuel.torres.3483@cliente.test
3485,Fernando Rodríguez Díaz,Cedula,001-1003484-3,829-784-4484,fernando.rodriguez.3484@correo.com.do
3486,Karina Pérez Rojas,Cedula,001-1003485-4,849-785-4485,karina.perez.3485@correo.com.do
3487,Daniel Peña Gutiérrez,Cedula,001-1003486-5,849-786-4486,daniel.peña.3486@cliente.test
3488,Carmen Rivera Gómez,Cedula,001-1003487-6,829-787-4487,carmen.rivera.3487@email.do
3489,Carmen Rivera Vargas,Cedula,001-1003488-7,829-788-4488,carmen.rivera.3488@cliente.test
3490,Óscar Cruz Martínez,Cedula,001-1003489-8,809-789-4489,oscar.cruz.3489@cliente.test
3491,Isabella Pérez Gómez,Cedula,001-1003490-9,849-790-4490,isabella.perez.3490@cliente.test
3492,Ricardo Rivera Ortiz,Cedula,001-1003491-1,849-791-4491,ricardo.rivera.3491@vimenca-demo.local
3493,Luis Gutiérrez Guerrero,Cedula,001-1003492-2,809-792-4492,luis.gutierrez.3492@correo.com.do
3494,Pedro Rivera Cabrera,Cedula,001-1003493-3,849-793-4493,pedro.rivera.3493@email.do
3495,Daniel Romero Rodríguez,Cedula,001-1003494-4,809-794-4494,daniel.romero.3494@correo.com.do
3496,Rosa Cruz Ramírez,Cedula,001-1003495-5,849-795-4495,rosa.cruz.3495@vimenca-demo.local
3497,Luis Guerrero Guerrero,Cedula,001-1003496-6,849-796-4496,luis.guerrero.3496@cliente.test
3498,Camila Gutiérrez Rojas,Cedula,001-1003497-7,849-797-4497,camila.gutierrez.3497@email.do
3499,Alejandro Castillo Mendoza,Cedula,001-1003498-8,809-798-4498,alejandro.castillo.3498@correo.com.do
3500,Rafael Reyes Sánchez,Cedula,001-1003499-9,849-799-4499,rafael.reyes.3499@email.do
3501,Daniel Martínez Mendoza,Cedula,001-1003500-1,829-800-4500,daniel.martinez.3500@email.do
3502,Laura Hernández Vargas,Cedula,001-1003501-2,809-801-4501,laura.hernandez.3501@correo.com.do
3503,Ricardo Ramírez Cabrera,Cedula,001-1003502-3,829-802-4502,ricardo.ramirez.3502@correo.com.do
3504,Juan Cabrera Torres,Cedula,001-1003503-4,809-803-4503,juan.cabrera.3503@vimenca-demo.local
3505,Ricardo Guerrero Torres,Cedula,001-1003504-5,829-804-4504,ricardo.guerrero.3504@vimenca-demo.local
3506,Carlos González González,Cedula,001-1003505-6,849-805-4505,carlos.gonzalez.3505@email.do
3507,Valeria Cabrera Peña,Cedula,001-1003506-7,849-806-4506,valeria.cabrera.3506@cliente.test
3508,Paola Mendoza Rojas,Cedula,001-1003507-8,809-807-4507,paola.mendoza.3507@vimenca-demo.local
3509,Elena Morales Mendoza,Cedula,001-1003508-9,829-808-4508,elena.morales.3508@correo.com.do
3510,Héctor Cruz Flores,Cedula,001-1003509-1,829-809-4509,hector.cruz.3509@email.do
3511,Valeria Jiménez García,Cedula,001-1003510-2,809-810-4510,valeria.jimenez.3510@cliente.test
3512,Iván González Castillo,Cedula,001-1003511-3,809-811-4511,ivan.gonzalez.3511@email.do
3513,Andrés Pérez Sánchez,Cedula,001-1003512-4,809-812-4512,andres.perez.3512@cliente.test
3514,Ana Ruiz Gómez,Cedula,001-1003513-5,849-813-4513,ana.ruiz.3513@email.do
3515,Valeria Castillo Mendoza,Cedula,001-1003514-6,829-814-4514,valeria.castillo.3514@cliente.test
3516,Andrea Rivera Rivera,Cedula,001-1003515-7,809-815-4515,andrea.rivera.3515@vimenca-demo.local
3517,Andrés Cruz Guerrero,Cedula,001-1003516-8,809-816-4516,andres.cruz.3516@email.do
3518,Natalia Rojas Ortiz,Cedula,001-1003517-9,809-817-4517,natalia.rojas.3517@email.do
3519,Lucía Rodríguez Ortiz,Cedula,001-1003518-1,809-818-4518,lucia.rodriguez.3518@cliente.test
3520,Torres & Rodríguez SRL,RNC,1300003519,809-819-4519,andres.torres.3519@cliente.test
3521,Pedro Alvarez Mendoza,Cedula,001-1003520-3,809-820-4520,pedro.alvarez.3520@correo.com.do
3522,Óscar Jiménez Díaz,Cedula,001-1003521-4,849-821-4521,oscar.jimenez.3521@cliente.test
3523,Manuel Reyes Jiménez,Cedula,001-1003522-5,849-822-4522,manuel.reyes.3522@correo.com.do
3524,Camila Alvarez Ramírez,Cedula,001-1003523-6,849-823-4523,camila.alvarez.3523@email.do
3525,Daniel Rodríguez Hernández,Cedula,001-1003524-7,809-824-4524,daniel.rodriguez.3524@correo.com.do
3526,David Rojas Flores,Cedula,001-1003525-8,829-825-4525,david.rojas.3525@email.do
3527,Pablo Ramírez Cabrera,Cedula,001-1003526-9,829-826-4526,pablo.ramirez.3526@correo.com.do
3528,Ricardo González Rivera,Cedula,001-1003527-1,809-827-4527,ricardo.gonzalez.3527@correo.com.do
3529,Ana Vargas Ramírez,Cedula,001-1003528-2,849-828-4528,ana.vargas.3528@vimenca-demo.local
3530,Iván García Rojas,Cedula,001-1003529-3,809-829-4529,ivan.garcia.3529@cliente.test
3531,Sofía Jiménez Gutiérrez,Cedula,001-1003530-4,849-830-4530,sofia.jimenez.3530@vimenca-demo.local
3532,María González Ruiz,Cedula,001-1003531-5,809-831-4531,maria.gonzalez.3531@vimenca-demo.local
3533,Andrés Castillo Martínez,Cedula,001-1003532-6,849-832-4532,andres.castillo.3532@cliente.test
3534,Andrea García Jiménez,Cedula,001-1003533-7,849-833-4533,andrea.garcia.3533@email.do
3535,Daniel Díaz Rodríguez,Cedula,001-1003534-8,809-834-4534,daniel.diaz.3534@email.do
3536,Patricia García Cruz,Cedula,001-1003535-9,849-835-4535,patricia.garcia.3535@correo.com.do
3537,Luis Guerrero Cruz,Cedula,001-1003536-1,809-836-4536,luis.guerrero.3536@correo.com.do
3538,Carlos Hernández Ruiz,Cedula,001-1003537-2,809-837-4537,carlos.hernandez.3537@correo.com.do
3539,Gabriela Peña Hernández,Cedula,001-1003538-3,829-838-4538,gabriela.peña.3538@cliente.test
3540,Claudia Cruz Reyes,Cedula,001-1003539-4,849-839-4539,claudia.cruz.3539@email.do
3541,Isabella Jiménez Flores,Cedula,001-1003540-5,849-840-4540,isabella.jimenez.3540@vimenca-demo.local
3542,Pablo Ortiz Peña,Cedula,001-1003541-6,829-841-4541,pablo.ortiz.3541@email.do
3543,Andrea Cabrera Díaz,Cedula,001-1003542-7,809-842-4542,andrea.cabrera.3542@email.do
3544,Diana Vargas Romero,Cedula,001-1003543-8,829-843-4543,diana.vargas.3543@email.do
3545,Valeria Cabrera Sánchez,Cedula,001-1003544-9,849-844-4544,valeria.cabrera.3544@vimenca-demo.local
3546,José Morales Medina,Cedula,001-1003545-1,809-845-4545,jose.morales.3545@vimenca-demo.local
3547,Carlos Reyes Morales,Cedula,001-1003546-2,829-846-4546,carlos.reyes.3546@email.do
3548,Francisco Guerrero Vargas,Cedula,001-1003547-3,809-847-4547,francisco.guerrero.3547@vimenca-demo.local
3549,Fernando Morales Cabrera,Cedula,001-1003548-4,829-848-4548,fernando.morales.3548@cliente.test
3550,Iván Reyes Cruz,Cedula,001-1003549-5,829-849-4549,ivan.reyes.3549@cliente.test
3551,David Gómez Castillo,Cedula,001-1003550-6,809-850-4550,david.gomez.3550@cliente.test
3552,Lucía Ramírez Torres,Cedula,001-1003551-7,849-851-4551,lucia.ramirez.3551@email.do
3553,Carmen Hernández Ramírez,Cedula,001-1003552-8,829-852-4552,carmen.hernandez.3552@vimenca-demo.local
3554,Natalia Rojas Alvarez,Cedula,001-1003553-9,829-853-4553,natalia.rojas.3553@cliente.test
3555,Rosa Ramírez Cruz,Cedula,001-1003554-1,829-854-4554,rosa.ramirez.3554@email.do
3556,Rafael Ruiz Vargas,Cedula,001-1003555-2,829-855-4555,rafael.ruiz.3555@cliente.test
3557,Claudia Morales Rodríguez,Cedula,001-1003556-3,809-856-4556,claudia.morales.3556@email.do
3558,David Ruiz Cabrera,Cedula,001-1003557-4,849-857-4557,david.ruiz.3557@email.do
3559,Ricardo Peña Gutiérrez,Cedula,001-1003558-5,809-858-4558,ricardo.peña.3558@cliente.test
3560,Iván García Mendoza,Cedula,001-1003559-6,829-859-4559,ivan.garcia.3559@email.do
3561,Paola Castillo Sánchez,Cedula,001-1003560-7,849-860-4560,paola.castillo.3560@vimenca-demo.local
3562,Paola Alvarez González,Cedula,001-1003561-8,849-861-4561,paola.alvarez.3561@cliente.test
3563,Carmen González Morales,Cedula,001-1003562-9,829-862-4562,carmen.gonzalez.3562@vimenca-demo.local
3564,Sofía Rojas Romero,Cedula,001-1003563-1,829-863-4563,sofia.rojas.3563@email.do
3565,Daniel Jiménez Peña,Cedula,001-1003564-2,849-864-4564,daniel.jimenez.3564@correo.com.do
3566,Rafael Medina Martínez,Cedula,001-1003565-3,809-865-4565,rafael.medina.3565@correo.com.do
3567,Juan Peña Rojas,Cedula,001-1003566-4,829-866-4566,juan.peña.3566@correo.com.do
3568,Pedro Gómez Peña,Cedula,001-1003567-5,809-867-4567,pedro.gomez.3567@vimenca-demo.local
3569,Manuel Ramírez Rivera,Cedula,001-1003568-6,829-868-4568,manuel.ramirez.3568@correo.com.do
3570,Claudia Peña Gómez,Cedula,001-1003569-7,829-869-4569,claudia.peña.3569@cliente.test
3571,David Mendoza Sánchez,Cedula,001-1003570-8,829-870-4570,david.mendoza.3570@vimenca-demo.local
3572,Rafael Medina Ruiz,Cedula,001-1003571-9,809-871-4571,rafael.medina.3571@email.do
3573,María Morales Pérez,Cedula,001-1003572-1,809-872-4572,maria.morales.3572@cliente.test
3574,Natalia Ruiz Vargas,Cedula,001-1003573-2,849-873-4573,natalia.ruiz.3573@cliente.test
3575,Elena Mendoza Rojas,Cedula,001-1003574-3,809-874-4574,elena.mendoza.3574@email.do
3576,Manuel Peña Reyes,Cedula,001-1003575-4,809-875-4575,manuel.peña.3575@correo.com.do
3577,Francisco Cabrera Cruz,Cedula,001-1003576-5,829-876-4576,francisco.cabrera.3576@cliente.test
3578,Gabriela Sánchez Alvarez,Cedula,001-1003577-6,849-877-4577,gabriela.sanchez.3577@correo.com.do
3579,Alejandro Peña Reyes,Cedula,001-1003578-7,829-878-4578,alejandro.peña.3578@email.do
3580,José Ortiz Castillo,Cedula,001-1003579-8,829-879-4579,jose.ortiz.3579@vimenca-demo.local
3581,Pedro Cabrera Díaz,Cedula,001-1003580-9,809-880-4580,pedro.cabrera.3580@correo.com.do
3582,Francisco Jiménez Rivera,Cedula,001-1003581-1,809-881-4581,francisco.jimenez.3581@cliente.test
3583,Andrés Peña Medina,Cedula,001-1003582-2,849-882-4582,andres.peña.3582@email.do
3584,Daniel Rivera Mendoza,Cedula,001-1003583-3,829-883-4583,daniel.rivera.3583@correo.com.do
3585,Yolanda Medina Ortiz,Cedula,001-1003584-4,849-884-4584,yolanda.medina.3584@correo.com.do
3586,Karina Morales Sánchez,Cedula,001-1003585-5,829-885-4585,karina.morales.3585@vimenca-demo.local
3587,Carmen Gutiérrez Flores,Cedula,001-1003586-6,829-886-4586,carmen.gutierrez.3586@correo.com.do
3588,Daniel Cabrera Sánchez,Cedula,001-1003587-7,849-887-4587,daniel.cabrera.3587@correo.com.do
3589,Sofía Mendoza Rivera,Cedula,001-1003588-8,829-888-4588,sofia.mendoza.3588@vimenca-demo.local
3590,Óscar Gómez Rodríguez,Cedula,001-1003589-9,849-889-4589,oscar.gomez.3589@vimenca-demo.local
3591,Pablo Castillo Martínez,Cedula,001-1003590-1,849-890-4590,pablo.castillo.3590@vimenca-demo.local
3592,Carlos González Rojas,Cedula,001-1003591-2,849-891-4591,carlos.gonzalez.3591@correo.com.do
3593,Paola García Rivera,Cedula,001-1003592-3,809-892-4592,paola.garcia.3592@cliente.test
3594,Gabriela Cruz Cruz,Cedula,001-1003593-4,849-893-4593,gabriela.cruz.3593@correo.com.do
3595,Elena Mendoza Cruz,Cedula,001-1003594-5,829-894-4594,elena.mendoza.3594@vimenca-demo.local
3596,Camila Rojas Medina,Cedula,001-1003595-6,829-895-4595,camila.rojas.3595@cliente.test
3597,David González Díaz,Cedula,001-1003596-7,849-896-4596,david.gonzalez.3596@vimenca-demo.local
3598,Carmen Ortiz Rivera,Cedula,001-1003597-8,809-897-4597,carmen.ortiz.3597@vimenca-demo.local
3599,Iván Peña Castillo,Cedula,001-1003598-9,849-898-4598,ivan.peña.3598@correo.com.do
3600,Daniel Rojas Gutiérrez,Cedula,001-1003599-1,809-899-4599,daniel.rojas.3599@correo.com.do
3601,Francisco Medina Alvarez,Cedula,001-1003600-2,809-500-4600,francisco.medina.3600@correo.com.do
3602,Miguel Sánchez Díaz,Cedula,001-1003601-3,809-501-4601,miguel.sanchez.3601@correo.com.do
3603,Paola Medina Torres,Cedula,001-1003602-4,809-502-4602,paola.medina.3602@correo.com.do
3604,Juan Romero García,Cedula,001-1003603-5,849-503-4603,juan.romero.3603@vimenca-demo.local
3605,Miguel González Hernández,Cedula,001-1003604-6,849-504-4604,miguel.gonzalez.3604@cliente.test
3606,David Medina Castillo,Cedula,001-1003605-7,849-505-4605,david.medina.3605@correo.com.do
3607,Andrés Rodríguez Mendoza,Cedula,001-1003606-8,809-506-4606,andres.rodriguez.3606@email.do
3608,Pedro Sánchez Martínez,Cedula,001-1003607-9,809-507-4607,pedro.sanchez.3607@correo.com.do
3609,Óscar Medina Castillo,Cedula,001-1003608-1,809-508-4608,oscar.medina.3608@email.do
3610,Luis Mendoza Martínez,Cedula,001-1003609-2,829-509-4609,luis.mendoza.3609@cliente.test
3611,Lucía Ramírez Ortiz,Cedula,001-1003610-3,849-510-4610,lucia.ramirez.3610@email.do
3612,Isabella Jiménez Mendoza,Cedula,001-1003611-4,829-511-4611,isabella.jimenez.3611@email.do
3613,Diana Romero Castillo,Cedula,001-1003612-5,829-512-4612,diana.romero.3612@correo.com.do
3614,Ana Gutiérrez García,Cedula,001-1003613-6,809-513-4613,ana.gutierrez.3613@correo.com.do
3615,Carmen Flores González,Cedula,001-1003614-7,849-514-4614,carmen.flores.3614@email.do
3616,Andrés Mendoza Alvarez,Cedula,001-1003615-8,809-515-4615,andres.mendoza.3615@correo.com.do
3617,Ana Rojas Gómez,Cedula,001-1003616-9,809-516-4616,ana.rojas.3616@email.do
3618,Fernando Vargas Guerrero,Cedula,001-1003617-1,849-517-4617,fernando.vargas.3617@vimenca-demo.local
3619,Héctor Gutiérrez Vargas,Cedula,001-1003618-2,809-518-4618,hector.gutierrez.3618@vimenca-demo.local
3620,Óscar Flores Guerrero,Cedula,001-1003619-3,849-519-4619,oscar.flores.3619@vimenca-demo.local
3621,Sofía Gutiérrez García,Cedula,001-1003620-4,829-520-4620,sofia.gutierrez.3620@vimenca-demo.local
3622,María Martínez Rodríguez,Cedula,001-1003621-5,829-521-4621,maria.martinez.3621@correo.com.do
3623,Jorge Cabrera Romero,Cedula,001-1003622-6,849-522-4622,jorge.cabrera.3622@correo.com.do
3624,Óscar Martínez Castillo,Cedula,001-1003623-7,809-523-4623,oscar.martinez.3623@cliente.test
3625,Pedro Gómez Hernández,Cedula,001-1003624-8,849-524-4624,pedro.gomez.3624@vimenca-demo.local
3626,Yolanda Castillo Martínez,Cedula,001-1003625-9,849-525-4625,yolanda.castillo.3625@vimenca-demo.local
3627,Daniel Reyes Díaz,Cedula,001-1003626-1,829-526-4626,daniel.reyes.3626@cliente.test
3628,Isabella Rivera Alvarez,Cedula,001-1003627-2,829-527-4627,isabella.rivera.3627@cliente.test
3629,Andrea Romero Ramírez,Cedula,001-1003628-3,849-528-4628,andrea.romero.3628@email.do
3630,María Rodríguez Mendoza,Cedula,001-1003629-4,829-529-4629,maria.rodriguez.3629@vimenca-demo.local
3631,Pablo Cabrera Reyes,Cedula,001-1003630-5,829-530-4630,pablo.cabrera.3630@vimenca-demo.local
3632,Pablo Rojas Cabrera,Cedula,001-1003631-6,829-531-4631,pablo.rojas.3631@cliente.test
3633,Manuel González Romero,Cedula,001-1003632-7,829-532-4632,manuel.gonzalez.3632@cliente.test
3634,José Rojas González,Cedula,001-1003633-8,829-533-4633,jose.rojas.3633@vimenca-demo.local
3635,Manuel Cruz Díaz,Cedula,001-1003634-9,829-534-4634,manuel.cruz.3634@correo.com.do
3636,Ana González Hernández,Cedula,001-1003635-1,809-535-4635,ana.gonzalez.3635@email.do
3637,Rafael García Cruz,Cedula,001-1003636-2,809-536-4636,rafael.garcia.3636@cliente.test
3638,Elena Gómez Ramírez,Cedula,001-1003637-3,829-537-4637,elena.gomez.3637@correo.com.do
3639,Fernando Sánchez Rivera,Cedula,001-1003638-4,809-538-4638,fernando.sanchez.3638@vimenca-demo.local
3640,Carmen Ortiz Jiménez,Cedula,001-1003639-5,829-539-4639,carmen.ortiz.3639@cliente.test
3641,Óscar Rojas Sánchez,Cedula,001-1003640-6,849-540-4640,oscar.rojas.3640@cliente.test
3642,Luis Díaz Pérez,Cedula,001-1003641-7,829-541-4641,luis.diaz.3641@correo.com.do
3643,Gabriela Jiménez Rivera,Cedula,001-1003642-8,809-542-4642,gabriela.jimenez.3642@email.do
3644,Lucía Ortiz Medina,Cedula,001-1003643-9,829-543-4643,lucia.ortiz.3643@email.do
3645,Isabella García Rivera,Cedula,001-1003644-1,829-544-4644,isabella.garcia.3644@email.do
3646,Rosa Castillo Jiménez,Cedula,001-1003645-2,849-545-4645,rosa.castillo.3645@cliente.test
3647,Andrés Jiménez González,Cedula,001-1003646-3,829-546-4646,andres.jimenez.3646@vimenca-demo.local
3648,Alejandro Medina Mendoza,Cedula,001-1003647-4,829-547-4647,alejandro.medina.3647@email.do
3649,Paola Ortiz Martínez,Cedula,001-1003648-5,829-548-4648,paola.ortiz.3648@correo.com.do
3650,Alejandro Morales Torres,Cedula,001-1003649-6,829-549-4649,alejandro.morales.3649@email.do
3651,Patricia Peña Rojas,Cedula,001-1003650-7,849-550-4650,patricia.peña.3650@vimenca-demo.local
3652,Gabriela Medina Flores,Cedula,001-1003651-8,849-551-4651,gabriela.medina.3651@vimenca-demo.local
3653,David Mendoza Ramírez,Cedula,001-1003652-9,829-552-4652,david.mendoza.3652@email.do
3654,Paola Peña Torres,Cedula,001-1003653-1,809-553-4653,paola.peña.3653@email.do
3655,Isabella Hernández Ortiz,Cedula,001-1003654-2,829-554-4654,isabella.hernandez.3654@correo.com.do
3656,Camila Cabrera Pérez,Cedula,001-1003655-3,809-555-4655,camila.cabrera.3655@cliente.test
3657,Claudia Gómez Martínez,Cedula,001-1003656-4,829-556-4656,claudia.gomez.3656@cliente.test
3658,Yolanda Cabrera Cabrera,Cedula,001-1003657-5,809-557-4657,yolanda.cabrera.3657@vimenca-demo.local
3659,Iván Cruz Alvarez,Cedula,001-1003658-6,829-558-4658,ivan.cruz.3658@email.do
3660,Manuel Díaz Rojas,Cedula,001-1003659-7,829-559-4659,manuel.diaz.3659@correo.com.do
3661,Sofía Torres Vargas,Cedula,001-1003660-8,829-560-4660,sofia.torres.3660@correo.com.do
3662,Jorge Guerrero Jiménez,Cedula,001-1003661-9,849-561-4661,jorge.guerrero.3661@cliente.test
3663,Manuel Medina Flores,Cedula,001-1003662-1,829-562-4662,manuel.medina.3662@vimenca-demo.local
3664,Daniel Jiménez Cabrera,Cedula,001-1003663-2,849-563-4663,daniel.jimenez.3663@email.do
3665,Carmen Peña Jiménez,Cedula,001-1003664-3,829-564-4664,carmen.peña.3664@correo.com.do
3666,Luis Romero Cabrera,Cedula,001-1003665-4,849-565-4665,luis.romero.3665@email.do
3667,Camila Rivera Torres,Cedula,001-1003666-5,829-566-4666,camila.rivera.3666@cliente.test
3668,Juan Rivera Flores,Cedula,001-1003667-6,809-567-4667,juan.rivera.3667@email.do
3669,Diana García García,Cedula,001-1003668-7,809-568-4668,diana.garcia.3668@cliente.test
3670,Alejandro Reyes Alvarez,Cedula,001-1003669-8,829-569-4669,alejandro.reyes.3669@email.do
3671,Ricardo Ruiz Sánchez,Cedula,001-1003670-9,829-570-4670,ricardo.ruiz.3670@cliente.test
3672,Rafael Peña Flores,Cedula,001-1003671-1,829-571-4671,rafael.peña.3671@cliente.test
3673,Carmen Mendoza Jiménez,Cedula,001-1003672-2,829-572-4672,carmen.mendoza.3672@cliente.test
3674,María Hernández González,Cedula,001-1003673-3,809-573-4673,maria.hernandez.3673@vimenca-demo.local
3675,Andrés Rodríguez Rojas,Cedula,001-1003674-4,849-574-4674,andres.rodriguez.3674@vimenca-demo.local
3676,Gabriela Díaz González,Cedula,001-1003675-5,849-575-4675,gabriela.diaz.3675@vimenca-demo.local
3677,Ricardo Ruiz García,Cedula,001-1003676-6,849-576-4676,ricardo.ruiz.3676@cliente.test
3678,Daniel Cruz Sánchez,Cedula,001-1003677-7,849-577-4677,daniel.cruz.3677@vimenca-demo.local
3679,Carlos Vargas Rivera,Cedula,001-1003678-8,849-578-4678,carlos.vargas.3678@vimenca-demo.local
3680,Paola Rodríguez Cabrera,Cedula,001-1003679-9,849-579-4679,paola.rodriguez.3679@correo.com.do
3681,Francisco Ortiz Martínez,Cedula,001-1003680-1,809-580-4680,francisco.ortiz.3680@correo.com.do
3682,Manuel Pérez Gutiérrez,Cedula,001-1003681-2,849-581-4681,manuel.perez.3681@email.do
3683,Sofía Martínez Alvarez,Cedula,001-1003682-3,829-582-4682,sofia.martinez.3682@vimenca-demo.local
3684,David Martínez Morales,Cedula,001-1003683-4,809-583-4683,david.martinez.3683@vimenca-demo.local
3685,Isabella Cruz Ruiz,Cedula,001-1003684-5,849-584-4684,isabella.cruz.3684@correo.com.do
3686,Héctor Vargas Medina,Cedula,001-1003685-6,849-585-4685,hector.vargas.3685@cliente.test
3687,Manuel Ruiz Guerrero,Cedula,001-1003686-7,809-586-4686,manuel.ruiz.3686@correo.com.do
3688,Iván Sánchez Pérez,Cedula,001-1003687-8,809-587-4687,ivan.sanchez.3687@vimenca-demo.local
3689,Sofía Rodríguez Vargas,Cedula,001-1003688-9,809-588-4688,sofia.rodriguez.3688@correo.com.do
3690,Patricia Ortiz Rodríguez,Cedula,001-1003689-1,809-589-4689,patricia.ortiz.3689@correo.com.do
3691,Patricia González Rojas,Cedula,001-1003690-2,849-590-4690,patricia.gonzalez.3690@email.do
3692,Daniel Gómez Cruz,Cedula,001-1003691-3,809-591-4691,daniel.gomez.3691@cliente.test
3693,Camila Alvarez Rivera,Cedula,001-1003692-4,809-592-4692,camila.alvarez.3692@cliente.test
3694,Héctor Ruiz Martínez,Cedula,001-1003693-5,809-593-4693,hector.ruiz.3693@correo.com.do
3695,Karina Rodríguez Ramírez,Cedula,001-1003694-6,849-594-4694,karina.rodriguez.3694@email.do
3696,Isabella García Díaz,Cedula,001-1003695-7,849-595-4695,isabella.garcia.3695@correo.com.do
3697,Alejandro Gutiérrez Cabrera,Cedula,001-1003696-8,829-596-4696,alejandro.gutierrez.3696@email.do
3698,Laura González Ruiz,Cedula,001-1003697-9,849-597-4697,laura.gonzalez.3697@correo.com.do
3699,Claudia Rivera Flores,Cedula,001-1003698-1,849-598-4698,claudia.rivera.3698@vimenca-demo.local
3700,Ricardo Sánchez Guerrero,Cedula,001-1003699-2,849-599-4699,ricardo.sanchez.3699@email.do
3701,Valeria Gómez Ramírez,Cedula,001-1003700-3,829-600-4700,valeria.gomez.3700@vimenca-demo.local
3702,Fernando Pérez Vargas,Cedula,001-1003701-4,829-601-4701,fernando.perez.3701@vimenca-demo.local
3703,José Reyes Jiménez,Cedula,001-1003702-5,809-602-4702,jose.reyes.3702@cliente.test
3704,Ana Pérez Rodríguez,Cedula,001-1003703-6,809-603-4703,ana.perez.3703@cliente.test
3705,Laura Ramírez Alvarez,Cedula,001-1003704-7,849-604-4704,laura.ramirez.3704@vimenca-demo.local
3706,Laura Cabrera Hernández,Cedula,001-1003705-8,829-605-4705,laura.cabrera.3705@vimenca-demo.local
3707,Pablo Rodríguez Vargas,Cedula,001-1003706-9,849-606-4706,pablo.rodriguez.3706@email.do
3708,Valeria Ramírez Gutiérrez,Cedula,001-1003707-1,829-607-4707,valeria.ramirez.3707@correo.com.do
3709,Juan Ramírez Guerrero,Cedula,001-1003708-2,829-608-4708,juan.ramirez.3708@email.do
3710,Laura Ortiz Romero,Cedula,001-1003709-3,849-609-4709,laura.ortiz.3709@cliente.test
3711,Daniel Reyes Cruz,Cedula,001-1003710-4,829-610-4710,daniel.reyes.3710@email.do
3712,Gabriela Ruiz Jiménez,Cedula,001-1003711-5,849-611-4711,gabriela.ruiz.3711@vimenca-demo.local
3713,Sofía Martínez Jiménez,Cedula,001-1003712-6,809-612-4712,sofia.martinez.3712@correo.com.do
3714,José Jiménez Rodríguez,Cedula,001-1003713-7,829-613-4713,jose.jimenez.3713@correo.com.do
3715,Juan Rivera Reyes,Cedula,001-1003714-8,849-614-4714,juan.rivera.3714@cliente.test
3716,Paola Sánchez Pérez,Cedula,001-1003715-9,829-615-4715,paola.sanchez.3715@correo.com.do
3717,Laura Vargas Ramírez,Cedula,001-1003716-1,849-616-4716,laura.vargas.3716@cliente.test
3718,Alejandro Martínez Flores,Cedula,001-1003717-2,849-617-4717,alejandro.martinez.3717@cliente.test
3719,José Rivera Alvarez,Cedula,001-1003718-3,809-618-4718,jose.rivera.3718@correo.com.do
3720,Rosa González Flores,Cedula,001-1003719-4,809-619-4719,rosa.gonzalez.3719@cliente.test
3721,Andrés Peña Vargas,Cedula,001-1003720-5,829-620-4720,andres.peña.3720@correo.com.do
3722,Ana García Pérez,Cedula,001-1003721-6,849-621-4721,ana.garcia.3721@correo.com.do
3723,Sofía Reyes Rojas,Cedula,001-1003722-7,829-622-4722,sofia.reyes.3722@vimenca-demo.local
3724,José Mendoza Hernández,Cedula,001-1003723-8,809-623-4723,jose.mendoza.3723@cliente.test
3725,Manuel Ramírez Martínez,Cedula,001-1003724-9,849-624-4724,manuel.ramirez.3724@cliente.test
3726,Ricardo García Rodríguez,Cedula,001-1003725-1,829-625-4725,ricardo.garcia.3725@cliente.test
3727,Pablo Morales Sánchez,Cedula,001-1003726-2,849-626-4726,pablo.morales.3726@correo.com.do
3728,Carlos Castillo Martínez,Cedula,001-1003727-3,849-627-4727,carlos.castillo.3727@vimenca-demo.local
3729,Diana Romero Ortiz,Cedula,001-1003728-4,829-628-4728,diana.romero.3728@email.do
3730,José Castillo Flores,Cedula,001-1003729-5,809-629-4729,jose.castillo.3729@email.do
3731,Iván Medina García,Cedula,001-1003730-6,849-630-4730,ivan.medina.3730@correo.com.do
3732,Óscar Ruiz Mendoza,Cedula,001-1003731-7,809-631-4731,oscar.ruiz.3731@cliente.test
3733,Luis Rivera Díaz,Cedula,001-1003732-8,849-632-4732,luis.rivera.3732@correo.com.do
3734,Alejandro Reyes Guerrero,Cedula,001-1003733-9,849-633-4733,alejandro.reyes.3733@cliente.test
3735,María Díaz Castillo,Cedula,001-1003734-1,849-634-4734,maria.diaz.3734@vimenca-demo.local
3736,Natalia Ruiz González,Cedula,001-1003735-2,849-635-4735,natalia.ruiz.3735@vimenca-demo.local
3737,Jorge Morales Sánchez,Cedula,001-1003736-3,829-636-4736,jorge.morales.3736@cliente.test
3738,Pablo Díaz Alvarez,Cedula,001-1003737-4,809-637-4737,pablo.diaz.3737@vimenca-demo.local
3739,Isabella Castillo Ruiz,Cedula,001-1003738-5,829-638-4738,isabella.castillo.3738@cliente.test
3740,Óscar Martínez Jiménez,Cedula,001-1003739-6,809-639-4739,oscar.martinez.3739@vimenca-demo.local
3741,David Peña Díaz,Cedula,001-1003740-7,829-640-4740,david.peña.3740@cliente.test
3742,Andrea Rojas Castillo,Cedula,001-1003741-8,809-641-4741,andrea.rojas.3741@email.do
3743,David Gutiérrez Peña,Cedula,001-1003742-9,849-642-4742,david.gutierrez.3742@email.do
3744,David Ruiz Vargas,Cedula,001-1003743-1,849-643-4743,david.ruiz.3743@email.do
3745,Francisco Guerrero Medina,Cedula,001-1003744-2,849-644-4744,francisco.guerrero.3744@email.do
3746,Fernando Martínez Guerrero,Cedula,001-1003745-3,809-645-4745,fernando.martinez.3745@cliente.test
3747,Camila Ruiz Rodríguez,Cedula,001-1003746-4,849-646-4746,camila.ruiz.3746@correo.com.do
3748,Juan Flores Peña,Cedula,001-1003747-5,849-647-4747,juan.flores.3747@email.do
3749,Patricia Castillo Mendoza,Cedula,001-1003748-6,829-648-4748,patricia.castillo.3748@vimenca-demo.local
3750,Andrés Gómez Romero,Cedula,001-1003749-7,849-649-4749,andres.gomez.3749@vimenca-demo.local
3751,Fernando Gutiérrez Castillo,Cedula,001-1003750-8,809-650-4750,fernando.gutierrez.3750@cliente.test
3752,Paola Díaz Romero,Cedula,001-1003751-9,849-651-4751,paola.diaz.3751@cliente.test
3753,Rafael Torres Vargas,Cedula,001-1003752-1,809-652-4752,rafael.torres.3752@cliente.test
3754,Carmen Mendoza García,Cedula,001-1003753-2,829-653-4753,carmen.mendoza.3753@correo.com.do
3755,Manuel Peña Martínez,Cedula,001-1003754-3,809-654-4754,manuel.peña.3754@vimenca-demo.local
3756,Fernando Rivera Guerrero,Cedula,001-1003755-4,849-655-4755,fernando.rivera.3755@email.do
3757,Rafael Guerrero Ramírez,Cedula,001-1003756-5,809-656-4756,rafael.guerrero.3756@correo.com.do
3758,José Rivera Pérez,Cedula,001-1003757-6,809-657-4757,jose.rivera.3757@email.do
3759,Miguel Martínez Flores,Cedula,001-1003758-7,809-658-4758,miguel.martinez.3758@cliente.test
3760,Óscar Díaz Castillo,Cedula,001-1003759-8,809-659-4759,oscar.diaz.3759@cliente.test
3761,Yolanda Rivera Gómez,Cedula,001-1003760-9,829-660-4760,yolanda.rivera.3760@cliente.test
3762,Laura Rivera Morales,Cedula,001-1003761-1,849-661-4761,laura.rivera.3761@cliente.test
3763,Claudia Hernández Rodríguez,Cedula,001-1003762-2,809-662-4762,claudia.hernandez.3762@cliente.test
3764,Isabella Gómez Díaz,Cedula,001-1003763-3,829-663-4763,isabella.gomez.3763@correo.com.do
3765,Gabriela Rojas Medina,Cedula,001-1003764-4,849-664-4764,gabriela.rojas.3764@cliente.test
3766,Rafael Morales Mendoza,Cedula,001-1003765-5,849-665-4765,rafael.morales.3765@vimenca-demo.local
3767,Isabella García Cruz,Cedula,001-1003766-6,829-666-4766,isabella.garcia.3766@correo.com.do
3768,Pedro Ortiz Flores,Cedula,001-1003767-7,809-667-4767,pedro.ortiz.3767@correo.com.do
3769,Sofía Romero Guerrero,Cedula,001-1003768-8,829-668-4768,sofia.romero.3768@correo.com.do
3770,Ricardo Romero Gómez,Cedula,001-1003769-9,849-669-4769,ricardo.romero.3769@email.do
3771,Gabriela Rodríguez Gómez,Cedula,001-1003770-1,849-670-4770,gabriela.rodriguez.3770@vimenca-demo.local
3772,Iván Ramírez Jiménez,Cedula,001-1003771-2,809-671-4771,ivan.ramirez.3771@cliente.test
3773,Juan Castillo González,Cedula,001-1003772-3,849-672-4772,juan.castillo.3772@correo.com.do
3774,Iván Martínez Gutiérrez,Cedula,001-1003773-4,829-673-4773,ivan.martinez.3773@email.do
3775,Elena Mendoza Hernández,Cedula,001-1003774-5,849-674-4774,elena.mendoza.3774@cliente.test
3776,Luis Flores Hernández,Cedula,001-1003775-6,849-675-4775,luis.flores.3775@correo.com.do
3777,Lucía Ortiz Sánchez,Cedula,001-1003776-7,829-676-4776,lucia.ortiz.3776@cliente.test
3778,María Rodríguez Rivera,Cedula,001-1003777-8,829-677-4777,maria.rodriguez.3777@vimenca-demo.local
3779,Andrés Castillo González,Cedula,001-1003778-9,809-678-4778,andres.castillo.3778@correo.com.do
3780,Gabriela Ortiz Torres,Cedula,001-1003779-1,829-679-4779,gabriela.ortiz.3779@correo.com.do
3781,Ana Alvarez Cruz,Cedula,001-1003780-2,829-680-4780,ana.alvarez.3780@correo.com.do
3782,Ana Torres Gómez,Cedula,001-1003781-3,809-681-4781,ana.torres.3781@cliente.test
3783,Iván Medina Mendoza,Cedula,001-1003782-4,809-682-4782,ivan.medina.3782@correo.com.do
3784,María González González,Cedula,001-1003783-5,829-683-4783,maria.gonzalez.3783@correo.com.do
3785,Isabella Díaz Medina,Cedula,001-1003784-6,809-684-4784,isabella.diaz.3784@cliente.test
3786,Lucía Cabrera Mendoza,Cedula,001-1003785-7,849-685-4785,lucia.cabrera.3785@vimenca-demo.local
3787,Andrea Pérez Morales,Cedula,001-1003786-8,809-686-4786,andrea.perez.3786@cliente.test
3788,Elena Morales Ruiz,Cedula,001-1003787-9,809-687-4787,elena.morales.3787@cliente.test
3789,Miguel Martínez Flores,Cedula,001-1003788-1,829-688-4788,miguel.martinez.3788@vimenca-demo.local
3790,Fernando Gutiérrez Peña,Cedula,001-1003789-2,809-689-4789,fernando.gutierrez.3789@email.do
3791,Andrés García Sánchez,Cedula,001-1003790-3,849-690-4790,andres.garcia.3790@correo.com.do
3792,Ana Castillo Ramírez,Cedula,001-1003791-4,849-691-4791,ana.castillo.3791@cliente.test
3793,Andrea Díaz Ruiz,Cedula,001-1003792-5,829-692-4792,andrea.diaz.3792@vimenca-demo.local
3794,Miguel Medina Castillo,Cedula,001-1003793-6,849-693-4793,miguel.medina.3793@email.do
3795,Héctor Pérez Ruiz,Cedula,001-1003794-7,809-694-4794,hector.perez.3794@correo.com.do
3796,Carmen González Rivera,Cedula,001-1003795-8,849-695-4795,carmen.gonzalez.3795@email.do
3797,Fernando García Díaz,Cedula,001-1003796-9,849-696-4796,fernando.garcia.3796@correo.com.do
3798,Juan Pérez Gutiérrez,Cedula,001-1003797-1,849-697-4797,juan.perez.3797@vimenca-demo.local
3799,Lucía García Rivera,Cedula,001-1003798-2,829-698-4798,lucia.garcia.3798@email.do
3800,Sofía Rojas Ortiz,Cedula,001-1003799-3,809-699-4799,sofia.rojas.3799@email.do
3801,Gabriela Ortiz Ortiz,Cedula,001-1003800-4,809-700-4800,gabriela.ortiz.3800@email.do
3802,Ana Cruz Ruiz,Cedula,001-1003801-5,809-701-4801,ana.cruz.3801@correo.com.do
3803,Francisco Rojas Gutiérrez,Cedula,001-1003802-6,809-702-4802,francisco.rojas.3802@email.do
3804,Gabriela Gutiérrez Martínez,Cedula,001-1003803-7,809-703-4803,gabriela.gutierrez.3803@email.do
3805,Héctor Guerrero Vargas,Cedula,001-1003804-8,809-704-4804,hector.guerrero.3804@vimenca-demo.local
3806,Valeria Morales Rodríguez,Cedula,001-1003805-9,809-705-4805,valeria.morales.3805@cliente.test
3807,Daniel Alvarez Cruz,Cedula,001-1003806-1,809-706-4806,daniel.alvarez.3806@correo.com.do
3808,Alejandro Cruz Reyes,Cedula,001-1003807-2,849-707-4807,alejandro.cruz.3807@email.do
3809,Francisco Ortiz Jiménez,Cedula,001-1003808-3,849-708-4808,francisco.ortiz.3808@cliente.test
3810,María Torres Jiménez,Cedula,001-1003809-4,829-709-4809,maria.torres.3809@vimenca-demo.local
3811,Miguel Morales Jiménez,Cedula,001-1003810-5,829-710-4810,miguel.morales.3810@correo.com.do
3812,Miguel Ruiz Martínez,Cedula,001-1003811-6,849-711-4811,miguel.ruiz.3811@email.do
3813,Carlos Díaz Flores,Cedula,001-1003812-7,829-712-4812,carlos.diaz.3812@cliente.test
3814,Pablo Vargas Medina,Cedula,001-1003813-8,829-713-4813,pablo.vargas.3813@vimenca-demo.local
3815,Andrea Jiménez Gómez,Cedula,001-1003814-9,829-714-4814,andrea.jimenez.3814@vimenca-demo.local
3816,Camila Ortiz Cruz,Cedula,001-1003815-1,829-715-4815,camila.ortiz.3815@email.do
3817,David Martínez Mendoza,Cedula,001-1003816-2,829-716-4816,david.martinez.3816@cliente.test
3818,Andrea Gutiérrez Jiménez,Cedula,001-1003817-3,829-717-4817,andrea.gutierrez.3817@correo.com.do
3819,Elena Peña Flores,Cedula,001-1003818-4,849-718-4818,elena.peña.3818@vimenca-demo.local
3820,Camila Torres Gómez,Cedula,001-1003819-5,809-719-4819,camila.torres.3819@vimenca-demo.local
3821,Paola Ramírez Díaz,Cedula,001-1003820-6,809-720-4820,paola.ramirez.3820@vimenca-demo.local
3822,David Gutiérrez Castillo,Cedula,001-1003821-7,829-721-4821,david.gutierrez.3821@cliente.test
3823,Valeria Jiménez Morales,Cedula,001-1003822-8,849-722-4822,valeria.jimenez.3822@email.do
3824,Francisco Medina Alvarez,Cedula,001-1003823-9,809-723-4823,francisco.medina.3823@vimenca-demo.local
3825,Alejandro Mendoza Ruiz,Cedula,001-1003824-1,809-724-4824,alejandro.mendoza.3824@vimenca-demo.local
3826,Pablo Hernández Gutiérrez,Cedula,001-1003825-2,809-725-4825,pablo.hernandez.3825@email.do
3827,Diana Vargas Torres,Cedula,001-1003826-3,849-726-4826,diana.vargas.3826@email.do
3828,David Sánchez Cabrera,Cedula,001-1003827-4,829-727-4827,david.sanchez.3827@cliente.test
3829,Sofía Cruz Ortiz,Cedula,001-1003828-5,849-728-4828,sofia.cruz.3828@vimenca-demo.local
3830,Pablo Ruiz Gómez,Cedula,001-1003829-6,829-729-4829,pablo.ruiz.3829@email.do
3831,Yolanda Martínez Flores,Cedula,001-1003830-7,829-730-4830,yolanda.martinez.3830@correo.com.do
3832,Natalia Cruz García,Cedula,001-1003831-8,809-731-4831,natalia.cruz.3831@correo.com.do
3833,Valeria Peña Ortiz,Cedula,001-1003832-9,849-732-4832,valeria.peña.3832@cliente.test
3834,Karina Guerrero Flores,Cedula,001-1003833-1,809-733-4833,karina.guerrero.3833@cliente.test
3835,Elena Rodríguez Morales,Cedula,001-1003834-2,849-734-4834,elena.rodriguez.3834@cliente.test
3836,Rafael Ortiz Morales,Cedula,001-1003835-3,829-735-4835,rafael.ortiz.3835@cliente.test
3837,Andrés González Sánchez,Cedula,001-1003836-4,829-736-4836,andres.gonzalez.3836@correo.com.do
3838,Luis Rodríguez Rojas,Cedula,001-1003837-5,829-737-4837,luis.rodriguez.3837@correo.com.do
3839,Rafael Ruiz Ruiz,Cedula,001-1003838-6,809-738-4838,rafael.ruiz.3838@vimenca-demo.local
3840,Rafael Peña Romero,Cedula,001-1003839-7,809-739-4839,rafael.peña.3839@cliente.test
3841,Carlos Cabrera Castillo,Cedula,001-1003840-8,809-740-4840,carlos.cabrera.3840@correo.com.do
3842,Andrés Gómez Jiménez,Cedula,001-1003841-9,829-741-4841,andres.gomez.3841@vimenca-demo.local
3843,Óscar Torres Torres,Cedula,001-1003842-1,849-742-4842,oscar.torres.3842@email.do
3844,Yolanda Hernández Alvarez,Cedula,001-1003843-2,849-743-4843,yolanda.hernandez.3843@vimenca-demo.local
3845,Jorge Guerrero Torres,Cedula,001-1003844-3,809-744-4844,jorge.guerrero.3844@email.do
3846,Natalia Hernández Gómez,Cedula,001-1003845-4,809-745-4845,natalia.hernandez.3845@email.do
3847,Ricardo Ramírez Ruiz,Cedula,001-1003846-5,809-746-4846,ricardo.ramirez.3846@correo.com.do
3848,Pedro Hernández Romero,Cedula,001-1003847-6,829-747-4847,pedro.hernandez.3847@vimenca-demo.local
3849,Andrés Pérez Torres,Cedula,001-1003848-7,809-748-4848,andres.perez.3848@cliente.test
3850,Sofía Reyes Jiménez,Cedula,001-1003849-8,809-749-4849,sofia.reyes.3849@email.do
3851,Patricia Flores Pérez,Cedula,001-1003850-9,809-750-4850,patricia.flores.3850@correo.com.do
3852,Rosa Morales Hernández,Cedula,001-1003851-1,829-751-4851,rosa.morales.3851@cliente.test
3853,Laura Torres Pérez,Cedula,001-1003852-2,829-752-4852,laura.torres.3852@correo.com.do
3854,Iván Reyes González,Cedula,001-1003853-3,849-753-4853,ivan.reyes.3853@cliente.test
3855,Ricardo García Ruiz,Cedula,001-1003854-4,809-754-4854,ricardo.garcia.3854@vimenca-demo.local
3856,Isabella Morales Medina,Cedula,001-1003855-5,829-755-4855,isabella.morales.3855@vimenca-demo.local
3857,José Ortiz Gutiérrez,Cedula,001-1003856-6,829-756-4856,jose.ortiz.3856@cliente.test
3858,Yolanda Ramírez Díaz,Cedula,001-1003857-7,849-757-4857,yolanda.ramirez.3857@email.do
3859,Miguel Jiménez Guerrero,Cedula,001-1003858-8,809-758-4858,miguel.jimenez.3858@cliente.test
3860,Fernando Ramírez Ramírez,Cedula,001-1003859-9,829-759-4859,fernando.ramirez.3859@vimenca-demo.local
3861,Fernando Flores Torres,Cedula,001-1003860-1,809-760-4860,fernando.flores.3860@vimenca-demo.local
3862,Ricardo Jiménez Cabrera,Cedula,001-1003861-2,809-761-4861,ricardo.jimenez.3861@cliente.test
3863,Paola Torres Vargas,Cedula,001-1003862-3,829-762-4862,paola.torres.3862@correo.com.do
3864,José Cruz Hernández,Cedula,001-1003863-4,829-763-4863,jose.cruz.3863@vimenca-demo.local
3865,Ricardo García Ortiz,Cedula,001-1003864-5,849-764-4864,ricardo.garcia.3864@cliente.test
3866,Iván Peña Morales,Cedula,001-1003865-6,829-765-4865,ivan.peña.3865@correo.com.do
3867,Valeria Díaz Torres,Cedula,001-1003866-7,829-766-4866,valeria.diaz.3866@vimenca-demo.local
3868,Valeria Ortiz Sánchez,Cedula,001-1003867-8,809-767-4867,valeria.ortiz.3867@email.do
3869,Karina Vargas Gutiérrez,Cedula,001-1003868-9,809-768-4868,karina.vargas.3868@email.do
3870,Ricardo Díaz Rodríguez,Cedula,001-1003869-1,809-769-4869,ricardo.diaz.3869@email.do
3871,María Martínez Jiménez,Cedula,001-1003870-2,829-770-4870,maria.martinez.3870@correo.com.do
3872,Pedro Gutiérrez Peña,Cedula,001-1003871-3,829-771-4871,pedro.gutierrez.3871@vimenca-demo.local
3873,Manuel Rivera González,Cedula,001-1003872-4,829-772-4872,manuel.rivera.3872@cliente.test
3874,Ana Torres Morales,Cedula,001-1003873-5,809-773-4873,ana.torres.3873@vimenca-demo.local
3875,Lucía Martínez Torres,Cedula,001-1003874-6,849-774-4874,lucia.martinez.3874@correo.com.do
3876,Luis Hernández Vargas,Cedula,001-1003875-7,829-775-4875,luis.hernandez.3875@email.do
3877,Natalia Ortiz Morales,Cedula,001-1003876-8,809-776-4876,natalia.ortiz.3876@email.do
3878,José Medina Ramírez,Cedula,001-1003877-9,809-777-4877,jose.medina.3877@correo.com.do
3879,Rafael Flores Guerrero,Cedula,001-1003878-1,849-778-4878,rafael.flores.3878@email.do
3880,Andrés Alvarez Reyes,Cedula,001-1003879-2,849-779-4879,andres.alvarez.3879@vimenca-demo.local
3881,Ana González Ruiz,Cedula,001-1003880-3,809-780-4880,ana.gonzalez.3880@email.do
3882,Juan Gómez Rojas,Cedula,001-1003881-4,829-781-4881,juan.gomez.3881@email.do
3883,Camila Guerrero García,Cedula,001-1003882-5,829-782-4882,camila.guerrero.3882@correo.com.do
3884,Francisco Sánchez Rodríguez,Cedula,001-1003883-6,809-783-4883,francisco.sanchez.3883@cliente.test
3885,Francisco Torres Rojas,Cedula,001-1003884-7,849-784-4884,francisco.torres.3884@vimenca-demo.local
3886,Elena Reyes Torres,Cedula,001-1003885-8,809-785-4885,elena.reyes.3885@cliente.test
3887,Andrés Mendoza Torres,Cedula,001-1003886-9,849-786-4886,andres.mendoza.3886@email.do
3888,Yolanda Alvarez Rodríguez,Cedula,001-1003887-1,829-787-4887,yolanda.alvarez.3887@correo.com.do
3889,Francisco García Rivera,Cedula,001-1003888-2,849-788-4888,francisco.garcia.3888@cliente.test
3890,Isabella Castillo Alvarez,Cedula,001-1003889-3,849-789-4889,isabella.castillo.3889@cliente.test
3891,Andrea Romero Cruz,Cedula,001-1003890-4,849-790-4890,andrea.romero.3890@cliente.test
3892,Lucía Díaz Medina,Cedula,001-1003891-5,829-791-4891,lucia.diaz.3891@cliente.test
3893,Lucía Peña Morales,Cedula,001-1003892-6,849-792-4892,lucia.peña.3892@email.do
3894,Isabella González Medina,Cedula,001-1003893-7,809-793-4893,isabella.gonzalez.3893@correo.com.do
3895,Miguel Jiménez Díaz,Cedula,001-1003894-8,809-794-4894,miguel.jimenez.3894@vimenca-demo.local
3896,Yolanda Cabrera Morales,Cedula,001-1003895-9,829-795-4895,yolanda.cabrera.3895@cliente.test
3897,Rosa Díaz García,Cedula,001-1003896-1,829-796-4896,rosa.diaz.3896@vimenca-demo.local
3898,Carmen Alvarez García,Cedula,001-1003897-2,829-797-4897,carmen.alvarez.3897@email.do
3899,Manuel Reyes Rojas,Cedula,001-1003898-3,849-798-4898,manuel.reyes.3898@email.do
3900,Rosa Cruz Torres,Cedula,001-1003899-4,809-799-4899,rosa.cruz.3899@email.do
3901,Patricia Cabrera Reyes,Cedula,001-1003900-5,829-800-4900,patricia.cabrera.3900@vimenca-demo.local
3902,Fernando Reyes Mendoza,Cedula,001-1003901-6,829-801-4901,fernando.reyes.3901@cliente.test
3903,Laura Reyes González,Cedula,001-1003902-7,809-802-4902,laura.reyes.3902@cliente.test
3904,Sofía González Cabrera,Cedula,001-1003903-8,829-803-4903,sofia.gonzalez.3903@correo.com.do
3905,Alejandro Rodríguez Díaz,Cedula,001-1003904-9,829-804-4904,alejandro.rodriguez.3904@cliente.test
3906,Óscar Martínez Jiménez,Cedula,001-1003905-1,829-805-4905,oscar.martinez.3905@vimenca-demo.local
3907,Camila Ruiz Ortiz,Cedula,001-1003906-2,829-806-4906,camila.ruiz.3906@correo.com.do
3908,Miguel Díaz Gómez,Cedula,001-1003907-3,829-807-4907,miguel.diaz.3907@email.do
3909,Camila Sánchez García,Cedula,001-1003908-4,809-808-4908,camila.sanchez.3908@correo.com.do
3910,Natalia Flores Rodríguez,Cedula,001-1003909-5,849-809-4909,natalia.flores.3909@correo.com.do
3911,Vargas & Gutiérrez SRL,RNC,1300003910,809-810-4910,laura.vargas.3910@vimenca-demo.local
3912,Iván Cruz Gómez,Cedula,001-1003911-7,829-811-4911,ivan.cruz.3911@cliente.test
3913,Claudia Gómez Rivera,Cedula,001-1003912-8,809-812-4912,claudia.gomez.3912@vimenca-demo.local
3914,Lucía Hernández Pérez,Cedula,001-1003913-9,829-813-4913,lucia.hernandez.3913@cliente.test
3915,Óscar Alvarez Gutiérrez,Cedula,001-1003914-1,849-814-4914,oscar.alvarez.3914@correo.com.do
3916,Natalia Romero Romero,Cedula,001-1003915-2,809-815-4915,natalia.romero.3915@correo.com.do
3917,Ricardo Gómez Castillo,Cedula,001-1003916-3,849-816-4916,ricardo.gomez.3916@cliente.test
3918,Elena González González,Cedula,001-1003917-4,809-817-4917,elena.gonzalez.3917@email.do
3919,Claudia Cruz Flores,Cedula,001-1003918-5,809-818-4918,claudia.cruz.3918@cliente.test
3920,Carlos Rodríguez Rivera,Cedula,001-1003919-6,809-819-4919,carlos.rodriguez.3919@correo.com.do
3921,Carmen Morales Hernández,Cedula,001-1003920-7,829-820-4920,carmen.morales.3920@email.do
3922,Manuel Morales Ruiz,Cedula,001-1003921-8,809-821-4921,manuel.morales.3921@vimenca-demo.local
3923,Juan Martínez Sánchez,Cedula,001-1003922-9,829-822-4922,juan.martinez.3922@correo.com.do
3924,Gabriela Medina Martínez,Cedula,001-1003923-1,829-823-4923,gabriela.medina.3923@email.do
3925,María Peña Castillo,Cedula,001-1003924-2,809-824-4924,maria.peña.3924@cliente.test
3926,Pedro Castillo Reyes,Cedula,001-1003925-3,849-825-4925,pedro.castillo.3925@vimenca-demo.local
3927,Alejandro Rojas Ortiz,Cedula,001-1003926-4,849-826-4926,alejandro.rojas.3926@vimenca-demo.local
3928,Natalia Ruiz Cabrera,Cedula,001-1003927-5,849-827-4927,natalia.ruiz.3927@vimenca-demo.local
3929,Daniel Gutiérrez González,Cedula,001-1003928-6,849-828-4928,daniel.gutierrez.3928@vimenca-demo.local
3930,Sofía Torres Guerrero,Cedula,001-1003929-7,829-829-4929,sofia.torres.3929@correo.com.do
3931,Gabriela Flores Gómez,Cedula,001-1003930-8,829-830-4930,gabriela.flores.3930@vimenca-demo.local
3932,Fernando Rodríguez Hernández,Cedula,001-1003931-9,829-831-4931,fernando.rodriguez.3931@vimenca-demo.local
3933,Rafael Guerrero González,Cedula,001-1003932-1,809-832-4932,rafael.guerrero.3932@email.do
3934,Sofía Reyes Cabrera,Cedula,001-1003933-2,809-833-4933,sofia.reyes.3933@email.do
3935,Andrea Gutiérrez Díaz,Cedula,001-1003934-3,849-834-4934,andrea.gutierrez.3934@cliente.test
3936,Fernando Morales Hernández,Cedula,001-1003935-4,829-835-4935,fernando.morales.3935@vimenca-demo.local
3937,Pedro Torres Sánchez,Cedula,001-1003936-5,849-836-4936,pedro.torres.3936@cliente.test
3938,Miguel Alvarez Gómez,Cedula,001-1003937-6,829-837-4937,miguel.alvarez.3937@correo.com.do
3939,Fernando Guerrero Morales,Cedula,001-1003938-7,829-838-4938,fernando.guerrero.3938@email.do
3940,Gabriela García Gómez,Cedula,001-1003939-8,809-839-4939,gabriela.garcia.3939@vimenca-demo.local
3941,Rosa Torres Ortiz,Cedula,001-1003940-9,829-840-4940,rosa.torres.3940@cliente.test
3942,Karina Ramírez Cruz,Cedula,001-1003941-1,809-841-4941,karina.ramirez.3941@cliente.test
3943,Diana Torres Jiménez,Cedula,001-1003942-2,829-842-4942,diana.torres.3942@email.do
3944,María Jiménez Gómez,Cedula,001-1003943-3,809-843-4943,maria.jimenez.3943@cliente.test
3945,Rafael Martínez Martínez,Cedula,001-1003944-4,809-844-4944,rafael.martinez.3944@correo.com.do
3946,Andrea Morales Ortiz,Cedula,001-1003945-5,849-845-4945,andrea.morales.3945@correo.com.do
3947,Manuel Rodríguez García,Cedula,001-1003946-6,809-846-4946,manuel.rodriguez.3946@cliente.test
3948,Carlos González Rivera,Cedula,001-1003947-7,849-847-4947,carlos.gonzalez.3947@vimenca-demo.local
3949,Jorge Castillo Hernández,Cedula,001-1003948-8,809-848-4948,jorge.castillo.3948@correo.com.do
3950,María Cabrera Rivera,Cedula,001-1003949-9,809-849-4949,maria.cabrera.3949@vimenca-demo.local
3951,Carlos Hernández Martínez,Cedula,001-1003950-1,849-850-4950,carlos.hernandez.3950@correo.com.do
3952,Juan Guerrero Peña,Cedula,001-1003951-2,809-851-4951,juan.guerrero.3951@email.do
3953,Fernando Guerrero Ortiz,Cedula,001-1003952-3,829-852-4952,fernando.guerrero.3952@correo.com.do
3954,Karina Rivera Jiménez,Cedula,001-1003953-4,849-853-4953,karina.rivera.3953@correo.com.do
3955,Diana González Martínez,Cedula,001-1003954-5,849-854-4954,diana.gonzalez.3954@cliente.test
3956,Valeria Sánchez Vargas,Cedula,001-1003955-6,829-855-4955,valeria.sanchez.3955@correo.com.do
3957,Yolanda Torres Mendoza,Cedula,001-1003956-7,809-856-4956,yolanda.torres.3956@vimenca-demo.local
3958,Fernando Rojas Gómez,Cedula,001-1003957-8,849-857-4957,fernando.rojas.3957@email.do
3959,Gabriela Medina Reyes,Cedula,001-1003958-9,849-858-4958,gabriela.medina.3958@vimenca-demo.local
3960,Rosa Rivera Vargas,Cedula,001-1003959-1,829-859-4959,rosa.rivera.3959@cliente.test
3961,Sofía Medina Rojas,Cedula,001-1003960-2,849-860-4960,sofia.medina.3960@vimenca-demo.local
3962,Daniel Ramírez Torres,Cedula,001-1003961-3,809-861-4961,daniel.ramirez.3961@cliente.test
3963,Manuel Rodríguez Martínez,Cedula,001-1003962-4,849-862-4962,manuel.rodriguez.3962@correo.com.do
3964,Andrés González Pérez,Cedula,001-1003963-5,809-863-4963,andres.gonzalez.3963@cliente.test
3965,Manuel Romero Martínez,Cedula,001-1003964-6,829-864-4964,manuel.romero.3964@vimenca-demo.local
3966,Daniel Hernández Torres,Cedula,001-1003965-7,829-865-4965,daniel.hernandez.3965@cliente.test
3967,Héctor Pérez Peña,Cedula,001-1003966-8,849-866-4966,hector.perez.3966@vimenca-demo.local
3968,Laura Cabrera Ortiz,Cedula,001-1003967-9,829-867-4967,laura.cabrera.3967@correo.com.do
3969,María Cruz Ramírez,Cedula,001-1003968-1,809-868-4968,maria.cruz.3968@vimenca-demo.local
3970,Luis Rodríguez Guerrero,Cedula,001-1003969-2,829-869-4969,luis.rodriguez.3969@vimenca-demo.local
3971,Ana Guerrero Ortiz,Cedula,001-1003970-3,849-870-4970,ana.guerrero.3970@cliente.test
3972,Fernando Medina Mendoza,Cedula,001-1003971-4,829-871-4971,fernando.medina.3971@vimenca-demo.local
3973,Francisco Guerrero Gómez,Cedula,001-1003972-5,849-872-4972,francisco.guerrero.3972@cliente.test
3974,Daniel Peña Alvarez,Cedula,001-1003973-6,809-873-4973,daniel.peña.3973@email.do
3975,María Flores Morales,Cedula,001-1003974-7,829-874-4974,maria.flores.3974@correo.com.do
3976,David González Rodríguez,Cedula,001-1003975-8,809-875-4975,david.gonzalez.3975@email.do
3977,Camila Jiménez Ortiz,Cedula,001-1003976-9,809-876-4976,camila.jimenez.3976@vimenca-demo.local
3978,Ana Morales Rodríguez,Cedula,001-1003977-1,849-877-4977,ana.morales.3977@correo.com.do
3979,Alejandro Mendoza Gómez,Cedula,001-1003978-2,829-878-4978,alejandro.mendoza.3978@vimenca-demo.local
3980,Juan Pérez Ortiz,Cedula,001-1003979-3,809-879-4979,juan.perez.3979@email.do
3981,Manuel Gómez Castillo,Cedula,001-1003980-4,849-880-4980,manuel.gomez.3980@vimenca-demo.local
3982,Fernando Cabrera Gutiérrez,Cedula,001-1003981-5,829-881-4981,fernando.cabrera.3981@email.do
3983,Carlos Reyes Romero,Cedula,001-1003982-6,849-882-4982,carlos.reyes.3982@vimenca-demo.local
3984,Pablo Rodríguez Rivera,Cedula,001-1003983-7,809-883-4983,pablo.rodriguez.3983@vimenca-demo.local
3985,Héctor Hernández Vargas,Cedula,001-1003984-8,829-884-4984,hector.hernandez.3984@correo.com.do
3986,Héctor Peña Reyes,Cedula,001-1003985-9,829-885-4985,hector.peña.3985@email.do
3987,Karina Torres Reyes,Cedula,001-1003986-1,829-886-4986,karina.torres.3986@vimenca-demo.local
3988,Carlos Guerrero Torres,Cedula,001-1003987-2,829-887-4987,carlos.guerrero.3987@vimenca-demo.local
3989,Valeria García Gutiérrez,Cedula,001-1003988-3,809-888-4988,valeria.garcia.3988@email.do
3990,Patricia Guerrero Reyes,Cedula,001-1003989-4,829-889-4989,patricia.guerrero.3989@email.do
3991,Juan Morales Rodríguez,Cedula,001-1003990-5,829-890-4990,juan.morales.3990@correo.com.do
3992,Andrea Guerrero Cabrera,Cedula,001-1003991-6,809-891-4991,andrea.guerrero.3991@cliente.test
3993,Camila Rojas Romero,Cedula,001-1003992-7,849-892-4992,camila.rojas.3992@vimenca-demo.local
3994,Luis Ortiz Hernández,Cedula,001-1003993-8,849-893-4993,luis.ortiz.3993@email.do
3995,Natalia Rivera Alvarez,Cedula,001-1003994-9,809-894-4994,natalia.rivera.3994@correo.com.do
3996,Ricardo Ruiz Romero,Cedula,001-1003995-1,809-895-4995,ricardo.ruiz.3995@vimenca-demo.local
3997,Andrea Vargas Ramírez,Cedula,001-1003996-2,849-896-4996,andrea.vargas.3996@correo.com.do
3998,Óscar Martínez Gómez,Cedula,001-1003997-3,829-897-4997,oscar.martinez.3997@email.do
3999,José Pérez González,Cedula,001-1003998-4,809-898-4998,jose.perez.3998@vimenca-demo.local
4000,Diana Castillo Flores,Cedula,001-1003999-5,809-899-4999,diana.castillo.3999@cliente.test
4001,Óscar Ramírez Romero,Cedula,001-1004000-6,829-500-5000,oscar.ramirez.4000@email.do
4002,Rafael Alvarez Peña,Cedula,001-1004001-7,829-501-5001,rafael.alvarez.4001@vimenca-demo.local
4003,Andrea Mendoza Ruiz,Cedula,001-1004002-8,809-502-5002,andrea.mendoza.4002@correo.com.do
4004,Manuel Rojas Pérez,Cedula,001-1004003-9,809-503-5003,manuel.rojas.4003@correo.com.do
4005,Miguel Alvarez Alvarez,Cedula,001-1004004-1,809-504-5004,miguel.alvarez.4004@vimenca-demo.local
4006,Andrés Alvarez Reyes,Cedula,001-1004005-2,809-505-5005,andres.alvarez.4005@vimenca-demo.local
4007,Camila Alvarez Guerrero,Cedula,001-1004006-3,849-506-5006,camila.alvarez.4006@cliente.test
4008,Andrés Ortiz Castillo,Cedula,001-1004007-4,809-507-5007,andres.ortiz.4007@vimenca-demo.local
4009,Jorge Medina Martínez,Cedula,001-1004008-5,809-508-5008,jorge.medina.4008@vimenca-demo.local
4010,Ricardo Medina Ramírez,Cedula,001-1004009-6,849-509-5009,ricardo.medina.4009@vimenca-demo.local
4011,José Peña Peña,Cedula,001-1004010-7,809-510-5010,jose.peña.4010@correo.com.do
4012,María González Gómez,Cedula,001-1004011-8,849-511-5011,maria.gonzalez.4011@email.do
4013,Andrea Ramírez Ortiz,Cedula,001-1004012-9,809-512-5012,andrea.ramirez.4012@vimenca-demo.local
4014,David Rojas Cruz,Cedula,001-1004013-1,809-513-5013,david.rojas.4013@cliente.test
4015,Camila Alvarez Medina,Cedula,001-1004014-2,809-514-5014,camila.alvarez.4014@cliente.test
4016,María Ramírez Jiménez,Cedula,001-1004015-3,849-515-5015,maria.ramirez.4015@cliente.test
4017,Miguel Romero Torres,Cedula,001-1004016-4,849-516-5016,miguel.romero.4016@cliente.test
4018,Pablo Cruz Gómez,Cedula,001-1004017-5,809-517-5017,pablo.cruz.4017@vimenca-demo.local
4019,Carlos Rodríguez Reyes,Cedula,001-1004018-6,809-518-5018,carlos.rodriguez.4018@email.do
4020,Paola Díaz García,Cedula,001-1004019-7,849-519-5019,paola.diaz.4019@vimenca-demo.local
4021,David Morales Romero,Cedula,001-1004020-8,829-520-5020,david.morales.4020@correo.com.do
4022,Pablo Martínez González,Cedula,001-1004021-9,849-521-5021,pablo.martinez.4021@correo.com.do
4023,Lucía Ruiz Alvarez,Cedula,001-1004022-1,849-522-5022,lucia.ruiz.4022@correo.com.do
4024,Francisco Ortiz Ortiz,Cedula,001-1004023-2,809-523-5023,francisco.ortiz.4023@vimenca-demo.local
4025,Claudia Medina Rodríguez,Cedula,001-1004024-3,809-524-5024,claudia.medina.4024@vimenca-demo.local
4026,Rosa Ruiz Guerrero,Cedula,001-1004025-4,829-525-5025,rosa.ruiz.4025@cliente.test
4027,Carlos Rojas Pérez,Cedula,001-1004026-5,829-526-5026,carlos.rojas.4026@correo.com.do
4028,Francisco Mendoza Flores,Cedula,001-1004027-6,809-527-5027,francisco.mendoza.4027@cliente.test
4029,Elena Gómez Rojas,Cedula,001-1004028-7,809-528-5028,elena.gomez.4028@cliente.test
4030,Lucía Díaz Martínez,Cedula,001-1004029-8,829-529-5029,lucia.diaz.4029@cliente.test
4031,Rosa Morales García,Cedula,001-1004030-9,829-530-5030,rosa.morales.4030@correo.com.do
4032,Daniel Sánchez Mendoza,Cedula,001-1004031-1,809-531-5031,daniel.sanchez.4031@correo.com.do
4033,Lucía Jiménez Jiménez,Cedula,001-1004032-2,829-532-5032,lucia.jimenez.4032@correo.com.do
4034,Andrés Pérez Flores,Cedula,001-1004033-3,829-533-5033,andres.perez.4033@vimenca-demo.local
4035,Andrés Sánchez Hernández,Cedula,001-1004034-4,849-534-5034,andres.sanchez.4034@email.do
4036,Pedro Torres Rodríguez,Cedula,001-1004035-5,829-535-5035,pedro.torres.4035@vimenca-demo.local
4037,Natalia Alvarez Ruiz,Cedula,001-1004036-6,849-536-5036,natalia.alvarez.4036@correo.com.do
4038,Natalia Peña Hernández,Cedula,001-1004037-7,849-537-5037,natalia.peña.4037@vimenca-demo.local
4039,Rosa Pérez Cabrera,Cedula,001-1004038-8,809-538-5038,rosa.perez.4038@cliente.test
4040,Rosa Peña Cabrera,Cedula,001-1004039-9,809-539-5039,rosa.peña.4039@cliente.test
4041,David Flores Romero,Cedula,001-1004040-1,809-540-5040,david.flores.4040@correo.com.do
4042,Miguel Pérez Hernández,Cedula,001-1004041-2,809-541-5041,miguel.perez.4041@correo.com.do
4043,Gabriela Rodríguez Ortiz,Cedula,001-1004042-3,829-542-5042,gabriela.rodriguez.4042@vimenca-demo.local
4044,Andrea Pérez Flores,Cedula,001-1004043-4,849-543-5043,andrea.perez.4043@email.do
4045,Natalia Cabrera Medina,Cedula,001-1004044-5,809-544-5044,natalia.cabrera.4044@email.do
4046,David Sánchez Sánchez,Cedula,001-1004045-6,849-545-5045,david.sanchez.4045@correo.com.do
4047,José Ortiz Ramírez,Cedula,001-1004046-7,809-546-5046,jose.ortiz.4046@email.do
4048,Camila Torres Morales,Cedula,001-1004047-8,849-547-5047,camila.torres.4047@correo.com.do
4049,Lucía Cabrera Flores,Cedula,001-1004048-9,829-548-5048,lucia.cabrera.4048@email.do
4050,Natalia Torres Rodríguez,Cedula,001-1004049-1,809-549-5049,natalia.torres.4049@cliente.test
4051,Claudia Castillo Cruz,Cedula,001-1004050-2,849-550-5050,claudia.castillo.4050@email.do
4052,Diana Díaz González,Cedula,001-1004051-3,849-551-5051,diana.diaz.4051@cliente.test
4053,Héctor Peña Hernández,Cedula,001-1004052-4,829-552-5052,hector.peña.4052@vimenca-demo.local
4054,Sofía Jiménez Rojas,Cedula,001-1004053-5,849-553-5053,sofia.jimenez.4053@correo.com.do
4055,Héctor Flores Vargas,Cedula,001-1004054-6,809-554-5054,hector.flores.4054@cliente.test
4056,Andrés Cruz Hernández,Cedula,001-1004055-7,849-555-5055,andres.cruz.4055@email.do
4057,Valeria Mendoza González,Cedula,001-1004056-8,849-556-5056,valeria.mendoza.4056@email.do
4058,Karina Pérez Castillo,Cedula,001-1004057-9,809-557-5057,karina.perez.4057@email.do
4059,Carlos Torres Torres,Cedula,001-1004058-1,849-558-5058,carlos.torres.4058@correo.com.do
4060,Miguel Castillo Cruz,Cedula,001-1004059-2,809-559-5059,miguel.castillo.4059@email.do
4061,Elena Pérez Hernández,Cedula,001-1004060-3,849-560-5060,elena.perez.4060@correo.com.do
4062,Laura Mendoza Pérez,Cedula,001-1004061-4,829-561-5061,laura.mendoza.4061@correo.com.do
4063,Rafael Gómez Ramírez,Cedula,001-1004062-5,809-562-5062,rafael.gomez.4062@cliente.test
4064,Manuel Romero Vargas,Cedula,001-1004063-6,829-563-5063,manuel.romero.4063@correo.com.do
4065,Daniel Morales Cruz,Cedula,001-1004064-7,829-564-5064,daniel.morales.4064@vimenca-demo.local
4066,Carmen Rojas Vargas,Cedula,001-1004065-8,809-565-5065,carmen.rojas.4065@email.do
4067,Ricardo Díaz Ramírez,Cedula,001-1004066-9,829-566-5066,ricardo.diaz.4066@email.do
4068,Isabella Flores Morales,Cedula,001-1004067-1,829-567-5067,isabella.flores.4067@correo.com.do
4069,Juan Morales Reyes,Cedula,001-1004068-2,809-568-5068,juan.morales.4068@email.do
4070,Luis Romero Reyes,Cedula,001-1004069-3,809-569-5069,luis.romero.4069@vimenca-demo.local
4071,Héctor Pérez Cabrera,Cedula,001-1004070-4,809-570-5070,hector.perez.4070@vimenca-demo.local
4072,Diana Flores Sánchez,Cedula,001-1004071-5,809-571-5071,diana.flores.4071@cliente.test
4073,Gabriela Medina Alvarez,Cedula,001-1004072-6,849-572-5072,gabriela.medina.4072@correo.com.do
4074,Pablo Díaz Rivera,Cedula,001-1004073-7,829-573-5073,pablo.diaz.4073@email.do
4075,Carmen Mendoza Rojas,Cedula,001-1004074-8,829-574-5074,carmen.mendoza.4074@vimenca-demo.local
4076,Ricardo Flores Sánchez,Cedula,001-1004075-9,809-575-5075,ricardo.flores.4075@cliente.test
4077,Iván Cabrera González,Cedula,001-1004076-1,809-576-5076,ivan.cabrera.4076@correo.com.do
4078,Isabella Cruz Torres,Cedula,001-1004077-2,809-577-5077,isabella.cruz.4077@email.do
4079,Elena Romero Díaz,Cedula,001-1004078-3,849-578-5078,elena.romero.4078@vimenca-demo.local
4080,Rafael Flores Rojas,Cedula,001-1004079-4,849-579-5079,rafael.flores.4079@vimenca-demo.local
4081,Fernando García Martínez,Cedula,001-1004080-5,809-580-5080,fernando.garcia.4080@correo.com.do
4082,Diana Flores Medina,Cedula,001-1004081-6,849-581-5081,diana.flores.4081@email.do
4083,Natalia Rojas Jiménez,Cedula,001-1004082-7,849-582-5082,natalia.rojas.4082@email.do
4084,Isabella Gutiérrez García,Cedula,001-1004083-8,809-583-5083,isabella.gutierrez.4083@email.do
4085,Daniel Alvarez Mendoza,Cedula,001-1004084-9,849-584-5084,daniel.alvarez.4084@cliente.test
4086,David García Ortiz,Cedula,001-1004085-1,809-585-5085,david.garcia.4085@email.do
4087,Rafael Romero Rivera,Cedula,001-1004086-2,829-586-5086,rafael.romero.4086@cliente.test
4088,Elena Hernández Ramírez,Cedula,001-1004087-3,849-587-5087,elena.hernandez.4087@cliente.test
4089,Yolanda Hernández Hernández,Cedula,001-1004088-4,809-588-5088,yolanda.hernandez.4088@vimenca-demo.local
4090,Ricardo Ortiz Jiménez,Cedula,001-1004089-5,809-589-5089,ricardo.ortiz.4089@email.do
4091,Daniel Rodríguez Rojas,Cedula,001-1004090-6,829-590-5090,daniel.rodriguez.4090@vimenca-demo.local
4092,Gabriela Alvarez Torres,Cedula,001-1004091-7,829-591-5091,gabriela.alvarez.4091@vimenca-demo.local
4093,Patricia Morales Ruiz,Cedula,001-1004092-8,849-592-5092,patricia.morales.4092@correo.com.do
4094,Miguel Pérez Hernández,Cedula,001-1004093-9,809-593-5093,miguel.perez.4093@email.do
4095,Héctor Rojas Rodríguez,Cedula,001-1004094-1,829-594-5094,hector.rojas.4094@email.do
4096,Héctor Ruiz Romero,Cedula,001-1004095-2,809-595-5095,hector.ruiz.4095@correo.com.do
4097,Natalia Reyes Mendoza,Cedula,001-1004096-3,809-596-5096,natalia.reyes.4096@email.do
4098,Laura Ramírez Díaz,Cedula,001-1004097-4,809-597-5097,laura.ramirez.4097@correo.com.do
4099,Valeria García Peña,Cedula,001-1004098-5,809-598-5098,valeria.garcia.4098@cliente.test
4100,Elena Vargas Hernández,Cedula,001-1004099-6,809-599-5099,elena.vargas.4099@cliente.test
4101,Pedro Gómez Peña,Cedula,001-1004100-7,849-600-5100,pedro.gomez.4100@email.do
4102,Andrés Martínez Medina,Cedula,001-1004101-8,849-601-5101,andres.martinez.4101@vimenca-demo.local
4103,Andrea Romero Vargas,Cedula,001-1004102-9,809-602-5102,andrea.romero.4102@email.do
4104,Gabriela Mendoza Flores,Cedula,001-1004103-1,849-603-5103,gabriela.mendoza.4103@email.do
4105,Juan Peña Guerrero,Cedula,001-1004104-2,809-604-5104,juan.peña.4104@cliente.test
4106,Héctor Cabrera Gómez,Cedula,001-1004105-3,809-605-5105,hector.cabrera.4105@correo.com.do
4107,Camila Hernández Torres,Cedula,001-1004106-4,809-606-5106,camila.hernandez.4106@vimenca-demo.local
4108,Óscar Mendoza Díaz,Cedula,001-1004107-5,829-607-5107,oscar.mendoza.4107@vimenca-demo.local
4109,Natalia Mendoza Sánchez,Cedula,001-1004108-6,849-608-5108,natalia.mendoza.4108@correo.com.do
4110,Rafael Vargas Hernández,Cedula,001-1004109-7,849-609-5109,rafael.vargas.4109@correo.com.do
4111,Elena Ramírez Sánchez,Cedula,001-1004110-8,809-610-5110,elena.ramirez.4110@email.do
4112,Carlos Romero Sánchez,Cedula,001-1004111-9,809-611-5111,carlos.romero.4111@email.do
4113,Carmen González Rivera,Cedula,001-1004112-1,809-612-5112,carmen.gonzalez.4112@cliente.test
4114,Iván Torres Jiménez,Cedula,001-1004113-2,809-613-5113,ivan.torres.4113@email.do
4115,Andrés Romero Peña,Cedula,001-1004114-3,829-614-5114,andres.romero.4114@email.do
4116,Rosa Guerrero Castillo,Cedula,001-1004115-4,809-615-5115,rosa.guerrero.4115@cliente.test
4117,Miguel Guerrero Cabrera,Cedula,001-1004116-5,829-616-5116,miguel.guerrero.4116@email.do
4118,Ricardo García Sánchez,Cedula,001-1004117-6,809-617-5117,ricardo.garcia.4117@vimenca-demo.local
4119,Andrea Sánchez Castillo,Cedula,001-1004118-7,809-618-5118,andrea.sanchez.4118@cliente.test
4120,Pedro Alvarez Sánchez,Cedula,001-1004119-8,809-619-5119,pedro.alvarez.4119@email.do
4121,Manuel Morales Pérez,Cedula,001-1004120-9,809-620-5120,manuel.morales.4120@cliente.test
4122,María Flores Mendoza,Cedula,001-1004121-1,829-621-5121,maria.flores.4121@vimenca-demo.local
4123,María Guerrero Jiménez,Cedula,001-1004122-2,829-622-5122,maria.guerrero.4122@email.do
4124,Óscar Sánchez Jiménez,Cedula,001-1004123-3,829-623-5123,oscar.sanchez.4123@cliente.test
4125,Daniel Flores Jiménez,Cedula,001-1004124-4,849-624-5124,daniel.flores.4124@email.do
4126,José Ramírez Cruz,Cedula,001-1004125-5,829-625-5125,jose.ramirez.4125@vimenca-demo.local
4127,Andrea Reyes Peña,Cedula,001-1004126-6,849-626-5126,andrea.reyes.4126@correo.com.do
4128,Andrés Medina Mendoza,Cedula,001-1004127-7,809-627-5127,andres.medina.4127@email.do
4129,Patricia Romero Mendoza,Cedula,001-1004128-8,849-628-5128,patricia.romero.4128@correo.com.do
4130,Gabriela Cruz Peña,Cedula,001-1004129-9,809-629-5129,gabriela.cruz.4129@email.do
4131,Lucía Sánchez Ruiz,Cedula,001-1004130-1,809-630-5130,lucia.sanchez.4130@email.do
4132,Sofía Peña Rodríguez,Cedula,001-1004131-2,809-631-5131,sofia.peña.4131@correo.com.do
4133,Andrea Ruiz Martínez,Cedula,001-1004132-3,849-632-5132,andrea.ruiz.4132@vimenca-demo.local
4134,Andrea Martínez Flores,Cedula,001-1004133-4,829-633-5133,andrea.martinez.4133@vimenca-demo.local
4135,Natalia González Guerrero,Cedula,001-1004134-5,809-634-5134,natalia.gonzalez.4134@email.do
4136,Óscar Ortiz Rojas,Cedula,001-1004135-6,809-635-5135,oscar.ortiz.4135@email.do
4137,Patricia Mendoza Vargas,Cedula,001-1004136-7,849-636-5136,patricia.mendoza.4136@correo.com.do
4138,Manuel Jiménez Reyes,Cedula,001-1004137-8,829-637-5137,manuel.jimenez.4137@correo.com.do
4139,Andrea Martínez Romero,Cedula,001-1004138-9,829-638-5138,andrea.martinez.4138@vimenca-demo.local
4140,María Castillo Flores,Cedula,001-1004139-1,809-639-5139,maria.castillo.4139@vimenca-demo.local
4141,Carlos Alvarez García,Cedula,001-1004140-2,849-640-5140,carlos.alvarez.4140@correo.com.do
4142,José Rojas Medina,Cedula,001-1004141-3,809-641-5141,jose.rojas.4141@correo.com.do
4143,Daniel Sánchez Alvarez,Cedula,001-1004142-4,809-642-5142,daniel.sanchez.4142@correo.com.do
4144,Carmen Ortiz Medina,Cedula,001-1004143-5,829-643-5143,carmen.ortiz.4143@correo.com.do
4145,Andrea Vargas Díaz,Cedula,001-1004144-6,849-644-5144,andrea.vargas.4144@correo.com.do
4146,Yolanda García Romero,Cedula,001-1004145-7,829-645-5145,yolanda.garcia.4145@email.do
4147,Daniel Cruz Castillo,Cedula,001-1004146-8,849-646-5146,daniel.cruz.4146@correo.com.do
4148,Diana Alvarez Rivera,Cedula,001-1004147-9,809-647-5147,diana.alvarez.4147@vimenca-demo.local
4149,Pedro Ruiz Guerrero,Cedula,001-1004148-1,849-648-5148,pedro.ruiz.4148@email.do
4150,Paola Ruiz Ortiz,Cedula,001-1004149-2,829-649-5149,paola.ruiz.4149@vimenca-demo.local
4151,Lucía Peña Alvarez,Cedula,001-1004150-3,809-650-5150,lucia.peña.4150@correo.com.do
4152,Ana Guerrero Alvarez,Cedula,001-1004151-4,849-651-5151,ana.guerrero.4151@vimenca-demo.local
4153,Claudia Medina Rodríguez,Cedula,001-1004152-5,829-652-5152,claudia.medina.4152@vimenca-demo.local
4154,Gabriela Rodríguez Gutiérrez,Cedula,001-1004153-6,829-653-5153,gabriela.rodriguez.4153@cliente.test
4155,José Rodríguez Jiménez,Cedula,001-1004154-7,809-654-5154,jose.rodriguez.4154@correo.com.do
4156,Valeria Cabrera Torres,Cedula,001-1004155-8,829-655-5155,valeria.cabrera.4155@cliente.test
4157,David Martínez Díaz,Cedula,001-1004156-9,849-656-5156,david.martinez.4156@vimenca-demo.local
4158,Manuel Cruz Cruz,Cedula,001-1004157-1,809-657-5157,manuel.cruz.4157@correo.com.do
4159,Héctor González Medina,Cedula,001-1004158-2,849-658-5158,hector.gonzalez.4158@vimenca-demo.local
4160,Patricia Gómez Díaz,Cedula,001-1004159-3,829-659-5159,patricia.gomez.4159@correo.com.do
4161,Rosa Guerrero Sánchez,Cedula,001-1004160-4,849-660-5160,rosa.guerrero.4160@cliente.test
4162,Carlos Ruiz Mendoza,Cedula,001-1004161-5,849-661-5161,carlos.ruiz.4161@correo.com.do
4163,Gabriela Rodríguez Morales,Cedula,001-1004162-6,809-662-5162,gabriela.rodriguez.4162@email.do
4164,Héctor Jiménez Rojas,Cedula,001-1004163-7,849-663-5163,hector.jimenez.4163@cliente.test
4165,Jorge Medina García,Cedula,001-1004164-8,809-664-5164,jorge.medina.4164@email.do
4166,Miguel Rodríguez Flores,Cedula,001-1004165-9,809-665-5165,miguel.rodriguez.4165@correo.com.do
4167,Fernando Flores Guerrero,Cedula,001-1004166-1,849-666-5166,fernando.flores.4166@correo.com.do
4168,Lucía Romero García,Cedula,001-1004167-2,849-667-5167,lucia.romero.4167@vimenca-demo.local
4169,Valeria Rojas Vargas,Cedula,001-1004168-3,849-668-5168,valeria.rojas.4168@email.do
4170,Gabriela Ortiz Cabrera,Cedula,001-1004169-4,849-669-5169,gabriela.ortiz.4169@email.do
4171,Carmen Cruz Mendoza,Cedula,001-1004170-5,849-670-5170,carmen.cruz.4170@email.do
4172,Miguel Cruz Flores,Cedula,001-1004171-6,809-671-5171,miguel.cruz.4171@email.do
4173,Miguel González Mendoza,Cedula,001-1004172-7,849-672-5172,miguel.gonzalez.4172@cliente.test
4174,Diana Romero Sánchez,Cedula,001-1004173-8,829-673-5173,diana.romero.4173@vimenca-demo.local
4175,Rosa Sánchez García,Cedula,001-1004174-9,829-674-5174,rosa.sanchez.4174@email.do
4176,Francisco Díaz Romero,Cedula,001-1004175-1,809-675-5175,francisco.diaz.4175@cliente.test
4177,Rafael Rivera Alvarez,Cedula,001-1004176-2,809-676-5176,rafael.rivera.4176@vimenca-demo.local
4178,Pablo Rojas Rodríguez,Cedula,001-1004177-3,829-677-5177,pablo.rojas.4177@cliente.test
4179,Ricardo Sánchez Díaz,Cedula,001-1004178-4,829-678-5178,ricardo.sanchez.4178@vimenca-demo.local
4180,Carlos Sánchez Cruz,Cedula,001-1004179-5,849-679-5179,carlos.sanchez.4179@email.do
4181,Alejandro Gómez Ruiz,Cedula,001-1004180-6,829-680-5180,alejandro.gomez.4180@email.do
4182,Carmen Rojas Peña,Cedula,001-1004181-7,849-681-5181,carmen.rojas.4181@correo.com.do
4183,Pedro Ortiz Cruz,Cedula,001-1004182-8,829-682-5182,pedro.ortiz.4182@vimenca-demo.local
4184,Elena Rojas Rivera,Cedula,001-1004183-9,809-683-5183,elena.rojas.4183@correo.com.do
4185,Rafael Díaz Torres,Cedula,001-1004184-1,829-684-5184,rafael.diaz.4184@email.do
4186,David Romero González,Cedula,001-1004185-2,849-685-5185,david.romero.4185@cliente.test
4187,Luis Castillo Mendoza,Cedula,001-1004186-3,809-686-5186,luis.castillo.4186@vimenca-demo.local
4188,Diana Castillo Vargas,Cedula,001-1004187-4,829-687-5187,diana.castillo.4187@correo.com.do
4189,Sofía Ramírez Peña,Cedula,001-1004188-5,809-688-5188,sofia.ramirez.4188@email.do
4190,Jorge Ramírez Guerrero,Cedula,001-1004189-6,849-689-5189,jorge.ramirez.4189@vimenca-demo.local
4191,Daniel Cabrera Mendoza,Cedula,001-1004190-7,829-690-5190,daniel.cabrera.4190@correo.com.do
4192,Patricia Medina González,Cedula,001-1004191-8,809-691-5191,patricia.medina.4191@correo.com.do
4193,Rafael Mendoza Jiménez,Cedula,001-1004192-9,849-692-5192,rafael.mendoza.4192@cliente.test
4194,Pablo Romero Cabrera,Cedula,001-1004193-1,849-693-5193,pablo.romero.4193@correo.com.do
4195,Luis Jiménez Ramírez,Cedula,001-1004194-2,849-694-5194,luis.jimenez.4194@email.do
4196,Pedro Vargas Castillo,Cedula,001-1004195-3,829-695-5195,pedro.vargas.4195@email.do
4197,Laura González Cruz,Cedula,001-1004196-4,809-696-5196,laura.gonzalez.4196@vimenca-demo.local
4198,Carlos Cabrera Morales,Cedula,001-1004197-5,849-697-5197,carlos.cabrera.4197@correo.com.do
4199,Miguel Martínez Peña,Cedula,001-1004198-6,829-698-5198,miguel.martinez.4198@cliente.test
4200,Ricardo Pérez Reyes,Cedula,001-1004199-7,849-699-5199,ricardo.perez.4199@cliente.test
4201,Lucía Cabrera García,Cedula,001-1004200-8,809-700-5200,lucia.cabrera.4200@correo.com.do
4202,Laura Guerrero García,Cedula,001-1004201-9,849-701-5201,laura.guerrero.4201@correo.com.do
4203,Rafael Gómez Alvarez,Cedula,001-1004202-1,809-702-5202,rafael.gomez.4202@cliente.test
4204,Natalia González Guerrero,Cedula,001-1004203-2,809-703-5203,natalia.gonzalez.4203@correo.com.do
4205,Ricardo Gómez Ortiz,Cedula,001-1004204-3,829-704-5204,ricardo.gomez.4204@cliente.test
4206,Diana Guerrero Jiménez,Cedula,001-1004205-4,849-705-5205,diana.guerrero.4205@correo.com.do
4207,Héctor Peña García,Cedula,001-1004206-5,829-706-5206,hector.peña.4206@email.do
4208,Alejandro Jiménez Medina,Cedula,001-1004207-6,809-707-5207,alejandro.jimenez.4207@vimenca-demo.local
4209,Luis Martínez Rivera,Cedula,001-1004208-7,809-708-5208,luis.martinez.4208@correo.com.do
4210,Lucía Vargas Alvarez,Cedula,001-1004209-8,809-709-5209,lucia.vargas.4209@vimenca-demo.local
4211,Andrea Rivera Torres,Cedula,001-1004210-9,829-710-5210,andrea.rivera.4210@email.do
4212,Lucía Ortiz Gómez,Cedula,001-1004211-1,849-711-5211,lucia.ortiz.4211@correo.com.do
4213,Francisco Alvarez Morales,Cedula,001-1004212-2,809-712-5212,francisco.alvarez.4212@email.do
4214,María Ramírez Jiménez,Cedula,001-1004213-3,809-713-5213,maria.ramirez.4213@email.do
4215,Sofía Reyes Flores,Cedula,001-1004214-4,829-714-5214,sofia.reyes.4214@vimenca-demo.local
4216,Héctor Martínez Martínez,Cedula,001-1004215-5,809-715-5215,hector.martinez.4215@vimenca-demo.local
4217,Diana González Gutiérrez,Cedula,001-1004216-6,849-716-5216,diana.gonzalez.4216@cliente.test
4218,Carlos Guerrero Díaz,Cedula,001-1004217-7,829-717-5217,carlos.guerrero.4217@correo.com.do
4219,Sofía Ortiz Peña,Cedula,001-1004218-8,829-718-5218,sofia.ortiz.4218@cliente.test
4220,Óscar Medina Romero,Cedula,001-1004219-9,849-719-5219,oscar.medina.4219@correo.com.do
4221,Rafael Pérez Romero,Cedula,001-1004220-1,829-720-5220,rafael.perez.4220@email.do
4222,José Rodríguez Ramírez,Cedula,001-1004221-2,849-721-5221,jose.rodriguez.4221@correo.com.do
4223,Laura Díaz Cruz,Cedula,001-1004222-3,849-722-5222,laura.diaz.4222@cliente.test
4224,Pedro Guerrero Rojas,Cedula,001-1004223-4,829-723-5223,pedro.guerrero.4223@correo.com.do
4225,Manuel Castillo Reyes,Cedula,001-1004224-5,829-724-5224,manuel.castillo.4224@correo.com.do
4226,Laura Pérez Sánchez,Cedula,001-1004225-6,829-725-5225,laura.perez.4225@email.do
4227,David Díaz Rodríguez,Cedula,001-1004226-7,849-726-5226,david.diaz.4226@cliente.test
4228,Natalia Sánchez Morales,Cedula,001-1004227-8,829-727-5227,natalia.sanchez.4227@correo.com.do
4229,Isabella Morales Alvarez,Cedula,001-1004228-9,849-728-5228,isabella.morales.4228@email.do
4230,Laura Gutiérrez Guerrero,Cedula,001-1004229-1,829-729-5229,laura.gutierrez.4229@vimenca-demo.local
4231,Carlos Pérez Torres,Cedula,001-1004230-2,849-730-5230,carlos.perez.4230@vimenca-demo.local
4232,Juan Medina Gutiérrez,Cedula,001-1004231-3,809-731-5231,juan.medina.4231@cliente.test
4233,David Rivera Torres,Cedula,001-1004232-4,849-732-5232,david.rivera.4232@cliente.test
4234,Natalia Romero Cabrera,Cedula,001-1004233-5,829-733-5233,natalia.romero.4233@email.do
4235,Carlos Ramírez Torres,Cedula,001-1004234-6,849-734-5234,carlos.ramirez.4234@vimenca-demo.local
4236,Andrés Rodríguez Pérez,Cedula,001-1004235-7,829-735-5235,andres.rodriguez.4235@vimenca-demo.local
4237,José Jiménez Guerrero,Cedula,001-1004236-8,849-736-5236,jose.jimenez.4236@correo.com.do
4238,Alejandro Hernández Hernández,Cedula,001-1004237-9,829-737-5237,alejandro.hernandez.4237@correo.com.do
4239,Diana Hernández Sánchez,Cedula,001-1004238-1,849-738-5238,diana.hernandez.4238@correo.com.do
4240,Iván Flores Hernández,Cedula,001-1004239-2,829-739-5239,ivan.flores.4239@email.do
4241,Yolanda Mendoza Hernández,Cedula,001-1004240-3,849-740-5240,yolanda.mendoza.4240@cliente.test
4242,Paola Medina Cruz,Cedula,001-1004241-4,849-741-5241,paola.medina.4241@vimenca-demo.local
4243,Yolanda Alvarez Jiménez,Cedula,001-1004242-5,809-742-5242,yolanda.alvarez.4242@cliente.test
4244,Lucía Rivera González,Cedula,001-1004243-6,849-743-5243,lucia.rivera.4243@vimenca-demo.local
4245,Ricardo Vargas Hernández,Cedula,001-1004244-7,809-744-5244,ricardo.vargas.4244@email.do
4246,David Hernández Pérez,Cedula,001-1004245-8,809-745-5245,david.hernandez.4245@vimenca-demo.local
4247,Camila Cabrera Rivera,Cedula,001-1004246-9,809-746-5246,camila.cabrera.4246@email.do
4248,Carmen Pérez Sánchez,Cedula,001-1004247-1,829-747-5247,carmen.perez.4247@email.do
4249,Manuel Alvarez Morales,Cedula,001-1004248-2,849-748-5248,manuel.alvarez.4248@cliente.test
4250,Natalia Rodríguez Morales,Cedula,001-1004249-3,849-749-5249,natalia.rodriguez.4249@correo.com.do
4251,Gabriela González Cruz,Cedula,001-1004250-4,829-750-5250,gabriela.gonzalez.4250@correo.com.do
4252,Héctor Cabrera García,Cedula,001-1004251-5,809-751-5251,hector.cabrera.4251@cliente.test
4253,Laura Rivera Ruiz,Cedula,001-1004252-6,849-752-5252,laura.rivera.4252@email.do
4254,Yolanda Torres Gómez,Cedula,001-1004253-7,849-753-5253,yolanda.torres.4253@vimenca-demo.local
4255,Sofía Cabrera Gutiérrez,Cedula,001-1004254-8,849-754-5254,sofia.cabrera.4254@email.do
4256,Natalia Alvarez García,Cedula,001-1004255-9,809-755-5255,natalia.alvarez.4255@vimenca-demo.local
4257,Jorge Morales Cabrera,Cedula,001-1004256-1,809-756-5256,jorge.morales.4256@correo.com.do
4258,Paola Jiménez Morales,Cedula,001-1004257-2,809-757-5257,paola.jimenez.4257@vimenca-demo.local
4259,Natalia Medina Rojas,Cedula,001-1004258-3,829-758-5258,natalia.medina.4258@email.do
4260,Karina Alvarez Díaz,Cedula,001-1004259-4,829-759-5259,karina.alvarez.4259@email.do
4261,Elena Martínez Medina,Cedula,001-1004260-5,849-760-5260,elena.martinez.4260@cliente.test
4262,Ricardo Díaz Morales,Cedula,001-1004261-6,809-761-5261,ricardo.diaz.4261@correo.com.do
4263,Juan Ruiz Ortiz,Cedula,001-1004262-7,809-762-5262,juan.ruiz.4262@cliente.test
4264,Manuel Alvarez Ramírez,Cedula,001-1004263-8,849-763-5263,manuel.alvarez.4263@vimenca-demo.local
4265,David Peña Alvarez,Cedula,001-1004264-9,829-764-5264,david.peña.4264@correo.com.do
4266,Carmen Alvarez Flores,Cedula,001-1004265-1,849-765-5265,carmen.alvarez.4265@cliente.test
4267,Manuel Torres Hernández,Cedula,001-1004266-2,849-766-5266,manuel.torres.4266@vimenca-demo.local
4268,Elena Vargas Cabrera,Cedula,001-1004267-3,809-767-5267,elena.vargas.4267@correo.com.do
4269,María Ortiz Alvarez,Cedula,001-1004268-4,809-768-5268,maria.ortiz.4268@email.do
4270,Juan Castillo Rojas,Cedula,001-1004269-5,849-769-5269,juan.castillo.4269@cliente.test
4271,Fernando Peña Cabrera,Cedula,001-1004270-6,809-770-5270,fernando.peña.4270@cliente.test
4272,Luis Pérez Guerrero,Cedula,001-1004271-7,849-771-5271,luis.perez.4271@cliente.test
4273,Carmen Martínez Martínez,Cedula,001-1004272-8,849-772-5272,carmen.martinez.4272@email.do
4274,David Guerrero Guerrero,Cedula,001-1004273-9,809-773-5273,david.guerrero.4273@correo.com.do
4275,Miguel Cruz Gutiérrez,Cedula,001-1004274-1,849-774-5274,miguel.cruz.4274@correo.com.do
4276,Elena Martínez Rivera,Cedula,001-1004275-2,849-775-5275,elena.martinez.4275@correo.com.do
4277,Daniel Rodríguez Reyes,Cedula,001-1004276-3,809-776-5276,daniel.rodriguez.4276@cliente.test
4278,Lucía Ramírez Rojas,Cedula,001-1004277-4,849-777-5277,lucia.ramirez.4277@cliente.test
4279,Héctor Vargas González,Cedula,001-1004278-5,849-778-5278,hector.vargas.4278@correo.com.do
4280,Alejandro Torres Vargas,Cedula,001-1004279-6,829-779-5279,alejandro.torres.4279@vimenca-demo.local
4281,José Cabrera Ortiz,Cedula,001-1004280-7,829-780-5280,jose.cabrera.4280@cliente.test
4282,Yolanda Rivera Cruz,Cedula,001-1004281-8,809-781-5281,yolanda.rivera.4281@email.do
4283,Iván Cabrera González,Cedula,001-1004282-9,829-782-5282,ivan.cabrera.4282@cliente.test
4284,Francisco Jiménez González,Cedula,001-1004283-1,809-783-5283,francisco.jimenez.4283@vimenca-demo.local
4285,Natalia Medina Martínez,Cedula,001-1004284-2,849-784-5284,natalia.medina.4284@cliente.test
4286,Gabriela Peña Cruz,Cedula,001-1004285-3,809-785-5285,gabriela.peña.4285@correo.com.do
4287,Paola Mendoza Peña,Cedula,001-1004286-4,829-786-5286,paola.mendoza.4286@correo.com.do
4288,José Cruz Peña,Cedula,001-1004287-5,809-787-5287,jose.cruz.4287@vimenca-demo.local
4289,Carmen Ramírez Ramírez,Cedula,001-1004288-6,809-788-5288,carmen.ramirez.4288@cliente.test
4290,Pedro Peña González,Cedula,001-1004289-7,829-789-5289,pedro.peña.4289@vimenca-demo.local
4291,María Ramírez Díaz,Cedula,001-1004290-8,809-790-5290,maria.ramirez.4290@cliente.test
4292,Pablo Ruiz Peña,Cedula,001-1004291-9,829-791-5291,pablo.ruiz.4291@correo.com.do
4293,Juan Ramírez Rojas,Cedula,001-1004292-1,849-792-5292,juan.ramirez.4292@email.do
4294,Rafael Martínez Jiménez,Cedula,001-1004293-2,809-793-5293,rafael.martinez.4293@email.do
4295,Ricardo Pérez Torres,Cedula,001-1004294-3,809-794-5294,ricardo.perez.4294@cliente.test
4296,Camila Castillo Gómez,Cedula,001-1004295-4,829-795-5295,camila.castillo.4295@email.do
4297,Isabella Ruiz Hernández,Cedula,001-1004296-5,829-796-5296,isabella.ruiz.4296@vimenca-demo.local
4298,Andrés Ramírez Ramírez,Cedula,001-1004297-6,809-797-5297,andres.ramirez.4297@cliente.test
4299,Andrea Rivera Rivera,Cedula,001-1004298-7,849-798-5298,andrea.rivera.4298@vimenca-demo.local
4300,Luis Romero Sánchez,Cedula,001-1004299-8,809-799-5299,luis.romero.4299@vimenca-demo.local
4301,Manuel Rojas Cruz,Cedula,001-1004300-9,849-800-5300,manuel.rojas.4300@vimenca-demo.local
4302,Guerrero & Pérez SRL,RNC,1300004301,829-801-5301,carlos.guerrero.4301@cliente.test
4303,Diana Rodríguez Torres,Cedula,001-1004302-2,809-802-5302,diana.rodriguez.4302@cliente.test
4304,Valeria Guerrero Pérez,Cedula,001-1004303-3,829-803-5303,valeria.guerrero.4303@cliente.test
4305,Andrea Pérez Peña,Cedula,001-1004304-4,829-804-5304,andrea.perez.4304@email.do
4306,Isabella Castillo Gutiérrez,Cedula,001-1004305-5,809-805-5305,isabella.castillo.4305@email.do
4307,Miguel García Guerrero,Cedula,001-1004306-6,849-806-5306,miguel.garcia.4306@email.do
4308,Pedro Cabrera Ortiz,Cedula,001-1004307-7,809-807-5307,pedro.cabrera.4307@email.do
4309,Carmen Flores Gutiérrez,Cedula,001-1004308-8,809-808-5308,carmen.flores.4308@cliente.test
4310,Paola Ruiz Gómez,Cedula,001-1004309-9,849-809-5309,paola.ruiz.4309@cliente.test
4311,Yolanda Reyes Torres,Cedula,001-1004310-1,809-810-5310,yolanda.reyes.4310@cliente.test
4312,Andrea Torres Cabrera,Cedula,001-1004311-2,849-811-5311,andrea.torres.4311@correo.com.do
4313,Ana Ruiz Castillo,Cedula,001-1004312-3,829-812-5312,ana.ruiz.4312@vimenca-demo.local
4314,José Gómez Torres,Cedula,001-1004313-4,849-813-5313,jose.gomez.4313@cliente.test
4315,José Ortiz Medina,Cedula,001-1004314-5,829-814-5314,jose.ortiz.4314@cliente.test
4316,Andrés Reyes Ortiz,Cedula,001-1004315-6,829-815-5315,andres.reyes.4315@correo.com.do
4317,Isabella Torres Cabrera,Cedula,001-1004316-7,849-816-5316,isabella.torres.4316@cliente.test
4318,Manuel Rojas Medina,Cedula,001-1004317-8,829-817-5317,manuel.rojas.4317@correo.com.do
4319,Juan Cruz Ruiz,Cedula,001-1004318-9,809-818-5318,juan.cruz.4318@email.do
4320,María Sánchez Torres,Cedula,001-1004319-1,829-819-5319,maria.sanchez.4319@vimenca-demo.local
4321,María Martínez Cruz,Cedula,001-1004320-2,809-820-5320,maria.martinez.4320@vimenca-demo.local
4322,David Ruiz Reyes,Cedula,001-1004321-3,849-821-5321,david.ruiz.4321@correo.com.do
4323,Valeria Cruz Hernández,Cedula,001-1004322-4,849-822-5322,valeria.cruz.4322@email.do
4324,Miguel Gutiérrez Vargas,Cedula,001-1004323-5,809-823-5323,miguel.gutierrez.4323@email.do
4325,Paola González Gómez,Cedula,001-1004324-6,829-824-5324,paola.gonzalez.4324@cliente.test
4326,Yolanda Rodríguez Ruiz,Cedula,001-1004325-7,809-825-5325,yolanda.rodriguez.4325@vimenca-demo.local
4327,Óscar Jiménez Jiménez,Cedula,001-1004326-8,849-826-5326,oscar.jimenez.4326@vimenca-demo.local
4328,José Sánchez González,Cedula,001-1004327-9,829-827-5327,jose.sanchez.4327@correo.com.do
4329,Carlos Jiménez Mendoza,Cedula,001-1004328-1,849-828-5328,carlos.jimenez.4328@email.do
4330,Andrea Morales Romero,Cedula,001-1004329-2,849-829-5329,andrea.morales.4329@vimenca-demo.local
4331,Diana Vargas González,Cedula,001-1004330-3,849-830-5330,diana.vargas.4330@vimenca-demo.local
4332,David Rojas Romero,Cedula,001-1004331-4,849-831-5331,david.rojas.4331@correo.com.do
4333,Pedro Rivera Díaz,Cedula,001-1004332-5,849-832-5332,pedro.rivera.4332@cliente.test
4334,Andrea Gutiérrez Reyes,Cedula,001-1004333-6,849-833-5333,andrea.gutierrez.4333@correo.com.do
4335,Iván Martínez Díaz,Cedula,001-1004334-7,809-834-5334,ivan.martinez.4334@email.do
4336,Andrea Cruz Reyes,Cedula,001-1004335-8,829-835-5335,andrea.cruz.4335@cliente.test
4337,Carmen Ruiz Alvarez,Cedula,001-1004336-9,809-836-5336,carmen.ruiz.4336@email.do
4338,Claudia Reyes Flores,Cedula,001-1004337-1,809-837-5337,claudia.reyes.4337@cliente.test
4339,Claudia Martínez Romero,Cedula,001-1004338-2,829-838-5338,claudia.martinez.4338@cliente.test
4340,Claudia Ruiz Ortiz,Cedula,001-1004339-3,849-839-5339,claudia.ruiz.4339@cliente.test
4341,Manuel Rojas Jiménez,Cedula,001-1004340-4,849-840-5340,manuel.rojas.4340@cliente.test
4342,Isabella Mendoza Rojas,Cedula,001-1004341-5,809-841-5341,isabella.mendoza.4341@email.do
4343,Daniel Gutiérrez Hernández,Cedula,001-1004342-6,829-842-5342,daniel.gutierrez.4342@email.do
4344,Carlos Medina Vargas,Cedula,001-1004343-7,849-843-5343,carlos.medina.4343@vimenca-demo.local
4345,Lucía García Cruz,Cedula,001-1004344-8,849-844-5344,lucia.garcia.4344@email.do
4346,Sofía Díaz Rodríguez,Cedula,001-1004345-9,809-845-5345,sofia.diaz.4345@vimenca-demo.local
4347,Alejandro Alvarez Cruz,Cedula,001-1004346-1,849-846-5346,alejandro.alvarez.4346@cliente.test
4348,Claudia Gómez Castillo,Cedula,001-1004347-2,849-847-5347,claudia.gomez.4347@cliente.test
4349,Carlos García Castillo,Cedula,001-1004348-3,809-848-5348,carlos.garcia.4348@correo.com.do
4350,Elena Cabrera Ruiz,Cedula,001-1004349-4,849-849-5349,elena.cabrera.4349@email.do
4351,David Rojas Díaz,Cedula,001-1004350-5,829-850-5350,david.rojas.4350@vimenca-demo.local
4352,Ana Peña Gutiérrez,Cedula,001-1004351-6,829-851-5351,ana.peña.4351@cliente.test
4353,Karina Cruz Ramírez,Cedula,001-1004352-7,829-852-5352,karina.cruz.4352@email.do
4354,Claudia Rivera Sánchez,Cedula,001-1004353-8,849-853-5353,claudia.rivera.4353@email.do
4355,Francisco Castillo Ruiz,Cedula,001-1004354-9,829-854-5354,francisco.castillo.4354@vimenca-demo.local
4356,Patricia Rojas Ramírez,Cedula,001-1004355-1,829-855-5355,patricia.rojas.4355@correo.com.do
4357,Fernando Sánchez Flores,Cedula,001-1004356-2,849-856-5356,fernando.sanchez.4356@correo.com.do
4358,Daniel Sánchez Ruiz,Cedula,001-1004357-3,849-857-5357,daniel.sanchez.4357@vimenca-demo.local
4359,Gabriela Sánchez Peña,Cedula,001-1004358-4,829-858-5358,gabriela.sanchez.4358@vimenca-demo.local
4360,María Hernández Sánchez,Cedula,001-1004359-5,849-859-5359,maria.hernandez.4359@cliente.test
4361,Patricia Rojas Mendoza,Cedula,001-1004360-6,829-860-5360,patricia.rojas.4360@email.do
4362,Lucía Jiménez Medina,Cedula,001-1004361-7,809-861-5361,lucia.jimenez.4361@vimenca-demo.local
4363,Patricia Rojas Gutiérrez,Cedula,001-1004362-8,849-862-5362,patricia.rojas.4362@correo.com.do
4364,Fernando Díaz Díaz,Cedula,001-1004363-9,849-863-5363,fernando.diaz.4363@correo.com.do
4365,Isabella Gutiérrez Flores,Cedula,001-1004364-1,849-864-5364,isabella.gutierrez.4364@cliente.test
4366,Daniel García Jiménez,Cedula,001-1004365-2,829-865-5365,daniel.garcia.4365@vimenca-demo.local
4367,Diana Guerrero Flores,Cedula,001-1004366-3,809-866-5366,diana.guerrero.4366@email.do
4368,Carmen Rivera Vargas,Cedula,001-1004367-4,849-867-5367,carmen.rivera.4367@correo.com.do
4369,Camila Guerrero Hernández,Cedula,001-1004368-5,809-868-5368,camila.guerrero.4368@correo.com.do
4370,Gabriela Jiménez Ortiz,Cedula,001-1004369-6,809-869-5369,gabriela.jimenez.4369@email.do
4371,Carmen Gutiérrez Guerrero,Cedula,001-1004370-7,849-870-5370,carmen.gutierrez.4370@vimenca-demo.local
4372,Sofía Flores Medina,Cedula,001-1004371-8,809-871-5371,sofia.flores.4371@correo.com.do
4373,Alejandro Ramírez Cruz,Cedula,001-1004372-9,809-872-5372,alejandro.ramirez.4372@vimenca-demo.local
4374,Daniel Rivera Reyes,Cedula,001-1004373-1,829-873-5373,daniel.rivera.4373@correo.com.do
4375,Daniel Ramírez Pérez,Cedula,001-1004374-2,849-874-5374,daniel.ramirez.4374@email.do
4376,Ana Díaz Jiménez,Cedula,001-1004375-3,829-875-5375,ana.diaz.4375@email.do
4377,Gabriela Romero Rojas,Cedula,001-1004376-4,809-876-5376,gabriela.romero.4376@correo.com.do
4378,Óscar Reyes Rojas,Cedula,001-1004377-5,809-877-5377,oscar.reyes.4377@vimenca-demo.local
4379,José Jiménez Flores,Cedula,001-1004378-6,849-878-5378,jose.jimenez.4378@email.do
4380,Rafael Rivera Alvarez,Cedula,001-1004379-7,809-879-5379,rafael.rivera.4379@correo.com.do
4381,Jorge Sánchez Reyes,Cedula,001-1004380-8,849-880-5380,jorge.sanchez.4380@cliente.test
4382,Lucía Pérez Mendoza,Cedula,001-1004381-9,849-881-5381,lucia.perez.4381@cliente.test
4383,Luis Jiménez Romero,Cedula,001-1004382-1,829-882-5382,luis.jimenez.4382@email.do
4384,Juan Flores Díaz,Cedula,001-1004383-2,809-883-5383,juan.flores.4383@email.do
4385,Camila Gutiérrez Ruiz,Cedula,001-1004384-3,829-884-5384,camila.gutierrez.4384@vimenca-demo.local
4386,María Cabrera González,Cedula,001-1004385-4,849-885-5385,maria.cabrera.4385@vimenca-demo.local
4387,Óscar Morales Rodríguez,Cedula,001-1004386-5,849-886-5386,oscar.morales.4386@vimenca-demo.local
4388,Camila Morales Medina,Cedula,001-1004387-6,849-887-5387,camila.morales.4387@cliente.test
4389,Iván Flores Rivera,Cedula,001-1004388-7,809-888-5388,ivan.flores.4388@email.do
4390,Isabella Mendoza Gómez,Cedula,001-1004389-8,849-889-5389,isabella.mendoza.4389@vimenca-demo.local
4391,Elena Ruiz Vargas,Cedula,001-1004390-9,849-890-5390,elena.ruiz.4390@vimenca-demo.local
4392,Karina Morales Díaz,Cedula,001-1004391-1,849-891-5391,karina.morales.4391@vimenca-demo.local
4393,Claudia Rivera Sánchez,Cedula,001-1004392-2,829-892-5392,claudia.rivera.4392@email.do
4394,Claudia Peña Pérez,Cedula,001-1004393-3,849-893-5393,claudia.peña.4393@correo.com.do
4395,Óscar Gómez García,Cedula,001-1004394-4,809-894-5394,oscar.gomez.4394@email.do
4396,Carlos Rodríguez González,Cedula,001-1004395-5,829-895-5395,carlos.rodriguez.4395@vimenca-demo.local
4397,Patricia Hernández Vargas,Cedula,001-1004396-6,809-896-5396,patricia.hernandez.4396@email.do
4398,Sofía González Vargas,Cedula,001-1004397-7,829-897-5397,sofia.gonzalez.4397@correo.com.do
4399,Daniel Martínez Ramírez,Cedula,001-1004398-8,829-898-5398,daniel.martinez.4398@correo.com.do
4400,David Ortiz Rodríguez,Cedula,001-1004399-9,849-899-5399,david.ortiz.4399@email.do
4401,Óscar Ruiz Romero,Cedula,001-1004400-1,849-500-5400,oscar.ruiz.4400@email.do
4402,Rafael Rivera Rivera,Cedula,001-1004401-2,849-501-5401,rafael.rivera.4401@vimenca-demo.local
4403,Lucía Jiménez Cruz,Cedula,001-1004402-3,849-502-5402,lucia.jimenez.4402@cliente.test
4404,Claudia Mendoza Ortiz,Cedula,001-1004403-4,829-503-5403,claudia.mendoza.4403@email.do
4405,Patricia Morales Reyes,Cedula,001-1004404-5,849-504-5404,patricia.morales.4404@cliente.test
4406,Diana Vargas Morales,Cedula,001-1004405-6,849-505-5405,diana.vargas.4405@email.do
4407,Juan González Díaz,Cedula,001-1004406-7,829-506-5406,juan.gonzalez.4406@email.do
4408,Diana Ramírez Martínez,Cedula,001-1004407-8,809-507-5407,diana.ramirez.4407@email.do
4409,Andrea Medina Guerrero,Cedula,001-1004408-9,849-508-5408,andrea.medina.4408@correo.com.do
4410,Francisco Ramírez Guerrero,Cedula,001-1004409-1,809-509-5409,francisco.ramirez.4409@correo.com.do
4411,Carmen Jiménez González,Cedula,001-1004410-2,849-510-5410,carmen.jimenez.4410@correo.com.do
4412,Rosa Jiménez Martínez,Cedula,001-1004411-3,829-511-5411,rosa.jimenez.4411@correo.com.do
4413,Juan Cabrera Martínez,Cedula,001-1004412-4,829-512-5412,juan.cabrera.4412@email.do
4414,Valeria Ortiz Sánchez,Cedula,001-1004413-5,849-513-5413,valeria.ortiz.4413@email.do
4415,Natalia Reyes Díaz,Cedula,001-1004414-6,849-514-5414,natalia.reyes.4414@correo.com.do
4416,María Alvarez Ortiz,Cedula,001-1004415-7,849-515-5415,maria.alvarez.4415@cliente.test
4417,Pedro Castillo Reyes,Cedula,001-1004416-8,809-516-5416,pedro.castillo.4416@email.do
4418,Jorge Ortiz Reyes,Cedula,001-1004417-9,829-517-5417,jorge.ortiz.4417@vimenca-demo.local
4419,Alejandro Ruiz Vargas,Cedula,001-1004418-1,829-518-5418,alejandro.ruiz.4418@vimenca-demo.local
4420,Francisco Cruz González,Cedula,001-1004419-2,829-519-5419,francisco.cruz.4419@correo.com.do
4421,Manuel Jiménez Martínez,Cedula,001-1004420-3,829-520-5420,manuel.jimenez.4420@cliente.test
4422,Natalia Torres Romero,Cedula,001-1004421-4,829-521-5421,natalia.torres.4421@correo.com.do
4423,Luis Ruiz Rojas,Cedula,001-1004422-5,849-522-5422,luis.ruiz.4422@email.do
4424,Iván Pérez Vargas,Cedula,001-1004423-6,809-523-5423,ivan.perez.4423@cliente.test
4425,Miguel Reyes Castillo,Cedula,001-1004424-7,809-524-5424,miguel.reyes.4424@email.do
4426,Iván Medina Mendoza,Cedula,001-1004425-8,849-525-5425,ivan.medina.4425@email.do
4427,Karina Sánchez Guerrero,Cedula,001-1004426-9,829-526-5426,karina.sanchez.4426@correo.com.do
4428,Ana Sánchez González,Cedula,001-1004427-1,849-527-5427,ana.sanchez.4427@email.do
4429,Héctor Cabrera Sánchez,Cedula,001-1004428-2,849-528-5428,hector.cabrera.4428@correo.com.do
4430,Óscar Medina Gómez,Cedula,001-1004429-3,849-529-5429,oscar.medina.4429@correo.com.do
4431,Rosa Torres Ruiz,Cedula,001-1004430-4,809-530-5430,rosa.torres.4430@email.do
4432,María Gómez Vargas,Cedula,001-1004431-5,849-531-5431,maria.gomez.4431@vimenca-demo.local
4433,Sofía Medina Hernández,Cedula,001-1004432-6,829-532-5432,sofia.medina.4432@email.do
4434,Natalia Rivera Flores,Cedula,001-1004433-7,809-533-5433,natalia.rivera.4433@cliente.test
4435,Isabella Romero Vargas,Cedula,001-1004434-8,849-534-5434,isabella.romero.4434@cliente.test
4436,Isabella Torres Sánchez,Cedula,001-1004435-9,829-535-5435,isabella.torres.4435@cliente.test
4437,Sofía García Hernández,Cedula,001-1004436-1,829-536-5436,sofia.garcia.4436@vimenca-demo.local
4438,Valeria Hernández Medina,Cedula,001-1004437-2,849-537-5437,valeria.hernandez.4437@cliente.test
4439,Andrés Sánchez Cabrera,Cedula,001-1004438-3,849-538-5438,andres.sanchez.4438@cliente.test
4440,Karina Reyes García,Cedula,001-1004439-4,849-539-5439,karina.reyes.4439@email.do
4441,Ana Reyes Martínez,Cedula,001-1004440-5,809-540-5440,ana.reyes.4440@email.do
4442,David Torres Castillo,Cedula,001-1004441-6,849-541-5441,david.torres.4441@cliente.test
4443,Isabella Romero Pérez,Cedula,001-1004442-7,829-542-5442,isabella.romero.4442@email.do
4444,Daniel González Hernández,Cedula,001-1004443-8,809-543-5443,daniel.gonzalez.4443@email.do
4445,Manuel García Medina,Cedula,001-1004444-9,809-544-5444,manuel.garcia.4444@correo.com.do
4446,Alejandro Cruz Romero,Cedula,001-1004445-1,849-545-5445,alejandro.cruz.4445@correo.com.do
4447,Carmen Sánchez Rodríguez,Cedula,001-1004446-2,829-546-5446,carmen.sanchez.4446@correo.com.do
4448,Natalia Ortiz Jiménez,Cedula,001-1004447-3,849-547-5447,natalia.ortiz.4447@cliente.test
4449,Camila Gutiérrez Rojas,Cedula,001-1004448-4,829-548-5448,camila.gutierrez.4448@cliente.test
4450,Laura Mendoza Romero,Cedula,001-1004449-5,849-549-5449,laura.mendoza.4449@vimenca-demo.local
4451,Camila Díaz Sánchez,Cedula,001-1004450-6,849-550-5450,camila.diaz.4450@email.do
4452,Andrea Cruz Peña,Cedula,001-1004451-7,809-551-5451,andrea.cruz.4451@correo.com.do
4453,Carmen García Flores,Cedula,001-1004452-8,809-552-5452,carmen.garcia.4452@vimenca-demo.local
4454,Ricardo Vargas Martínez,Cedula,001-1004453-9,809-553-5453,ricardo.vargas.4453@vimenca-demo.local
4455,Pablo Martínez Díaz,Cedula,001-1004454-1,809-554-5454,pablo.martinez.4454@email.do
4456,Paola Cabrera Peña,Cedula,001-1004455-2,809-555-5455,paola.cabrera.4455@correo.com.do
4457,Manuel Vargas Hernández,Cedula,001-1004456-3,849-556-5456,manuel.vargas.4456@email.do
4458,Karina Romero Díaz,Cedula,001-1004457-4,809-557-5457,karina.romero.4457@correo.com.do
4459,Rosa Ramírez Ortiz,Cedula,001-1004458-5,849-558-5458,rosa.ramirez.4458@vimenca-demo.local
4460,Camila Ramírez Rodríguez,Cedula,001-1004459-6,809-559-5459,camila.ramirez.4459@email.do
4461,Paola Morales Ortiz,Cedula,001-1004460-7,809-560-5460,paola.morales.4460@correo.com.do
4462,Karina Ortiz Martínez,Cedula,001-1004461-8,809-561-5461,karina.ortiz.4461@correo.com.do
4463,Fernando Rodríguez Vargas,Cedula,001-1004462-9,849-562-5462,fernando.rodriguez.4462@email.do
4464,Manuel Pérez Ramírez,Cedula,001-1004463-1,809-563-5463,manuel.perez.4463@email.do
4465,Pablo Morales Reyes,Cedula,001-1004464-2,809-564-5464,pablo.morales.4464@email.do
4466,Andrés Jiménez Alvarez,Cedula,001-1004465-3,809-565-5465,andres.jimenez.4465@correo.com.do
4467,Andrés Cruz Cruz,Cedula,001-1004466-4,809-566-5466,andres.cruz.4466@correo.com.do
4468,Ana Rodríguez Pérez,Cedula,001-1004467-5,829-567-5467,ana.rodriguez.4467@correo.com.do
4469,Francisco Romero Gómez,Cedula,001-1004468-6,809-568-5468,francisco.romero.4468@cliente.test
4470,Carmen Peña Jiménez,Cedula,001-1004469-7,809-569-5469,carmen.peña.4469@email.do
4471,Diana Hernández Ramírez,Cedula,001-1004470-8,829-570-5470,diana.hernandez.4470@cliente.test
4472,David Ramírez Ruiz,Cedula,001-1004471-9,849-571-5471,david.ramirez.4471@correo.com.do
4473,Ana Reyes Vargas,Cedula,001-1004472-1,849-572-5472,ana.reyes.4472@vimenca-demo.local
4474,Rafael González Alvarez,Cedula,001-1004473-2,809-573-5473,rafael.gonzalez.4473@vimenca-demo.local
4475,Rafael Martínez Rivera,Cedula,001-1004474-3,849-574-5474,rafael.martinez.4474@correo.com.do
4476,Fernando Vargas Gutiérrez,Cedula,001-1004475-4,829-575-5475,fernando.vargas.4475@email.do
4477,Juan Hernández Castillo,Cedula,001-1004476-5,809-576-5476,juan.hernandez.4476@vimenca-demo.local
4478,Manuel Jiménez Rivera,Cedula,001-1004477-6,809-577-5477,manuel.jimenez.4477@cliente.test
4479,José Guerrero Guerrero,Cedula,001-1004478-7,849-578-5478,jose.guerrero.4478@email.do
4480,Alejandro Díaz Romero,Cedula,001-1004479-8,809-579-5479,alejandro.diaz.4479@cliente.test
4481,Juan Medina Peña,Cedula,001-1004480-9,849-580-5480,juan.medina.4480@email.do
4482,Paola Jiménez Díaz,Cedula,001-1004481-1,849-581-5481,paola.jimenez.4481@email.do
4483,Karina Ortiz Guerrero,Cedula,001-1004482-2,809-582-5482,karina.ortiz.4482@correo.com.do
4484,Patricia Reyes Pérez,Cedula,001-1004483-3,829-583-5483,patricia.reyes.4483@email.do
4485,Carmen Morales Peña,Cedula,001-1004484-4,849-584-5484,carmen.morales.4484@vimenca-demo.local
4486,Daniel Ruiz Díaz,Cedula,001-1004485-5,829-585-5485,daniel.ruiz.4485@cliente.test
4487,Francisco Ramírez Rojas,Cedula,001-1004486-6,829-586-5486,francisco.ramirez.4486@correo.com.do
4488,Miguel Cabrera Romero,Cedula,001-1004487-7,809-587-5487,miguel.cabrera.4487@email.do
4489,Manuel Ortiz Peña,Cedula,001-1004488-8,829-588-5488,manuel.ortiz.4488@correo.com.do
4490,Andrés Díaz Jiménez,Cedula,001-1004489-9,829-589-5489,andres.diaz.4489@email.do
4491,Patricia Ruiz Ortiz,Cedula,001-1004490-1,809-590-5490,patricia.ruiz.4490@vimenca-demo.local
4492,María Jiménez Jiménez,Cedula,001-1004491-2,829-591-5491,maria.jimenez.4491@correo.com.do
4493,Pedro Morales Morales,Cedula,001-1004492-3,829-592-5492,pedro.morales.4492@correo.com.do
4494,Patricia González González,Cedula,001-1004493-4,849-593-5493,patricia.gonzalez.4493@vimenca-demo.local
4495,Rafael Gómez Gómez,Cedula,001-1004494-5,809-594-5494,rafael.gomez.4494@vimenca-demo.local
4496,Juan Torres Mendoza,Cedula,001-1004495-6,809-595-5495,juan.torres.4495@vimenca-demo.local
4497,Sofía Rodríguez Pérez,Cedula,001-1004496-7,849-596-5496,sofia.rodriguez.4496@correo.com.do
4498,Alejandro Peña Cabrera,Cedula,001-1004497-8,829-597-5497,alejandro.peña.4497@cliente.test
4499,Paola Peña Alvarez,Cedula,001-1004498-9,829-598-5498,paola.peña.4498@cliente.test
4500,Óscar Cabrera Medina,Cedula,001-1004499-1,849-599-5499,oscar.cabrera.4499@vimenca-demo.local
4501,Miguel Díaz Reyes,Cedula,001-1004500-2,829-600-5500,miguel.diaz.4500@vimenca-demo.local
4502,Diana Morales Guerrero,Cedula,001-1004501-3,809-601-5501,diana.morales.4501@email.do
4503,Valeria Ortiz Guerrero,Cedula,001-1004502-4,809-602-5502,valeria.ortiz.4502@correo.com.do
4504,Valeria Reyes Morales,Cedula,001-1004503-5,809-603-5503,valeria.reyes.4503@correo.com.do
4505,Carlos Ruiz Rodríguez,Cedula,001-1004504-6,849-604-5504,carlos.ruiz.4504@correo.com.do
4506,Andrés Rodríguez Ramírez,Cedula,001-1004505-7,849-605-5505,andres.rodriguez.4505@correo.com.do
4507,Héctor Ruiz Torres,Cedula,001-1004506-8,829-606-5506,hector.ruiz.4506@correo.com.do
4508,Fernando Flores Alvarez,Cedula,001-1004507-9,829-607-5507,fernando.flores.4507@correo.com.do
4509,María Morales Gutiérrez,Cedula,001-1004508-1,849-608-5508,maria.morales.4508@correo.com.do
4510,Juan Gutiérrez Pérez,Cedula,001-1004509-2,829-609-5509,juan.gutierrez.4509@vimenca-demo.local
4511,Rafael González Hernández,Cedula,001-1004510-3,849-610-5510,rafael.gonzalez.4510@correo.com.do
4512,Rafael Gómez Mendoza,Cedula,001-1004511-4,829-611-5511,rafael.gomez.4511@correo.com.do
4513,Pedro Ramírez Gutiérrez,Cedula,001-1004512-5,829-612-5512,pedro.ramirez.4512@correo.com.do
4514,Iván Pérez Torres,Cedula,001-1004513-6,829-613-5513,ivan.perez.4513@correo.com.do
4515,Patricia Gómez Martínez,Cedula,001-1004514-7,829-614-5514,patricia.gomez.4514@correo.com.do
4516,Alejandro Gutiérrez Flores,Cedula,001-1004515-8,829-615-5515,alejandro.gutierrez.4515@cliente.test
4517,Carmen Medina Cruz,Cedula,001-1004516-9,809-616-5516,carmen.medina.4516@email.do
4518,Carmen García García,Cedula,001-1004517-1,809-617-5517,carmen.garcia.4517@cliente.test
4519,Jorge Ruiz Rojas,Cedula,001-1004518-2,829-618-5518,jorge.ruiz.4518@vimenca-demo.local
4520,Óscar Mendoza Morales,Cedula,001-1004519-3,829-619-5519,oscar.mendoza.4519@vimenca-demo.local
4521,José Ramírez Pérez,Cedula,001-1004520-4,829-620-5520,jose.ramirez.4520@correo.com.do
4522,Carmen Castillo Medina,Cedula,001-1004521-5,849-621-5521,carmen.castillo.4521@email.do
4523,Fernando Sánchez Guerrero,Cedula,001-1004522-6,829-622-5522,fernando.sanchez.4522@cliente.test
4524,Óscar Cabrera Cruz,Cedula,001-1004523-7,809-623-5523,oscar.cabrera.4523@cliente.test
4525,Pedro Díaz Hernández,Cedula,001-1004524-8,849-624-5524,pedro.diaz.4524@correo.com.do
4526,Sofía Guerrero González,Cedula,001-1004525-9,809-625-5525,sofia.guerrero.4525@cliente.test
4527,Carlos Rodríguez Flores,Cedula,001-1004526-1,829-626-5526,carlos.rodriguez.4526@cliente.test
4528,Óscar Pérez Rivera,Cedula,001-1004527-2,849-627-5527,oscar.perez.4527@vimenca-demo.local
4529,Karina García Alvarez,Cedula,001-1004528-3,809-628-5528,karina.garcia.4528@correo.com.do
4530,Luis Reyes Hernández,Cedula,001-1004529-4,849-629-5529,luis.reyes.4529@cliente.test
4531,Pablo Pérez Peña,Cedula,001-1004530-5,809-630-5530,pablo.perez.4530@vimenca-demo.local
4532,José Romero Vargas,Cedula,001-1004531-6,849-631-5531,jose.romero.4531@vimenca-demo.local
4533,Sofía Ruiz Alvarez,Cedula,001-1004532-7,849-632-5532,sofia.ruiz.4532@correo.com.do
4534,Paola Alvarez Mendoza,Cedula,001-1004533-8,849-633-5533,paola.alvarez.4533@vimenca-demo.local
4535,Juan Gómez Torres,Cedula,001-1004534-9,829-634-5534,juan.gomez.4534@correo.com.do
4536,Ana Rodríguez Flores,Cedula,001-1004535-1,849-635-5535,ana.rodriguez.4535@correo.com.do
4537,Rosa Vargas Guerrero,Cedula,001-1004536-2,829-636-5536,rosa.vargas.4536@cliente.test
4538,Yolanda Gutiérrez Ortiz,Cedula,001-1004537-3,849-637-5537,yolanda.gutierrez.4537@email.do
4539,Miguel Ramírez Reyes,Cedula,001-1004538-4,849-638-5538,miguel.ramirez.4538@cliente.test
4540,Andrés Guerrero Morales,Cedula,001-1004539-5,849-639-5539,andres.guerrero.4539@cliente.test
4541,Natalia Romero Rivera,Cedula,001-1004540-6,829-640-5540,natalia.romero.4540@correo.com.do
4542,Ricardo Pérez González,Cedula,001-1004541-7,829-641-5541,ricardo.perez.4541@email.do
4543,Diana Rodríguez Ortiz,Cedula,001-1004542-8,849-642-5542,diana.rodriguez.4542@cliente.test
4544,Elena Torres Torres,Cedula,001-1004543-9,829-643-5543,elena.torres.4543@email.do
4545,Óscar Sánchez Ramírez,Cedula,001-1004544-1,849-644-5544,oscar.sanchez.4544@vimenca-demo.local
4546,Paola Peña Pérez,Cedula,001-1004545-2,809-645-5545,paola.peña.4545@cliente.test
4547,Miguel Mendoza Guerrero,Cedula,001-1004546-3,809-646-5546,miguel.mendoza.4546@vimenca-demo.local
4548,Óscar Rojas Castillo,Cedula,001-1004547-4,809-647-5547,oscar.rojas.4547@email.do
4549,Laura Reyes Rodríguez,Cedula,001-1004548-5,849-648-5548,laura.reyes.4548@cliente.test
4550,María Pérez Martínez,Cedula,001-1004549-6,809-649-5549,maria.perez.4549@cliente.test
4551,María Castillo Castillo,Cedula,001-1004550-7,849-650-5550,maria.castillo.4550@correo.com.do
4552,Valeria Pérez Rojas,Cedula,001-1004551-8,809-651-5551,valeria.perez.4551@correo.com.do
4553,Alejandro Castillo Mendoza,Cedula,001-1004552-9,809-652-5552,alejandro.castillo.4552@cliente.test
4554,Andrés Martínez Reyes,Cedula,001-1004553-1,849-653-5553,andres.martinez.4553@correo.com.do
4555,Andrea Gutiérrez Vargas,Cedula,001-1004554-2,849-654-5554,andrea.gutierrez.4554@vimenca-demo.local
4556,Camila García Guerrero,Cedula,001-1004555-3,849-655-5555,camila.garcia.4555@correo.com.do
4557,Fernando Cabrera Flores,Cedula,001-1004556-4,849-656-5556,fernando.cabrera.4556@vimenca-demo.local
4558,Francisco Sánchez Alvarez,Cedula,001-1004557-5,829-657-5557,francisco.sanchez.4557@correo.com.do
4559,Jorge Gutiérrez Gutiérrez,Cedula,001-1004558-6,849-658-5558,jorge.gutierrez.4558@email.do
4560,Iván Gutiérrez Díaz,Cedula,001-1004559-7,809-659-5559,ivan.gutierrez.4559@cliente.test
4561,Andrea Sánchez Rodríguez,Cedula,001-1004560-8,829-660-5560,andrea.sanchez.4560@correo.com.do
4562,Andrea Rodríguez Morales,Cedula,001-1004561-9,829-661-5561,andrea.rodriguez.4561@cliente.test
4563,Gabriela Castillo Martínez,Cedula,001-1004562-1,809-662-5562,gabriela.castillo.4562@email.do
4564,Ricardo Hernández Martínez,Cedula,001-1004563-2,849-663-5563,ricardo.hernandez.4563@vimenca-demo.local
4565,Fernando Martínez Alvarez,Cedula,001-1004564-3,809-664-5564,fernando.martinez.4564@correo.com.do
4566,Camila Cabrera Ortiz,Cedula,001-1004565-4,809-665-5565,camila.cabrera.4565@vimenca-demo.local
4567,Yolanda Castillo Morales,Cedula,001-1004566-5,829-666-5566,yolanda.castillo.4566@email.do
4568,Fernando Hernández Castillo,Cedula,001-1004567-6,849-667-5567,fernando.hernandez.4567@cliente.test
4569,Luis Flores Rodríguez,Cedula,001-1004568-7,809-668-5568,luis.flores.4568@vimenca-demo.local
4570,Andrés Flores Cabrera,Cedula,001-1004569-8,849-669-5569,andres.flores.4569@correo.com.do
4571,Óscar Pérez Díaz,Cedula,001-1004570-9,809-670-5570,oscar.perez.4570@cliente.test
4572,Isabella Cabrera Ruiz,Cedula,001-1004571-1,809-671-5571,isabella.cabrera.4571@email.do
4573,Isabella Rivera Castillo,Cedula,001-1004572-2,829-672-5572,isabella.rivera.4572@email.do
4574,Ricardo Díaz Pérez,Cedula,001-1004573-3,849-673-5573,ricardo.diaz.4573@cliente.test
4575,Fernando Sánchez Rivera,Cedula,001-1004574-4,849-674-5574,fernando.sanchez.4574@correo.com.do
4576,Héctor Mendoza Vargas,Cedula,001-1004575-5,849-675-5575,hector.mendoza.4575@vimenca-demo.local
4577,Ricardo Cruz Ruiz,Cedula,001-1004576-6,849-676-5576,ricardo.cruz.4576@email.do
4578,Valeria Peña Jiménez,Cedula,001-1004577-7,809-677-5577,valeria.peña.4577@cliente.test
4579,Elena Reyes Gutiérrez,Cedula,001-1004578-8,809-678-5578,elena.reyes.4578@vimenca-demo.local
4580,Miguel Reyes García,Cedula,001-1004579-9,849-679-5579,miguel.reyes.4579@email.do
4581,David Pérez Cruz,Cedula,001-1004580-1,809-680-5580,david.perez.4580@email.do
4582,Jorge Hernández Alvarez,Cedula,001-1004581-2,849-681-5581,jorge.hernandez.4581@email.do
4583,Héctor Flores Ruiz,Cedula,001-1004582-3,809-682-5582,hector.flores.4582@email.do
4584,Camila Hernández Medina,Cedula,001-1004583-4,829-683-5583,camila.hernandez.4583@email.do
4585,Andrea Cruz Ruiz,Cedula,001-1004584-5,849-684-5584,andrea.cruz.4584@email.do
4586,Carlos Cabrera Morales,Cedula,001-1004585-6,829-685-5585,carlos.cabrera.4585@email.do
4587,Fernando Ortiz González,Cedula,001-1004586-7,849-686-5586,fernando.ortiz.4586@cliente.test
4588,Paola Martínez Morales,Cedula,001-1004587-8,849-687-5587,paola.martinez.4587@correo.com.do
4589,Miguel Martínez Rivera,Cedula,001-1004588-9,809-688-5588,miguel.martinez.4588@correo.com.do
4590,Andrés Hernández Cabrera,Cedula,001-1004589-1,829-689-5589,andres.hernandez.4589@email.do
4591,Yolanda Vargas Guerrero,Cedula,001-1004590-2,809-690-5590,yolanda.vargas.4590@email.do
4592,Héctor Pérez Torres,Cedula,001-1004591-3,829-691-5591,hector.perez.4591@email.do
4593,Héctor Cabrera García,Cedula,001-1004592-4,809-692-5592,hector.cabrera.4592@vimenca-demo.local
4594,Sofía Rodríguez Peña,Cedula,001-1004593-5,829-693-5593,sofia.rodriguez.4593@vimenca-demo.local
4595,Natalia Gutiérrez Pérez,Cedula,001-1004594-6,829-694-5594,natalia.gutierrez.4594@cliente.test
4596,José Peña Sánchez,Cedula,001-1004595-7,829-695-5595,jose.peña.4595@vimenca-demo.local
4597,Rosa Ortiz González,Cedula,001-1004596-8,809-696-5596,rosa.ortiz.4596@vimenca-demo.local
4598,Claudia Pérez Morales,Cedula,001-1004597-9,849-697-5597,claudia.perez.4597@vimenca-demo.local
4599,Carlos Rojas Ramírez,Cedula,001-1004598-1,829-698-5598,carlos.rojas.4598@vimenca-demo.local
4600,José Medina Hernández,Cedula,001-1004599-2,829-699-5599,jose.medina.4599@cliente.test
4601,Miguel Ortiz Alvarez,Cedula,001-1004600-3,849-700-5600,miguel.ortiz.4600@cliente.test
4602,Miguel Alvarez Gutiérrez,Cedula,001-1004601-4,849-701-5601,miguel.alvarez.4601@email.do
4603,Valeria Jiménez Ruiz,Cedula,001-1004602-5,849-702-5602,valeria.jimenez.4602@correo.com.do
4604,Andrea Peña Romero,Cedula,001-1004603-6,829-703-5603,andrea.peña.4603@correo.com.do
4605,Pablo Guerrero Ruiz,Cedula,001-1004604-7,809-704-5604,pablo.guerrero.4604@email.do
4606,Elena Martínez Reyes,Cedula,001-1004605-8,829-705-5605,elena.martinez.4605@vimenca-demo.local
4607,Lucía Rojas Pérez,Cedula,001-1004606-9,829-706-5606,lucia.rojas.4606@email.do
4608,Claudia Sánchez Peña,Cedula,001-1004607-1,849-707-5607,claudia.sanchez.4607@cliente.test
4609,Ricardo Flores Ruiz,Cedula,001-1004608-2,849-708-5608,ricardo.flores.4608@cliente.test
4610,Andrea Jiménez Medina,Cedula,001-1004609-3,849-709-5609,andrea.jimenez.4609@email.do
4611,Karina Cruz Mendoza,Cedula,001-1004610-4,829-710-5610,karina.cruz.4610@cliente.test
4612,Camila Cruz Hernández,Cedula,001-1004611-5,849-711-5611,camila.cruz.4611@vimenca-demo.local
4613,Pedro Gómez Gómez,Cedula,001-1004612-6,829-712-5612,pedro.gomez.4612@vimenca-demo.local
4614,Luis Pérez Pérez,Cedula,001-1004613-7,849-713-5613,luis.perez.4613@email.do
4615,Yolanda Castillo Sánchez,Cedula,001-1004614-8,849-714-5614,yolanda.castillo.4614@correo.com.do
4616,Gabriela Díaz Torres,Cedula,001-1004615-9,849-715-5615,gabriela.diaz.4615@cliente.test
4617,Carlos Díaz Pérez,Cedula,001-1004616-1,829-716-5616,carlos.diaz.4616@correo.com.do
4618,Pedro Morales Castillo,Cedula,001-1004617-2,809-717-5617,pedro.morales.4617@correo.com.do
4619,Yolanda Ruiz Alvarez,Cedula,001-1004618-3,809-718-5618,yolanda.ruiz.4618@cliente.test
4620,Héctor Gómez Torres,Cedula,001-1004619-4,849-719-5619,hector.gomez.4619@cliente.test
4621,Francisco Pérez Gutiérrez,Cedula,001-1004620-5,829-720-5620,francisco.perez.4620@vimenca-demo.local
4622,Alejandro Jiménez Rodríguez,Cedula,001-1004621-6,829-721-5621,alejandro.jimenez.4621@cliente.test
4623,Juan Rodríguez García,Cedula,001-1004622-7,809-722-5622,juan.rodriguez.4622@vimenca-demo.local
4624,Rosa Gutiérrez Hernández,Cedula,001-1004623-8,809-723-5623,rosa.gutierrez.4623@vimenca-demo.local
4625,Luis Rivera Peña,Cedula,001-1004624-9,829-724-5624,luis.rivera.4624@cliente.test
4626,Elena Medina Cabrera,Cedula,001-1004625-1,829-725-5625,elena.medina.4625@cliente.test
4627,Isabella Morales Rodríguez,Cedula,001-1004626-2,829-726-5626,isabella.morales.4626@vimenca-demo.local
4628,Valeria Sánchez García,Cedula,001-1004627-3,829-727-5627,valeria.sanchez.4627@vimenca-demo.local
4629,Óscar Rojas Díaz,Cedula,001-1004628-4,829-728-5628,oscar.rojas.4628@cliente.test
4630,David Ruiz Cabrera,Cedula,001-1004629-5,849-729-5629,david.ruiz.4629@correo.com.do
4631,Iván Medina Rivera,Cedula,001-1004630-6,809-730-5630,ivan.medina.4630@vimenca-demo.local
4632,Carmen Medina Gutiérrez,Cedula,001-1004631-7,829-731-5631,carmen.medina.4631@correo.com.do
4633,Francisco Torres Rojas,Cedula,001-1004632-8,829-732-5632,francisco.torres.4632@vimenca-demo.local
4634,Fernando Cabrera Cruz,Cedula,001-1004633-9,849-733-5633,fernando.cabrera.4633@email.do
4635,Ana Alvarez Morales,Cedula,001-1004634-1,849-734-5634,ana.alvarez.4634@vimenca-demo.local
4636,Diana Rodríguez Pérez,Cedula,001-1004635-2,849-735-5635,diana.rodriguez.4635@cliente.test
4637,David Jiménez Jiménez,Cedula,001-1004636-3,809-736-5636,david.jimenez.4636@vimenca-demo.local
4638,Luis García Mendoza,Cedula,001-1004637-4,809-737-5637,luis.garcia.4637@cliente.test
4639,Ana Pérez Sánchez,Cedula,001-1004638-5,829-738-5638,ana.perez.4638@email.do
4640,Ana Alvarez Medina,Cedula,001-1004639-6,829-739-5639,ana.alvarez.4639@cliente.test
4641,Gabriela Mendoza Castillo,Cedula,001-1004640-7,829-740-5640,gabriela.mendoza.4640@cliente.test
4642,Fernando González Alvarez,Cedula,001-1004641-8,849-741-5641,fernando.gonzalez.4641@vimenca-demo.local
4643,Miguel Cruz García,Cedula,001-1004642-9,809-742-5642,miguel.cruz.4642@correo.com.do
4644,Ana Flores Mendoza,Cedula,001-1004643-1,809-743-5643,ana.flores.4643@correo.com.do
4645,Alejandro Peña Rojas,Cedula,001-1004644-2,849-744-5644,alejandro.peña.4644@vimenca-demo.local
4646,Lucía Vargas Cruz,Cedula,001-1004645-3,809-745-5645,lucia.vargas.4645@correo.com.do
4647,Andrea García Pérez,Cedula,001-1004646-4,849-746-5646,andrea.garcia.4646@cliente.test
4648,Lucía Cruz Ortiz,Cedula,001-1004647-5,849-747-5647,lucia.cruz.4647@cliente.test
4649,Francisco Ramírez Rojas,Cedula,001-1004648-6,809-748-5648,francisco.ramirez.4648@correo.com.do
4650,Paola Jiménez Cabrera,Cedula,001-1004649-7,829-749-5649,paola.jimenez.4649@vimenca-demo.local
4651,Juan Peña Medina,Cedula,001-1004650-8,829-750-5650,juan.peña.4650@vimenca-demo.local
4652,Francisco Mendoza Morales,Cedula,001-1004651-9,809-751-5651,francisco.mendoza.4651@vimenca-demo.local
4653,Óscar Martínez González,Cedula,001-1004652-1,809-752-5652,oscar.martinez.4652@correo.com.do
4654,Luis Ramírez Gutiérrez,Cedula,001-1004653-2,809-753-5653,luis.ramirez.4653@vimenca-demo.local
4655,Gabriela Gómez Torres,Cedula,001-1004654-3,829-754-5654,gabriela.gomez.4654@cliente.test
4656,Karina Romero Cruz,Cedula,001-1004655-4,829-755-5655,karina.romero.4655@correo.com.do
4657,Natalia Díaz Guerrero,Cedula,001-1004656-5,829-756-5656,natalia.diaz.4656@email.do
4658,Valeria Gutiérrez Sánchez,Cedula,001-1004657-6,809-757-5657,valeria.gutierrez.4657@vimenca-demo.local
4659,Andrés Castillo Ruiz,Cedula,001-1004658-7,849-758-5658,andres.castillo.4658@email.do
4660,Daniel Cabrera Flores,Cedula,001-1004659-8,829-759-5659,daniel.cabrera.4659@vimenca-demo.local
4661,Luis Rodríguez Castillo,Cedula,001-1004660-9,829-760-5660,luis.rodriguez.4660@cliente.test
4662,Rosa Vargas Díaz,Cedula,001-1004661-1,849-761-5661,rosa.vargas.4661@vimenca-demo.local
4663,Pablo Gómez Romero,Cedula,001-1004662-2,809-762-5662,pablo.gomez.4662@email.do
4664,Miguel Pérez González,Cedula,001-1004663-3,809-763-5663,miguel.perez.4663@email.do
4665,Iván Rivera Alvarez,Cedula,001-1004664-4,849-764-5664,ivan.rivera.4664@cliente.test
4666,Claudia Romero Guerrero,Cedula,001-1004665-5,829-765-5665,claudia.romero.4665@correo.com.do
4667,Iván Cabrera Alvarez,Cedula,001-1004666-6,809-766-5666,ivan.cabrera.4666@cliente.test
4668,Sofía Castillo Rivera,Cedula,001-1004667-7,829-767-5667,sofia.castillo.4667@email.do
4669,María García Ramírez,Cedula,001-1004668-8,849-768-5668,maria.garcia.4668@cliente.test
4670,María Guerrero Martínez,Cedula,001-1004669-9,829-769-5669,maria.guerrero.4669@cliente.test
4671,Juan Vargas Ruiz,Cedula,001-1004670-1,809-770-5670,juan.vargas.4670@correo.com.do
4672,Yolanda Medina Cruz,Cedula,001-1004671-2,809-771-5671,yolanda.medina.4671@email.do
4673,Valeria Gómez Mendoza,Cedula,001-1004672-3,809-772-5672,valeria.gomez.4672@email.do
4674,Ricardo Jiménez Medina,Cedula,001-1004673-4,829-773-5673,ricardo.jimenez.4673@email.do
4675,Andrea Gutiérrez Guerrero,Cedula,001-1004674-5,829-774-5674,andrea.gutierrez.4674@email.do
4676,Claudia Cabrera Torres,Cedula,001-1004675-6,809-775-5675,claudia.cabrera.4675@vimenca-demo.local
4677,Rosa García Rodríguez,Cedula,001-1004676-7,849-776-5676,rosa.garcia.4676@correo.com.do
4678,Miguel Mendoza Rojas,Cedula,001-1004677-8,829-777-5677,miguel.mendoza.4677@cliente.test
4679,Gabriela Gutiérrez Rivera,Cedula,001-1004678-9,829-778-5678,gabriela.gutierrez.4678@correo.com.do
4680,Jorge Sánchez Flores,Cedula,001-1004679-1,829-779-5679,jorge.sanchez.4679@vimenca-demo.local
4681,Alejandro Flores Flores,Cedula,001-1004680-2,809-780-5680,alejandro.flores.4680@cliente.test
4682,Andrea Ramírez Guerrero,Cedula,001-1004681-3,849-781-5681,andrea.ramirez.4681@vimenca-demo.local
4683,Miguel Ortiz Jiménez,Cedula,001-1004682-4,829-782-5682,miguel.ortiz.4682@email.do
4684,Natalia Pérez García,Cedula,001-1004683-5,809-783-5683,natalia.perez.4683@vimenca-demo.local
4685,Yolanda Pérez González,Cedula,001-1004684-6,849-784-5684,yolanda.perez.4684@cliente.test
4686,Camila Castillo Flores,Cedula,001-1004685-7,849-785-5685,camila.castillo.4685@cliente.test
4687,Paola Hernández Morales,Cedula,001-1004686-8,849-786-5686,paola.hernandez.4686@email.do
4688,Yolanda Rodríguez Rivera,Cedula,001-1004687-9,829-787-5687,yolanda.rodriguez.4687@vimenca-demo.local
4689,Karina Mendoza González,Cedula,001-1004688-1,809-788-5688,karina.mendoza.4688@cliente.test
4690,Elena Guerrero Reyes,Cedula,001-1004689-2,829-789-5689,elena.guerrero.4689@email.do
4691,Ricardo Torres Rodríguez,Cedula,001-1004690-3,849-790-5690,ricardo.torres.4690@correo.com.do
4692,Yolanda Ruiz Romero,Cedula,001-1004691-4,849-791-5691,yolanda.ruiz.4691@cliente.test
4693,Sánchez & Flores SRL,RNC,1300004692,809-792-5692,valeria.sanchez.4692@email.do
4694,Natalia Vargas Torres,Cedula,001-1004693-6,809-793-5693,natalia.vargas.4693@cliente.test
4695,Lucía Torres Torres,Cedula,001-1004694-7,809-794-5694,lucia.torres.4694@correo.com.do
4696,Andrés Vargas Castillo,Cedula,001-1004695-8,809-795-5695,andres.vargas.4695@cliente.test
4697,Fernando Peña Guerrero,Cedula,001-1004696-9,849-796-5696,fernando.peña.4696@email.do
4698,Laura Sánchez Gutiérrez,Cedula,001-1004697-1,849-797-5697,laura.sanchez.4697@correo.com.do
4699,Paola Ruiz Peña,Cedula,001-1004698-2,809-798-5698,paola.ruiz.4698@email.do
4700,Manuel Pérez Rodríguez,Cedula,001-1004699-3,809-799-5699,manuel.perez.4699@correo.com.do
4701,Ana Torres Sánchez,Cedula,001-1004700-4,809-800-5700,ana.torres.4700@correo.com.do
4702,Miguel Mendoza Gutiérrez,Cedula,001-1004701-5,829-801-5701,miguel.mendoza.4701@cliente.test
4703,Óscar Cruz Pérez,Cedula,001-1004702-6,809-802-5702,oscar.cruz.4702@correo.com.do
4704,Camila Guerrero Vargas,Cedula,001-1004703-7,849-803-5703,camila.guerrero.4703@cliente.test
4705,Ricardo Pérez García,Cedula,001-1004704-8,829-804-5704,ricardo.perez.4704@correo.com.do
4706,Carmen Díaz Cruz,Cedula,001-1004705-9,829-805-5705,carmen.diaz.4705@correo.com.do
4707,Luis Peña Romero,Cedula,001-1004706-1,849-806-5706,luis.peña.4706@email.do
4708,Diana Peña Gómez,Cedula,001-1004707-2,849-807-5707,diana.peña.4707@email.do
4709,Pedro Hernández Gutiérrez,Cedula,001-1004708-3,829-808-5708,pedro.hernandez.4708@correo.com.do
4710,Elena Morales Medina,Cedula,001-1004709-4,809-809-5709,elena.morales.4709@email.do
4711,Daniel Rivera Morales,Cedula,001-1004710-5,849-810-5710,daniel.rivera.4710@vimenca-demo.local
4712,Rafael Rodríguez García,Cedula,001-1004711-6,849-811-5711,rafael.rodriguez.4711@email.do
4713,José Reyes Guerrero,Cedula,001-1004712-7,809-812-5712,jose.reyes.4712@cliente.test
4714,Juan Díaz Guerrero,Cedula,001-1004713-8,829-813-5713,juan.diaz.4713@vimenca-demo.local
4715,Karina Cruz Reyes,Cedula,001-1004714-9,829-814-5714,karina.cruz.4714@correo.com.do
4716,José Cabrera Mendoza,Cedula,001-1004715-1,829-815-5715,jose.cabrera.4715@correo.com.do
4717,Óscar Cabrera Castillo,Cedula,001-1004716-2,829-816-5716,oscar.cabrera.4716@cliente.test
4718,Elena Martínez Martínez,Cedula,001-1004717-3,849-817-5717,elena.martinez.4717@correo.com.do
4719,Fernando Peña Díaz,Cedula,001-1004718-4,809-818-5718,fernando.peña.4718@vimenca-demo.local
4720,Pedro Mendoza Guerrero,Cedula,001-1004719-5,829-819-5719,pedro.mendoza.4719@email.do
4721,Juan Medina Reyes,Cedula,001-1004720-6,809-820-5720,juan.medina.4720@vimenca-demo.local
4722,Fernando Jiménez Guerrero,Cedula,001-1004721-7,849-821-5721,fernando.jimenez.4721@vimenca-demo.local
4723,Gabriela Rodríguez Gutiérrez,Cedula,001-1004722-8,829-822-5722,gabriela.rodriguez.4722@correo.com.do
4724,Natalia Alvarez Ramírez,Cedula,001-1004723-9,829-823-5723,natalia.alvarez.4723@cliente.test
4725,Natalia Ramírez Rivera,Cedula,001-1004724-1,829-824-5724,natalia.ramirez.4724@email.do
4726,Andrea Romero Hernández,Cedula,001-1004725-2,809-825-5725,andrea.romero.4725@cliente.test
4727,Ricardo Jiménez Reyes,Cedula,001-1004726-3,849-826-5726,ricardo.jimenez.4726@correo.com.do
4728,Patricia Ruiz Morales,Cedula,001-1004727-4,829-827-5727,patricia.ruiz.4727@correo.com.do
4729,Lucía Castillo Castillo,Cedula,001-1004728-5,849-828-5728,lucia.castillo.4728@cliente.test
4730,Miguel Díaz García,Cedula,001-1004729-6,849-829-5729,miguel.diaz.4729@vimenca-demo.local
4731,Óscar Sánchez Díaz,Cedula,001-1004730-7,809-830-5730,oscar.sanchez.4730@cliente.test
4732,Paola Reyes Cabrera,Cedula,001-1004731-8,809-831-5731,paola.reyes.4731@cliente.test
4733,Yolanda Torres González,Cedula,001-1004732-9,809-832-5732,yolanda.torres.4732@correo.com.do
4734,Francisco Morales Cabrera,Cedula,001-1004733-1,829-833-5733,francisco.morales.4733@vimenca-demo.local
4735,Lucía Hernández Ruiz,Cedula,001-1004734-2,829-834-5734,lucia.hernandez.4734@email.do
4736,Juan Rivera Martínez,Cedula,001-1004735-3,849-835-5735,juan.rivera.4735@correo.com.do
4737,Alejandro Peña González,Cedula,001-1004736-4,829-836-5736,alejandro.peña.4736@correo.com.do
4738,Alejandro Gómez Gutiérrez,Cedula,001-1004737-5,809-837-5737,alejandro.gomez.4737@vimenca-demo.local
4739,Pablo Ortiz Reyes,Cedula,001-1004738-6,849-838-5738,pablo.ortiz.4738@vimenca-demo.local
4740,Pedro Castillo Romero,Cedula,001-1004739-7,829-839-5739,pedro.castillo.4739@email.do
4741,Diana Cruz Jiménez,Cedula,001-1004740-8,809-840-5740,diana.cruz.4740@email.do
4742,Rafael Ruiz Castillo,Cedula,001-1004741-9,829-841-5741,rafael.ruiz.4741@email.do
4743,Pedro Jiménez Mendoza,Cedula,001-1004742-1,809-842-5742,pedro.jimenez.4742@cliente.test
4744,Óscar Flores Sánchez,Cedula,001-1004743-2,809-843-5743,oscar.flores.4743@email.do
4745,Yolanda Ortiz Gómez,Cedula,001-1004744-3,829-844-5744,yolanda.ortiz.4744@correo.com.do
4746,Luis Medina Mendoza,Cedula,001-1004745-4,849-845-5745,luis.medina.4745@vimenca-demo.local
4747,Alejandro Flores Peña,Cedula,001-1004746-5,809-846-5746,alejandro.flores.4746@email.do
4748,Natalia Díaz Castillo,Cedula,001-1004747-6,829-847-5747,natalia.diaz.4747@vimenca-demo.local
4749,Isabella Guerrero Guerrero,Cedula,001-1004748-7,829-848-5748,isabella.guerrero.4748@correo.com.do
4750,Óscar Alvarez Gutiérrez,Cedula,001-1004749-8,809-849-5749,oscar.alvarez.4749@email.do
4751,Paola González González,Cedula,001-1004750-9,829-850-5750,paola.gonzalez.4750@vimenca-demo.local
4752,Juan Mendoza Hernández,Cedula,001-1004751-1,849-851-5751,juan.mendoza.4751@correo.com.do
4753,Luis Martínez Vargas,Cedula,001-1004752-2,809-852-5752,luis.martinez.4752@cliente.test
4754,David Morales Flores,Cedula,001-1004753-3,829-853-5753,david.morales.4753@correo.com.do
4755,María Ramírez Guerrero,Cedula,001-1004754-4,829-854-5754,maria.ramirez.4754@email.do
4756,Gabriela Sánchez Gutiérrez,Cedula,001-1004755-5,849-855-5755,gabriela.sanchez.4755@email.do
4757,Claudia Gómez Cabrera,Cedula,001-1004756-6,809-856-5756,claudia.gomez.4756@vimenca-demo.local
4758,Luis Martínez Ortiz,Cedula,001-1004757-7,809-857-5757,luis.martinez.4757@email.do
4759,Valeria Mendoza Reyes,Cedula,001-1004758-8,809-858-5758,valeria.mendoza.4758@email.do
4760,Francisco Morales Martínez,Cedula,001-1004759-9,849-859-5759,francisco.morales.4759@cliente.test
4761,Alejandro García Ortiz,Cedula,001-1004760-1,809-860-5760,alejandro.garcia.4760@correo.com.do
4762,Jorge Ruiz Vargas,Cedula,001-1004761-2,809-861-5761,jorge.ruiz.4761@correo.com.do
4763,Andrés Hernández Díaz,Cedula,001-1004762-3,849-862-5762,andres.hernandez.4762@correo.com.do
4764,Ana Rojas Reyes,Cedula,001-1004763-4,849-863-5763,ana.rojas.4763@correo.com.do
4765,Pedro Gómez Sánchez,Cedula,001-1004764-5,809-864-5764,pedro.gomez.4764@cliente.test
4766,Carlos Romero Díaz,Cedula,001-1004765-6,829-865-5765,carlos.romero.4765@email.do
4767,Luis Guerrero Hernández,Cedula,001-1004766-7,809-866-5766,luis.guerrero.4766@email.do
4768,Carlos Rodríguez Reyes,Cedula,001-1004767-8,829-867-5767,carlos.rodriguez.4767@correo.com.do
4769,Karina Gómez Castillo,Cedula,001-1004768-9,809-868-5768,karina.gomez.4768@correo.com.do
4770,Gabriela Flores Cabrera,Cedula,001-1004769-1,849-869-5769,gabriela.flores.4769@correo.com.do
4771,Paola Medina Rivera,Cedula,001-1004770-2,849-870-5770,paola.medina.4770@vimenca-demo.local
4772,Diana Torres Medina,Cedula,001-1004771-3,849-871-5771,diana.torres.4771@email.do
4773,Lucía Reyes Morales,Cedula,001-1004772-4,829-872-5772,lucia.reyes.4772@email.do
4774,Jorge González Jiménez,Cedula,001-1004773-5,829-873-5773,jorge.gonzalez.4773@vimenca-demo.local
4775,Gabriela Alvarez Pérez,Cedula,001-1004774-6,849-874-5774,gabriela.alvarez.4774@cliente.test
4776,Pedro Jiménez Medina,Cedula,001-1004775-7,829-875-5775,pedro.jimenez.4775@email.do
4777,Carmen Medina Rivera,Cedula,001-1004776-8,809-876-5776,carmen.medina.4776@correo.com.do
4778,Miguel Rodríguez Flores,Cedula,001-1004777-9,809-877-5777,miguel.rodriguez.4777@vimenca-demo.local
4779,Manuel Díaz Alvarez,Cedula,001-1004778-1,809-878-5778,manuel.diaz.4778@cliente.test
4780,Ana Martínez Reyes,Cedula,001-1004779-2,809-879-5779,ana.martinez.4779@vimenca-demo.local
4781,Alejandro Reyes Flores,Cedula,001-1004780-3,829-880-5780,alejandro.reyes.4780@email.do
4782,Manuel Morales Gutiérrez,Cedula,001-1004781-4,829-881-5781,manuel.morales.4781@correo.com.do
4783,Elena Ruiz Morales,Cedula,001-1004782-5,849-882-5782,elena.ruiz.4782@correo.com.do
4784,Óscar Reyes Ramírez,Cedula,001-1004783-6,849-883-5783,oscar.reyes.4783@email.do
4785,Valeria Cabrera Rivera,Cedula,001-1004784-7,849-884-5784,valeria.cabrera.4784@email.do
4786,Rosa Sánchez Gómez,Cedula,001-1004785-8,829-885-5785,rosa.sanchez.4785@email.do
4787,Rosa Cruz Peña,Cedula,001-1004786-9,849-886-5786,rosa.cruz.4786@email.do
4788,Luis Gómez Gómez,Cedula,001-1004787-1,829-887-5787,luis.gomez.4787@correo.com.do
4789,Iván Peña Flores,Cedula,001-1004788-2,829-888-5788,ivan.peña.4788@correo.com.do
4790,Alejandro Reyes Jiménez,Cedula,001-1004789-3,829-889-5789,alejandro.reyes.4789@vimenca-demo.local
4791,Pedro Díaz Cruz,Cedula,001-1004790-4,809-890-5790,pedro.diaz.4790@email.do
4792,Paola Sánchez Romero,Cedula,001-1004791-5,849-891-5791,paola.sanchez.4791@correo.com.do
4793,Carlos Ruiz Peña,Cedula,001-1004792-6,829-892-5792,carlos.ruiz.4792@vimenca-demo.local
4794,Rafael Rodríguez Ortiz,Cedula,001-1004793-7,849-893-5793,rafael.rodriguez.4793@vimenca-demo.local
4795,José Castillo Jiménez,Cedula,001-1004794-8,809-894-5794,jose.castillo.4794@correo.com.do
4796,Rafael Martínez Pérez,Cedula,001-1004795-9,849-895-5795,rafael.martinez.4795@cliente.test
4797,Ricardo Pérez Jiménez,Cedula,001-1004796-1,809-896-5796,ricardo.perez.4796@correo.com.do
4798,David Medina Rivera,Cedula,001-1004797-2,849-897-5797,david.medina.4797@cliente.test
4799,Ricardo Rodríguez Castillo,Cedula,001-1004798-3,809-898-5798,ricardo.rodriguez.4798@email.do
4800,José Cruz Mendoza,Cedula,001-1004799-4,809-899-5799,jose.cruz.4799@vimenca-demo.local
4801,Daniel Guerrero Peña,Cedula,001-1004800-5,849-500-5800,daniel.guerrero.4800@vimenca-demo.local
4802,Pedro Castillo Sánchez,Cedula,001-1004801-6,809-501-5801,pedro.castillo.4801@correo.com.do
4803,Francisco Sánchez Reyes,Cedula,001-1004802-7,849-502-5802,francisco.sanchez.4802@vimenca-demo.local
4804,Jorge Rojas Rodríguez,Cedula,001-1004803-8,809-503-5803,jorge.rojas.4803@correo.com.do
4805,Héctor Alvarez Medina,Cedula,001-1004804-9,809-504-5804,hector.alvarez.4804@correo.com.do
4806,Daniel Pérez Gómez,Cedula,001-1004805-1,849-505-5805,daniel.perez.4805@email.do
4807,Ana Peña Cabrera,Cedula,001-1004806-2,849-506-5806,ana.peña.4806@vimenca-demo.local
4808,Karina Flores Reyes,Cedula,001-1004807-3,809-507-5807,karina.flores.4807@vimenca-demo.local
4809,Iván Rivera Rodríguez,Cedula,001-1004808-4,809-508-5808,ivan.rivera.4808@cliente.test
4810,Iván Mendoza Ramírez,Cedula,001-1004809-5,829-509-5809,ivan.mendoza.4809@email.do
4811,Yolanda Ruiz Rodríguez,Cedula,001-1004810-6,849-510-5810,yolanda.ruiz.4810@vimenca-demo.local
4812,Karina Castillo Díaz,Cedula,001-1004811-7,809-511-5811,karina.castillo.4811@correo.com.do
4813,Miguel Rodríguez García,Cedula,001-1004812-8,829-512-5812,miguel.rodriguez.4812@cliente.test
4814,Claudia Ramírez Rivera,Cedula,001-1004813-9,809-513-5813,claudia.ramirez.4813@correo.com.do
4815,Karina Pérez García,Cedula,001-1004814-1,829-514-5814,karina.perez.4814@vimenca-demo.local
4816,Francisco Rodríguez Cabrera,Cedula,001-1004815-2,829-515-5815,francisco.rodriguez.4815@email.do
4817,Carlos Gutiérrez Jiménez,Cedula,001-1004816-3,809-516-5816,carlos.gutierrez.4816@vimenca-demo.local
4818,Miguel Ruiz Rivera,Cedula,001-1004817-4,809-517-5817,miguel.ruiz.4817@correo.com.do
4819,David Cabrera Jiménez,Cedula,001-1004818-5,849-518-5818,david.cabrera.4818@email.do
4820,Jorge Díaz Alvarez,Cedula,001-1004819-6,829-519-5819,jorge.diaz.4819@email.do
4821,Paola Gómez González,Cedula,001-1004820-7,829-520-5820,paola.gomez.4820@correo.com.do
4822,Ricardo Martínez Rodríguez,Cedula,001-1004821-8,829-521-5821,ricardo.martinez.4821@correo.com.do
4823,Isabella Hernández Hernández,Cedula,001-1004822-9,849-522-5822,isabella.hernandez.4822@correo.com.do
4824,José Cruz Hernández,Cedula,001-1004823-1,849-523-5823,jose.cruz.4823@cliente.test
4825,Luis Martínez Ruiz,Cedula,001-1004824-2,849-524-5824,luis.martinez.4824@cliente.test
4826,Iván Ortiz Flores,Cedula,001-1004825-3,849-525-5825,ivan.ortiz.4825@correo.com.do
4827,Sofía Ortiz Gutiérrez,Cedula,001-1004826-4,849-526-5826,sofia.ortiz.4826@vimenca-demo.local
4828,Francisco Mendoza Cabrera,Cedula,001-1004827-5,849-527-5827,francisco.mendoza.4827@email.do
4829,Carmen Hernández Rojas,Cedula,001-1004828-6,829-528-5828,carmen.hernandez.4828@vimenca-demo.local
4830,Karina Mendoza Díaz,Cedula,001-1004829-7,809-529-5829,karina.mendoza.4829@email.do
4831,Juan Cruz Ortiz,Cedula,001-1004830-8,829-530-5830,juan.cruz.4830@cliente.test
4832,María Gómez Gómez,Cedula,001-1004831-9,809-531-5831,maria.gomez.4831@correo.com.do
4833,María Vargas Díaz,Cedula,001-1004832-1,809-532-5832,maria.vargas.4832@correo.com.do
4834,Isabella Ramírez Cruz,Cedula,001-1004833-2,829-533-5833,isabella.ramirez.4833@vimenca-demo.local
4835,Francisco Cabrera Cruz,Cedula,001-1004834-3,829-534-5834,francisco.cabrera.4834@email.do
4836,Rafael Reyes Ruiz,Cedula,001-1004835-4,809-535-5835,rafael.reyes.4835@vimenca-demo.local
4837,Karina Rodríguez Vargas,Cedula,001-1004836-5,849-536-5836,karina.rodriguez.4836@email.do
4838,Paola Mendoza Alvarez,Cedula,001-1004837-6,809-537-5837,paola.mendoza.4837@email.do
4839,Patricia Rivera Gómez,Cedula,001-1004838-7,809-538-5838,patricia.rivera.4838@correo.com.do
4840,Juan Romero Medina,Cedula,001-1004839-8,849-539-5839,juan.romero.4839@correo.com.do
4841,Carlos Vargas Cabrera,Cedula,001-1004840-9,849-540-5840,carlos.vargas.4840@cliente.test
4842,Carlos Díaz Torres,Cedula,001-1004841-1,849-541-5841,carlos.diaz.4841@correo.com.do
4843,Andrea Ruiz Peña,Cedula,001-1004842-2,849-542-5842,andrea.ruiz.4842@cliente.test
4844,Valeria Torres García,Cedula,001-1004843-3,809-543-5843,valeria.torres.4843@email.do
4845,Pedro Cruz Cruz,Cedula,001-1004844-4,809-544-5844,pedro.cruz.4844@cliente.test
4846,Francisco Jiménez Peña,Cedula,001-1004845-5,829-545-5845,francisco.jimenez.4845@correo.com.do
4847,David Peña Peña,Cedula,001-1004846-6,829-546-5846,david.peña.4846@cliente.test
4848,Paola Ruiz Medina,Cedula,001-1004847-7,829-547-5847,paola.ruiz.4847@cliente.test
4849,Paola Rojas Sánchez,Cedula,001-1004848-8,809-548-5848,paola.rojas.4848@correo.com.do
4850,Karina Romero Hernández,Cedula,001-1004849-9,829-549-5849,karina.romero.4849@cliente.test
4851,María Cruz Rodríguez,Cedula,001-1004850-1,809-550-5850,maria.cruz.4850@email.do
4852,Héctor Castillo Medina,Cedula,001-1004851-2,809-551-5851,hector.castillo.4851@email.do
4853,Manuel Reyes Díaz,Cedula,001-1004852-3,849-552-5852,manuel.reyes.4852@vimenca-demo.local
4854,Ana Martínez Flores,Cedula,001-1004853-4,829-553-5853,ana.martinez.4853@cliente.test
4855,José Mendoza Jiménez,Cedula,001-1004854-5,809-554-5854,jose.mendoza.4854@email.do
4856,Iván Pérez Martínez,Cedula,001-1004855-6,809-555-5855,ivan.perez.4855@vimenca-demo.local
4857,Patricia Mendoza Alvarez,Cedula,001-1004856-7,809-556-5856,patricia.mendoza.4856@correo.com.do
4858,Carmen Morales Mendoza,Cedula,001-1004857-8,809-557-5857,carmen.morales.4857@email.do
4859,Yolanda Romero Castillo,Cedula,001-1004858-9,809-558-5858,yolanda.romero.4858@email.do
4860,Jorge Peña Peña,Cedula,001-1004859-1,849-559-5859,jorge.peña.4859@correo.com.do
4861,Paola Peña Ortiz,Cedula,001-1004860-2,849-560-5860,paola.peña.4860@correo.com.do
4862,Alejandro Hernández Pérez,Cedula,001-1004861-3,809-561-5861,alejandro.hernandez.4861@cliente.test
4863,Andrés Gutiérrez Morales,Cedula,001-1004862-4,849-562-5862,andres.gutierrez.4862@email.do
4864,Alejandro Gómez Ruiz,Cedula,001-1004863-5,849-563-5863,alejandro.gomez.4863@correo.com.do
4865,Karina Cabrera Gómez,Cedula,001-1004864-6,849-564-5864,karina.cabrera.4864@cliente.test
4866,Gabriela Sánchez Mendoza,Cedula,001-1004865-7,829-565-5865,gabriela.sanchez.4865@correo.com.do
4867,Natalia Gutiérrez Rodríguez,Cedula,001-1004866-8,829-566-5866,natalia.gutierrez.4866@correo.com.do
4868,Sofía Ortiz Ruiz,Cedula,001-1004867-9,809-567-5867,sofia.ortiz.4867@email.do
4869,Natalia Cruz Jiménez,Cedula,001-1004868-1,849-568-5868,natalia.cruz.4868@email.do
4870,Karina Ortiz Cabrera,Cedula,001-1004869-2,849-569-5869,karina.ortiz.4869@email.do
4871,Elena Gómez Cabrera,Cedula,001-1004870-3,809-570-5870,elena.gomez.4870@vimenca-demo.local
4872,Rafael Gutiérrez González,Cedula,001-1004871-4,849-571-5871,rafael.gutierrez.4871@email.do
4873,Gabriela Sánchez García,Cedula,001-1004872-5,809-572-5872,gabriela.sanchez.4872@correo.com.do
4874,Natalia Ramírez Jiménez,Cedula,001-1004873-6,849-573-5873,natalia.ramirez.4873@vimenca-demo.local
4875,Francisco Vargas Peña,Cedula,001-1004874-7,809-574-5874,francisco.vargas.4874@email.do
4876,Manuel Rodríguez Flores,Cedula,001-1004875-8,829-575-5875,manuel.rodriguez.4875@correo.com.do
4877,Elena Ortiz Flores,Cedula,001-1004876-9,849-576-5876,elena.ortiz.4876@email.do
4878,Francisco Peña Romero,Cedula,001-1004877-1,809-577-5877,francisco.peña.4877@correo.com.do
4879,Héctor Díaz Hernández,Cedula,001-1004878-2,849-578-5878,hector.diaz.4878@email.do
4880,Juan Castillo González,Cedula,001-1004879-3,809-579-5879,juan.castillo.4879@correo.com.do
4881,Carlos Vargas Ramírez,Cedula,001-1004880-4,829-580-5880,carlos.vargas.4880@correo.com.do
4882,Manuel Torres Rojas,Cedula,001-1004881-5,809-581-5881,manuel.torres.4881@email.do
4883,Iván Ortiz Díaz,Cedula,001-1004882-6,849-582-5882,ivan.ortiz.4882@email.do
4884,Rafael Torres Díaz,Cedula,001-1004883-7,809-583-5883,rafael.torres.4883@email.do
4885,Francisco Gutiérrez Martínez,Cedula,001-1004884-8,829-584-5884,francisco.gutierrez.4884@cliente.test
4886,Luis Morales Flores,Cedula,001-1004885-9,809-585-5885,luis.morales.4885@cliente.test
4887,Juan Castillo Guerrero,Cedula,001-1004886-1,829-586-5886,juan.castillo.4886@correo.com.do
4888,Yolanda Torres Peña,Cedula,001-1004887-2,829-587-5887,yolanda.torres.4887@cliente.test
4889,Pablo Díaz Cruz,Cedula,001-1004888-3,849-588-5888,pablo.diaz.4888@correo.com.do
4890,Andrea Torres González,Cedula,001-1004889-4,849-589-5889,andrea.torres.4889@correo.com.do
4891,José Vargas Sánchez,Cedula,001-1004890-5,829-590-5890,jose.vargas.4890@correo.com.do
4892,Miguel Ortiz Rivera,Cedula,001-1004891-6,849-591-5891,miguel.ortiz.4891@cliente.test
4893,Carlos Rojas Sánchez,Cedula,001-1004892-7,809-592-5892,carlos.rojas.4892@email.do
4894,José Flores Torres,Cedula,001-1004893-8,809-593-5893,jose.flores.4893@vimenca-demo.local
4895,Claudia Cruz Cruz,Cedula,001-1004894-9,809-594-5894,claudia.cruz.4894@email.do
4896,Paola Martínez Medina,Cedula,001-1004895-1,809-595-5895,paola.martinez.4895@email.do
4897,Héctor Ortiz García,Cedula,001-1004896-2,829-596-5896,hector.ortiz.4896@correo.com.do
4898,Fernando Ruiz Cabrera,Cedula,001-1004897-3,829-597-5897,fernando.ruiz.4897@vimenca-demo.local
4899,Fernando Reyes Alvarez,Cedula,001-1004898-4,829-598-5898,fernando.reyes.4898@correo.com.do
4900,Patricia Mendoza Cruz,Cedula,001-1004899-5,809-599-5899,patricia.mendoza.4899@email.do
4901,Paola Gutiérrez Medina,Cedula,001-1004900-6,829-600-5900,paola.gutierrez.4900@cliente.test
4902,Alejandro Rodríguez Rivera,Cedula,001-1004901-7,829-601-5901,alejandro.rodriguez.4901@vimenca-demo.local
4903,Rosa Vargas Rodríguez,Cedula,001-1004902-8,829-602-5902,rosa.vargas.4902@cliente.test
4904,Fernando Ramírez Castillo,Cedula,001-1004903-9,849-603-5903,fernando.ramirez.4903@vimenca-demo.local
4905,Carmen Mendoza Torres,Cedula,001-1004904-1,829-604-5904,carmen.mendoza.4904@cliente.test
4906,Juan Rivera Vargas,Cedula,001-1004905-2,809-605-5905,juan.rivera.4905@cliente.test
4907,Pablo Ramírez González,Cedula,001-1004906-3,829-606-5906,pablo.ramirez.4906@email.do
4908,Francisco Morales Cabrera,Cedula,001-1004907-4,809-607-5907,francisco.morales.4907@correo.com.do
4909,Diana González Flores,Cedula,001-1004908-5,829-608-5908,diana.gonzalez.4908@email.do
4910,Francisco Peña Guerrero,Cedula,001-1004909-6,849-609-5909,francisco.peña.4909@vimenca-demo.local
4911,Natalia Mendoza Gómez,Cedula,001-1004910-7,849-610-5910,natalia.mendoza.4910@vimenca-demo.local
4912,Manuel Pérez Castillo,Cedula,001-1004911-8,849-611-5911,manuel.perez.4911@correo.com.do
4913,Isabella Jiménez Castillo,Cedula,001-1004912-9,849-612-5912,isabella.jimenez.4912@correo.com.do
4914,Claudia Peña Morales,Cedula,001-1004913-1,849-613-5913,claudia.peña.4913@email.do
4915,Sofía Romero Rivera,Cedula,001-1004914-2,849-614-5914,sofia.romero.4914@correo.com.do
4916,Yolanda Hernández Castillo,Cedula,001-1004915-3,829-615-5915,yolanda.hernandez.4915@cliente.test
4917,Patricia Ramírez Ruiz,Cedula,001-1004916-4,809-616-5916,patricia.ramirez.4916@vimenca-demo.local
4918,Francisco Romero Rivera,Cedula,001-1004917-5,809-617-5917,francisco.romero.4917@cliente.test
4919,Alejandro Castillo Rodríguez,Cedula,001-1004918-6,849-618-5918,alejandro.castillo.4918@vimenca-demo.local
4920,Sofía Torres Torres,Cedula,001-1004919-7,809-619-5919,sofia.torres.4919@vimenca-demo.local
4921,Carlos Medina Mendoza,Cedula,001-1004920-8,809-620-5920,carlos.medina.4920@email.do
4922,Pedro Mendoza Guerrero,Cedula,001-1004921-9,849-621-5921,pedro.mendoza.4921@vimenca-demo.local
4923,Lucía Ortiz Cruz,Cedula,001-1004922-1,829-622-5922,lucia.ortiz.4922@correo.com.do
4924,Elena Díaz Rojas,Cedula,001-1004923-2,849-623-5923,elena.diaz.4923@cliente.test
4925,Ricardo Peña Mendoza,Cedula,001-1004924-3,829-624-5924,ricardo.peña.4924@vimenca-demo.local
4926,David Medina Reyes,Cedula,001-1004925-4,849-625-5925,david.medina.4925@cliente.test
4927,Elena Romero Alvarez,Cedula,001-1004926-5,809-626-5926,elena.romero.4926@vimenca-demo.local
4928,Alejandro Torres Morales,Cedula,001-1004927-6,849-627-5927,alejandro.torres.4927@vimenca-demo.local
4929,Gabriela Rojas Flores,Cedula,001-1004928-7,829-628-5928,gabriela.rojas.4928@cliente.test
4930,Yolanda Alvarez Gutiérrez,Cedula,001-1004929-8,809-629-5929,yolanda.alvarez.4929@cliente.test
4931,Óscar Ramírez Cabrera,Cedula,001-1004930-9,809-630-5930,oscar.ramirez.4930@vimenca-demo.local
4932,Pedro Sánchez Gómez,Cedula,001-1004931-1,829-631-5931,pedro.sanchez.4931@vimenca-demo.local
4933,José Ruiz Mendoza,Cedula,001-1004932-2,849-632-5932,jose.ruiz.4932@correo.com.do
4934,David Peña Guerrero,Cedula,001-1004933-3,849-633-5933,david.peña.4933@vimenca-demo.local
4935,Pedro Guerrero Gómez,Cedula,001-1004934-4,829-634-5934,pedro.guerrero.4934@email.do
4936,Yolanda González Gómez,Cedula,001-1004935-5,849-635-5935,yolanda.gonzalez.4935@vimenca-demo.local
4937,Ricardo Cruz Rivera,Cedula,001-1004936-6,809-636-5936,ricardo.cruz.4936@cliente.test
4938,Andrés Rojas Peña,Cedula,001-1004937-7,809-637-5937,andres.rojas.4937@email.do
4939,Pablo Rojas Flores,Cedula,001-1004938-8,809-638-5938,pablo.rojas.4938@email.do
4940,Alejandro Alvarez Mendoza,Cedula,001-1004939-9,829-639-5939,alejandro.alvarez.4939@correo.com.do
4941,Ana Cruz Pérez,Cedula,001-1004940-1,809-640-5940,ana.cruz.4940@vimenca-demo.local
4942,Valeria Vargas Ruiz,Cedula,001-1004941-2,809-641-5941,valeria.vargas.4941@email.do
4943,María Morales Guerrero,Cedula,001-1004942-3,829-642-5942,maria.morales.4942@correo.com.do
4944,Daniel Cabrera Rivera,Cedula,001-1004943-4,849-643-5943,daniel.cabrera.4943@email.do
4945,Luis Reyes Hernández,Cedula,001-1004944-5,809-644-5944,luis.reyes.4944@cliente.test
4946,Pablo Torres Pérez,Cedula,001-1004945-6,809-645-5945,pablo.torres.4945@correo.com.do
4947,Andrea Vargas Castillo,Cedula,001-1004946-7,829-646-5946,andrea.vargas.4946@correo.com.do
4948,Lucía Guerrero Díaz,Cedula,001-1004947-8,809-647-5947,lucia.guerrero.4947@email.do
4949,Andrés Martínez Díaz,Cedula,001-1004948-9,809-648-5948,andres.martinez.4948@cliente.test
4950,Natalia Flores Gómez,Cedula,001-1004949-1,809-649-5949,natalia.flores.4949@email.do
4951,Alejandro Guerrero Castillo,Cedula,001-1004950-2,849-650-5950,alejandro.guerrero.4950@vimenca-demo.local
4952,Ana Morales Cabrera,Cedula,001-1004951-3,829-651-5951,ana.morales.4951@cliente.test
4953,Elena Rojas Castillo,Cedula,001-1004952-4,809-652-5952,elena.rojas.4952@cliente.test
4954,Andrés Ortiz Ramírez,Cedula,001-1004953-5,849-653-5953,andres.ortiz.4953@email.do
4955,José Mendoza Gutiérrez,Cedula,001-1004954-6,829-654-5954,jose.mendoza.4954@cliente.test
4956,Manuel Torres Cabrera,Cedula,001-1004955-7,829-655-5955,manuel.torres.4955@cliente.test
4957,Iván González Hernández,Cedula,001-1004956-8,829-656-5956,ivan.gonzalez.4956@cliente.test
4958,Daniel Morales Ramírez,Cedula,001-1004957-9,829-657-5957,daniel.morales.4957@email.do
4959,Juan Pérez Flores,Cedula,001-1004958-1,849-658-5958,juan.perez.4958@correo.com.do
4960,Carlos Peña Alvarez,Cedula,001-1004959-2,809-659-5959,carlos.peña.4959@vimenca-demo.local
4961,Iván Peña Ruiz,Cedula,001-1004960-3,809-660-5960,ivan.peña.4960@correo.com.do
4962,Alejandro Gómez Vargas,Cedula,001-1004961-4,809-661-5961,alejandro.gomez.4961@correo.com.do
4963,José Peña González,Cedula,001-1004962-5,849-662-5962,jose.peña.4962@cliente.test
4964,Ana Romero González,Cedula,001-1004963-6,829-663-5963,ana.romero.4963@correo.com.do
4965,Ana Gómez Reyes,Cedula,001-1004964-7,809-664-5964,ana.gomez.4964@email.do
4966,Óscar García Jiménez,Cedula,001-1004965-8,809-665-5965,oscar.garcia.4965@vimenca-demo.local
4967,Paola Mendoza Medina,Cedula,001-1004966-9,809-666-5966,paola.mendoza.4966@correo.com.do
4968,Fernando Gutiérrez Medina,Cedula,001-1004967-1,829-667-5967,fernando.gutierrez.4967@correo.com.do
4969,María Peña Rodríguez,Cedula,001-1004968-2,809-668-5968,maria.peña.4968@email.do
4970,Carmen Cruz Jiménez,Cedula,001-1004969-3,829-669-5969,carmen.cruz.4969@vimenca-demo.local
4971,Manuel Gutiérrez Alvarez,Cedula,001-1004970-4,809-670-5970,manuel.gutierrez.4970@cliente.test
4972,José Jiménez Vargas,Cedula,001-1004971-5,849-671-5971,jose.jimenez.4971@email.do
4973,Isabella Medina Torres,Cedula,001-1004972-6,809-672-5972,isabella.medina.4972@vimenca-demo.local
4974,Alejandro Jiménez Díaz,Cedula,001-1004973-7,809-673-5973,alejandro.jimenez.4973@email.do
4975,Manuel Sánchez González,Cedula,001-1004974-8,809-674-5974,manuel.sanchez.4974@cliente.test
4976,Claudia Ramírez Cabrera,Cedula,001-1004975-9,809-675-5975,claudia.ramirez.4975@email.do
4977,Diana Díaz Rojas,Cedula,001-1004976-1,849-676-5976,diana.diaz.4976@cliente.test
4978,Patricia Medina Díaz,Cedula,001-1004977-2,809-677-5977,patricia.medina.4977@email.do
4979,Patricia Morales Morales,Cedula,001-1004978-3,849-678-5978,patricia.morales.4978@correo.com.do
4980,Jorge Rodríguez Ortiz,Cedula,001-1004979-4,809-679-5979,jorge.rodriguez.4979@cliente.test
4981,Luis Ruiz Reyes,Cedula,001-1004980-5,849-680-5980,luis.ruiz.4980@correo.com.do
4982,Ana Cruz Jiménez,Cedula,001-1004981-6,809-681-5981,ana.cruz.4981@cliente.test
4983,Camila Medina Sánchez,Cedula,001-1004982-7,829-682-5982,camila.medina.4982@email.do
4984,Carlos Pérez García,Cedula,001-1004983-8,809-683-5983,carlos.perez.4983@cliente.test
4985,Manuel Cruz Pérez,Cedula,001-1004984-9,849-684-5984,manuel.cruz.4984@vimenca-demo.local
4986,Natalia Torres Cabrera,Cedula,001-1004985-1,849-685-5985,natalia.torres.4985@email.do
4987,Pedro Rojas Ortiz,Cedula,001-1004986-2,849-686-5986,pedro.rojas.4986@cliente.test
4988,Valeria Ruiz Rojas,Cedula,001-1004987-3,829-687-5987,valeria.ruiz.4987@vimenca-demo.local
4989,Gabriela Ramírez Gómez,Cedula,001-1004988-4,829-688-5988,gabriela.ramirez.4988@cliente.test
4990,Francisco González Ramírez,Cedula,001-1004989-5,849-689-5989,francisco.gonzalez.4989@email.do
4991,Manuel González Sánchez,Cedula,001-1004990-6,849-690-5990,manuel.gonzalez.4990@correo.com.do
4992,Rafael Alvarez Jiménez,Cedula,001-1004991-7,829-691-5991,rafael.alvarez.4991@vimenca-demo.local
4993,Manuel Díaz Ruiz,Cedula,001-1004992-8,849-692-5992,manuel.diaz.4992@email.do
4994,Ana Sánchez Romero,Cedula,001-1004993-9,829-693-5993,ana.sanchez.4993@vimenca-demo.local
4995,Luis Cruz Sánchez,Cedula,001-1004994-1,809-694-5994,luis.cruz.4994@vimenca-demo.local
4996,Alejandro Vargas Rodríguez,Cedula,001-1004995-2,809-695-5995,alejandro.vargas.4995@cliente.test
4997,Gabriela Rojas Medina,Cedula,001-1004996-3,809-696-5996,gabriela.rojas.4996@email.do
4998,Andrés Ruiz Rodríguez,Cedula,001-1004997-4,829-697-5997,andres.ruiz.4997@vimenca-demo.local
4999,Isabella Flores Pérez,Cedula,001-1004998-5,809-698-5998,isabella.flores.4998@email.do
5000,Isabella Castillo Gómez,Cedula,001-1004999-6,849-699-5999,isabella.castillo.4999@email.do
5001,Rosa Alvarez Pérez,Cedula,001-1005000-7,809-700-6000,rosa.alvarez.5000@vimenca-demo.local
5002,Juan Cabrera Castillo,Cedula,001-1005001-8,809-701-6001,juan.cabrera.5001@correo.com.do
5003,Ricardo Sánchez Cruz,Cedula,001-1005002-9,849-702-6002,ricardo.sanchez.5002@correo.com.do
5004,Diana Castillo Cruz,Cedula,001-1005003-1,849-703-6003,diana.castillo.5003@email.do
5005,Gabriela Castillo Díaz,Cedula,001-1005004-2,809-704-6004,gabriela.castillo.5004@cliente.test
5006,Daniel Romero Flores,Cedula,001-1005005-3,809-705-6005,daniel.romero.5005@cliente.test
5007,Alejandro Gómez Flores,Cedula,001-1005006-4,809-706-6006,alejandro.gomez.5006@correo.com.do
5008,Miguel Díaz Martínez,Cedula,001-1005007-5,849-707-6007,miguel.diaz.5007@cliente.test
5009,Elena Martínez Martínez,Cedula,001-1005008-6,829-708-6008,elena.martinez.5008@vimenca-demo.local
5010,Óscar Flores García,Cedula,001-1005009-7,849-709-6009,oscar.flores.5009@correo.com.do
5011,Ricardo Hernández Ramírez,Cedula,001-1005010-8,829-710-6010,ricardo.hernandez.5010@vimenca-demo.local
5012,Natalia Ortiz Díaz,Cedula,001-1005011-9,809-711-6011,natalia.ortiz.5011@email.do
5013,Gabriela Medina García,Cedula,001-1005012-1,809-712-6012,gabriela.medina.5012@email.do
5014,Valeria Sánchez Morales,Cedula,001-1005013-2,849-713-6013,valeria.sanchez.5013@email.do
5015,Juan Martínez Jiménez,Cedula,001-1005014-3,809-714-6014,juan.martinez.5014@cliente.test
5016,Francisco Romero Castillo,Cedula,001-1005015-4,809-715-6015,francisco.romero.5015@correo.com.do
5017,Rosa Martínez Ramírez,Cedula,001-1005016-5,849-716-6016,rosa.martinez.5016@email.do
5018,Óscar Cabrera Jiménez,Cedula,001-1005017-6,829-717-6017,oscar.cabrera.5017@cliente.test
5019,Andrea Hernández Vargas,Cedula,001-1005018-7,829-718-6018,andrea.hernandez.5018@cliente.test
5020,Carlos Hernández Gutiérrez,Cedula,001-1005019-8,809-719-6019,carlos.hernandez.5019@cliente.test
5021,Miguel Sánchez Morales,Cedula,001-1005020-9,829-720-6020,miguel.sanchez.5020@cliente.test
5022,Patricia Martínez Medina,Cedula,001-1005021-1,809-721-6021,patricia.martinez.5021@email.do
5023,Iván Vargas Cruz,Cedula,001-1005022-2,829-722-6022,ivan.vargas.5022@correo.com.do
5024,David Mendoza Hernández,Cedula,001-1005023-3,849-723-6023,david.mendoza.5023@cliente.test
5025,Andrea Morales Díaz,Cedula,001-1005024-4,849-724-6024,andrea.morales.5024@email.do
5026,Laura Vargas Castillo,Cedula,001-1005025-5,809-725-6025,laura.vargas.5025@vimenca-demo.local
5027,Andrés Jiménez Martínez,Cedula,001-1005026-6,829-726-6026,andres.jimenez.5026@cliente.test
5028,Rosa Ramírez García,Cedula,001-1005027-7,809-727-6027,rosa.ramirez.5027@vimenca-demo.local
5029,Patricia Pérez González,Cedula,001-1005028-8,809-728-6028,patricia.perez.5028@correo.com.do
5030,Andrés Hernández Martínez,Cedula,001-1005029-9,809-729-6029,andres.hernandez.5029@vimenca-demo.local
5031,Jorge Ortiz Medina,Cedula,001-1005030-1,829-730-6030,jorge.ortiz.5030@cliente.test
5032,Diana Hernández Vargas,Cedula,001-1005031-2,829-731-6031,diana.hernandez.5031@cliente.test
5033,Gabriela García Mendoza,Cedula,001-1005032-3,809-732-6032,gabriela.garcia.5032@correo.com.do
5034,Francisco Morales Ruiz,Cedula,001-1005033-4,829-733-6033,francisco.morales.5033@cliente.test
5035,Rosa Rivera Ruiz,Cedula,001-1005034-5,829-734-6034,rosa.rivera.5034@cliente.test
5036,Fernando Rivera Hernández,Cedula,001-1005035-6,849-735-6035,fernando.rivera.5035@cliente.test
5037,Iván Peña Rivera,Cedula,001-1005036-7,829-736-6036,ivan.peña.5036@correo.com.do
5038,Carmen Cruz Cabrera,Cedula,001-1005037-8,829-737-6037,carmen.cruz.5037@vimenca-demo.local
5039,Carlos Flores Rojas,Cedula,001-1005038-9,809-738-6038,carlos.flores.5038@vimenca-demo.local
5040,José Morales Torres,Cedula,001-1005039-1,829-739-6039,jose.morales.5039@vimenca-demo.local
5041,Patricia Ortiz Ramírez,Cedula,001-1005040-2,849-740-6040,patricia.ortiz.5040@correo.com.do
5042,Ricardo Flores Hernández,Cedula,001-1005041-3,849-741-6041,ricardo.flores.5041@cliente.test
5043,Ana Reyes Reyes,Cedula,001-1005042-4,809-742-6042,ana.reyes.5042@correo.com.do
5044,Paola Vargas Díaz,Cedula,001-1005043-5,849-743-6043,paola.vargas.5043@email.do
5045,Ricardo Torres Gómez,Cedula,001-1005044-6,809-744-6044,ricardo.torres.5044@email.do
5046,Alejandro Hernández Reyes,Cedula,001-1005045-7,809-745-6045,alejandro.hernandez.5045@correo.com.do
5047,Alejandro Díaz Pérez,Cedula,001-1005046-8,849-746-6046,alejandro.diaz.5046@email.do
5048,María Reyes Morales,Cedula,001-1005047-9,829-747-6047,maria.reyes.5047@email.do
5049,Rosa Torres Martínez,Cedula,001-1005048-1,849-748-6048,rosa.torres.5048@vimenca-demo.local
5050,Diana Peña Gutiérrez,Cedula,001-1005049-2,849-749-6049,diana.peña.5049@vimenca-demo.local
5051,Fernando Díaz Peña,Cedula,001-1005050-3,829-750-6050,fernando.diaz.5050@vimenca-demo.local
5052,Óscar Torres Rivera,Cedula,001-1005051-4,829-751-6051,oscar.torres.5051@vimenca-demo.local
5053,Diana Romero Torres,Cedula,001-1005052-5,849-752-6052,diana.romero.5052@vimenca-demo.local
5054,Valeria Medina Martínez,Cedula,001-1005053-6,849-753-6053,valeria.medina.5053@vimenca-demo.local
5055,Andrés Cruz Hernández,Cedula,001-1005054-7,849-754-6054,andres.cruz.5054@email.do
5056,Sofía Guerrero Mendoza,Cedula,001-1005055-8,829-755-6055,sofia.guerrero.5055@vimenca-demo.local
5057,Karina Reyes Rivera,Cedula,001-1005056-9,849-756-6056,karina.reyes.5056@email.do
5058,Elena Cabrera Morales,Cedula,001-1005057-1,809-757-6057,elena.cabrera.5057@vimenca-demo.local
5059,Lucía Alvarez Castillo,Cedula,001-1005058-2,809-758-6058,lucia.alvarez.5058@email.do
5060,Patricia Rodríguez Hernández,Cedula,001-1005059-3,849-759-6059,patricia.rodriguez.5059@vimenca-demo.local
5061,Héctor González Jiménez,Cedula,001-1005060-4,849-760-6060,hector.gonzalez.5060@cliente.test
5062,Laura Hernández Castillo,Cedula,001-1005061-5,809-761-6061,laura.hernandez.5061@vimenca-demo.local
5063,Sofía Sánchez Pérez,Cedula,001-1005062-6,849-762-6062,sofia.sanchez.5062@correo.com.do
5064,Iván González Rodríguez,Cedula,001-1005063-7,809-763-6063,ivan.gonzalez.5063@email.do
5065,Gabriela Alvarez Rodríguez,Cedula,001-1005064-8,829-764-6064,gabriela.alvarez.5064@cliente.test
5066,Rosa Cabrera Rojas,Cedula,001-1005065-9,809-765-6065,rosa.cabrera.5065@vimenca-demo.local
5067,Diana Vargas Mendoza,Cedula,001-1005066-1,829-766-6066,diana.vargas.5066@cliente.test
5068,David Ortiz Medina,Cedula,001-1005067-2,809-767-6067,david.ortiz.5067@email.do
5069,Carlos Torres García,Cedula,001-1005068-3,829-768-6068,carlos.torres.5068@correo.com.do
5070,Elena Hernández Morales,Cedula,001-1005069-4,829-769-6069,elena.hernandez.5069@vimenca-demo.local
5071,Miguel González Romero,Cedula,001-1005070-5,849-770-6070,miguel.gonzalez.5070@email.do
5072,Luis Guerrero García,Cedula,001-1005071-6,849-771-6071,luis.guerrero.5071@email.do
5073,Jorge Pérez González,Cedula,001-1005072-7,809-772-6072,jorge.perez.5072@correo.com.do
5074,Pablo Gómez Rojas,Cedula,001-1005073-8,829-773-6073,pablo.gomez.5073@cliente.test
5075,Lucía Mendoza Jiménez,Cedula,001-1005074-9,809-774-6074,lucia.mendoza.5074@cliente.test
5076,David Hernández Gómez,Cedula,001-1005075-1,809-775-6075,david.hernandez.5075@cliente.test
5077,Natalia Morales Medina,Cedula,001-1005076-2,849-776-6076,natalia.morales.5076@correo.com.do
5078,Claudia Ramírez Martínez,Cedula,001-1005077-3,849-777-6077,claudia.ramirez.5077@vimenca-demo.local
5079,Alejandro Ruiz Rivera,Cedula,001-1005078-4,829-778-6078,alejandro.ruiz.5078@email.do
5080,Daniel Cruz Cruz,Cedula,001-1005079-5,809-779-6079,daniel.cruz.5079@email.do
5081,Miguel Torres Peña,Cedula,001-1005080-6,809-780-6080,miguel.torres.5080@vimenca-demo.local
5082,Laura Rivera Cabrera,Cedula,001-1005081-7,809-781-6081,laura.rivera.5081@email.do
5083,Héctor Sánchez Peña,Cedula,001-1005082-8,809-782-6082,hector.sanchez.5082@email.do
5084,Ramírez & Rivera SRL,RNC,1300005083,829-783-6083,sofia.ramirez.5083@cliente.test
5085,Ana Flores Morales,Cedula,001-1005084-1,849-784-6084,ana.flores.5084@email.do
5086,Rafael García Rivera,Cedula,001-1005085-2,849-785-6085,rafael.garcia.5085@email.do
5087,Iván Mendoza Hernández,Cedula,001-1005086-3,849-786-6086,ivan.mendoza.5086@cliente.test
5088,Fernando Medina Guerrero,Cedula,001-1005087-4,809-787-6087,fernando.medina.5087@correo.com.do
5089,Natalia Medina Cabrera,Cedula,001-1005088-5,849-788-6088,natalia.medina.5088@vimenca-demo.local
5090,Manuel Hernández Rojas,Cedula,001-1005089-6,829-789-6089,manuel.hernandez.5089@vimenca-demo.local
5091,Karina Rodríguez González,Cedula,001-1005090-7,849-790-6090,karina.rodriguez.5090@correo.com.do
5092,Isabella Reyes Cabrera,Cedula,001-1005091-8,809-791-6091,isabella.reyes.5091@vimenca-demo.local
5093,Pablo Flores Ramírez,Cedula,001-1005092-9,829-792-6092,pablo.flores.5092@correo.com.do
5094,Laura Guerrero Gómez,Cedula,001-1005093-1,809-793-6093,laura.guerrero.5093@correo.com.do
5095,Patricia Ruiz Medina,Cedula,001-1005094-2,809-794-6094,patricia.ruiz.5094@vimenca-demo.local
5096,María Sánchez Guerrero,Cedula,001-1005095-3,829-795-6095,maria.sanchez.5095@vimenca-demo.local
5097,Fernando Gómez Sánchez,Cedula,001-1005096-4,829-796-6096,fernando.gomez.5096@cliente.test
5098,María Ramírez Ramírez,Cedula,001-1005097-5,849-797-6097,maria.ramirez.5097@email.do
5099,Manuel Jiménez Medina,Cedula,001-1005098-6,809-798-6098,manuel.jimenez.5098@email.do
5100,Francisco García González,Cedula,001-1005099-7,829-799-6099,francisco.garcia.5099@vimenca-demo.local
5101,Paola Pérez Ramírez,Cedula,001-1005100-8,809-800-6100,paola.perez.5100@email.do
5102,Patricia García Torres,Cedula,001-1005101-9,829-801-6101,patricia.garcia.5101@email.do
5103,Héctor Reyes Reyes,Cedula,001-1005102-1,849-802-6102,hector.reyes.5102@correo.com.do
5104,Andrés Castillo Cabrera,Cedula,001-1005103-2,829-803-6103,andres.castillo.5103@cliente.test
5105,Alejandro Peña Guerrero,Cedula,001-1005104-3,829-804-6104,alejandro.peña.5104@correo.com.do
5106,Óscar González Alvarez,Cedula,001-1005105-4,849-805-6105,oscar.gonzalez.5105@cliente.test
5107,Claudia Díaz Alvarez,Cedula,001-1005106-5,809-806-6106,claudia.diaz.5106@vimenca-demo.local
5108,Luis Sánchez Flores,Cedula,001-1005107-6,809-807-6107,luis.sanchez.5107@vimenca-demo.local
5109,Luis Martínez Cabrera,Cedula,001-1005108-7,809-808-6108,luis.martinez.5108@email.do
5110,Karina Ruiz Alvarez,Cedula,001-1005109-8,829-809-6109,karina.ruiz.5109@vimenca-demo.local
5111,María Torres García,Cedula,001-1005110-9,829-810-6110,maria.torres.5110@email.do
5112,Francisco Rodríguez González,Cedula,001-1005111-1,829-811-6111,francisco.rodriguez.5111@vimenca-demo.local
5113,Miguel Medina Hernández,Cedula,001-1005112-2,809-812-6112,miguel.medina.5112@correo.com.do
5114,Pablo Mendoza Sánchez,Cedula,001-1005113-3,849-813-6113,pablo.mendoza.5113@email.do
5115,Francisco Rivera Rodríguez,Cedula,001-1005114-4,809-814-6114,francisco.rivera.5114@vimenca-demo.local
5116,Iván Guerrero Cabrera,Cedula,001-1005115-5,829-815-6115,ivan.guerrero.5115@cliente.test
5117,Andrea Reyes Romero,Cedula,001-1005116-6,829-816-6116,andrea.reyes.5116@correo.com.do
5118,Isabella Gómez Guerrero,Cedula,001-1005117-7,829-817-6117,isabella.gomez.5117@vimenca-demo.local
5119,Rafael Jiménez Medina,Cedula,001-1005118-8,829-818-6118,rafael.jimenez.5118@email.do
5120,Luis Cruz Díaz,Cedula,001-1005119-9,849-819-6119,luis.cruz.5119@email.do
5121,Iván González Medina,Cedula,001-1005120-1,849-820-6120,ivan.gonzalez.5120@cliente.test
5122,Manuel Gómez Gutiérrez,Cedula,001-1005121-2,809-821-6121,manuel.gomez.5121@correo.com.do
5123,Manuel Gómez Jiménez,Cedula,001-1005122-3,849-822-6122,manuel.gomez.5122@correo.com.do
5124,David Cruz Cruz,Cedula,001-1005123-4,849-823-6123,david.cruz.5123@vimenca-demo.local
5125,Valeria Peña Gutiérrez,Cedula,001-1005124-5,809-824-6124,valeria.peña.5124@email.do
5126,Isabella Torres Vargas,Cedula,001-1005125-6,829-825-6125,isabella.torres.5125@email.do
5127,Paola Alvarez Martínez,Cedula,001-1005126-7,809-826-6126,paola.alvarez.5126@email.do
5128,Francisco Martínez Martínez,Cedula,001-1005127-8,809-827-6127,francisco.martinez.5127@correo.com.do
5129,Lucía Reyes Gutiérrez,Cedula,001-1005128-9,809-828-6128,lucia.reyes.5128@correo.com.do
5130,Jorge Mendoza Ruiz,Cedula,001-1005129-1,849-829-6129,jorge.mendoza.5129@cliente.test
5131,Claudia Rodríguez Castillo,Cedula,001-1005130-2,829-830-6130,claudia.rodriguez.5130@correo.com.do
5132,Luis Rojas Guerrero,Cedula,001-1005131-3,829-831-6131,luis.rojas.5131@cliente.test
5133,Carlos Medina Vargas,Cedula,001-1005132-4,849-832-6132,carlos.medina.5132@email.do
5134,Manuel Díaz Pérez,Cedula,001-1005133-5,849-833-6133,manuel.diaz.5133@vimenca-demo.local
5135,Jorge Sánchez Jiménez,Cedula,001-1005134-6,849-834-6134,jorge.sanchez.5134@vimenca-demo.local
5136,Andrés Ortiz Pérez,Cedula,001-1005135-7,809-835-6135,andres.ortiz.5135@email.do
5137,Manuel Cabrera Ortiz,Cedula,001-1005136-8,849-836-6136,manuel.cabrera.5136@cliente.test
5138,Valeria Torres Torres,Cedula,001-1005137-9,809-837-6137,valeria.torres.5137@cliente.test
5139,María García Díaz,Cedula,001-1005138-1,809-838-6138,maria.garcia.5138@vimenca-demo.local
5140,Manuel Pérez Cruz,Cedula,001-1005139-2,829-839-6139,manuel.perez.5139@email.do
5141,Daniel Castillo Medina,Cedula,001-1005140-3,849-840-6140,daniel.castillo.5140@vimenca-demo.local
5142,Ricardo Rojas Ramírez,Cedula,001-1005141-4,849-841-6141,ricardo.rojas.5141@email.do
5143,Juan Mendoza Ruiz,Cedula,001-1005142-5,809-842-6142,juan.mendoza.5142@email.do
5144,Diana Rivera Rivera,Cedula,001-1005143-6,809-843-6143,diana.rivera.5143@cliente.test
5145,Rosa Gutiérrez Guerrero,Cedula,001-1005144-7,849-844-6144,rosa.gutierrez.5144@cliente.test
5146,Yolanda Hernández Peña,Cedula,001-1005145-8,809-845-6145,yolanda.hernandez.5145@vimenca-demo.local
5147,Elena Reyes García,Cedula,001-1005146-9,809-846-6146,elena.reyes.5146@email.do
5148,Alejandro Jiménez Castillo,Cedula,001-1005147-1,849-847-6147,alejandro.jimenez.5147@cliente.test
5149,Jorge Martínez Jiménez,Cedula,001-1005148-2,809-848-6148,jorge.martinez.5148@vimenca-demo.local
5150,Iván Ortiz Flores,Cedula,001-1005149-3,829-849-6149,ivan.ortiz.5149@email.do
5151,Óscar Vargas Castillo,Cedula,001-1005150-4,809-850-6150,oscar.vargas.5150@email.do
5152,Yolanda Romero Gómez,Cedula,001-1005151-5,809-851-6151,yolanda.romero.5151@cliente.test
5153,Elena Sánchez Reyes,Cedula,001-1005152-6,829-852-6152,elena.sanchez.5152@cliente.test
5154,Daniel Medina Sánchez,Cedula,001-1005153-7,829-853-6153,daniel.medina.5153@email.do
5155,Paola González García,Cedula,001-1005154-8,809-854-6154,paola.gonzalez.5154@cliente.test
5156,Fernando Díaz Ruiz,Cedula,001-1005155-9,809-855-6155,fernando.diaz.5155@correo.com.do
5157,Yolanda González García,Cedula,001-1005156-1,849-856-6156,yolanda.gonzalez.5156@vimenca-demo.local
5158,María González Hernández,Cedula,001-1005157-2,809-857-6157,maria.gonzalez.5157@vimenca-demo.local
5159,Miguel Gómez Peña,Cedula,001-1005158-3,809-858-6158,miguel.gomez.5158@cliente.test
5160,Carlos González Hernández,Cedula,001-1005159-4,829-859-6159,carlos.gonzalez.5159@vimenca-demo.local
5161,Karina Cruz Torres,Cedula,001-1005160-5,809-860-6160,karina.cruz.5160@cliente.test
5162,Pablo Castillo Romero,Cedula,001-1005161-6,849-861-6161,pablo.castillo.5161@email.do
5163,Héctor Sánchez Guerrero,Cedula,001-1005162-7,849-862-6162,hector.sanchez.5162@vimenca-demo.local
5164,Ana Rodríguez Morales,Cedula,001-1005163-8,809-863-6163,ana.rodriguez.5163@cliente.test
5165,David Castillo Flores,Cedula,001-1005164-9,849-864-6164,david.castillo.5164@correo.com.do
5166,Natalia Gómez Pérez,Cedula,001-1005165-1,809-865-6165,natalia.gomez.5165@email.do
5167,Rafael Torres Vargas,Cedula,001-1005166-2,809-866-6166,rafael.torres.5166@correo.com.do
5168,Elena Hernández Ruiz,Cedula,001-1005167-3,849-867-6167,elena.hernandez.5167@email.do
5169,María Martínez Guerrero,Cedula,001-1005168-4,809-868-6168,maria.martinez.5168@correo.com.do
5170,Manuel Pérez Guerrero,Cedula,001-1005169-5,809-869-6169,manuel.perez.5169@email.do
5171,Alejandro Romero Rivera,Cedula,001-1005170-6,849-870-6170,alejandro.romero.5170@correo.com.do
5172,Alejandro Ruiz González,Cedula,001-1005171-7,849-871-6171,alejandro.ruiz.5171@cliente.test
5173,Héctor Ruiz Ortiz,Cedula,001-1005172-8,829-872-6172,hector.ruiz.5172@cliente.test
5174,Juan Pérez Alvarez,Cedula,001-1005173-9,849-873-6173,juan.perez.5173@correo.com.do
5175,Daniel Flores Ruiz,Cedula,001-1005174-1,829-874-6174,daniel.flores.5174@correo.com.do
5176,Rosa Rivera Alvarez,Cedula,001-1005175-2,849-875-6175,rosa.rivera.5175@email.do
5177,Juan Rodríguez Medina,Cedula,001-1005176-3,809-876-6176,juan.rodriguez.5176@cliente.test
5178,Paola Peña Gutiérrez,Cedula,001-1005177-4,829-877-6177,paola.peña.5177@cliente.test
5179,Lucía Ortiz Torres,Cedula,001-1005178-5,849-878-6178,lucia.ortiz.5178@vimenca-demo.local
5180,Daniel Alvarez Romero,Cedula,001-1005179-6,849-879-6179,daniel.alvarez.5179@cliente.test
5181,Fernando Rivera Rojas,Cedula,001-1005180-7,849-880-6180,fernando.rivera.5180@cliente.test
5182,Rosa Alvarez Romero,Cedula,001-1005181-8,849-881-6181,rosa.alvarez.5181@correo.com.do
5183,Óscar Romero González,Cedula,001-1005182-9,829-882-6182,oscar.romero.5182@email.do
5184,Ana Pérez Jiménez,Cedula,001-1005183-1,849-883-6183,ana.perez.5183@email.do
5185,Óscar Medina González,Cedula,001-1005184-2,809-884-6184,oscar.medina.5184@email.do
5186,Carmen Sánchez García,Cedula,001-1005185-3,849-885-6185,carmen.sanchez.5185@vimenca-demo.local
5187,Miguel Rodríguez Rivera,Cedula,001-1005186-4,849-886-6186,miguel.rodriguez.5186@email.do
5188,Valeria Ruiz Ramírez,Cedula,001-1005187-5,829-887-6187,valeria.ruiz.5187@correo.com.do
5189,Isabella Gutiérrez Peña,Cedula,001-1005188-6,809-888-6188,isabella.gutierrez.5188@correo.com.do
5190,Gabriela Rojas Jiménez,Cedula,001-1005189-7,809-889-6189,gabriela.rojas.5189@cliente.test
5191,Héctor Hernández Jiménez,Cedula,001-1005190-8,849-890-6190,hector.hernandez.5190@vimenca-demo.local
5192,Lucía Pérez Vargas,Cedula,001-1005191-9,849-891-6191,lucia.perez.5191@email.do
5193,Carmen Pérez Romero,Cedula,001-1005192-1,809-892-6192,carmen.perez.5192@correo.com.do
5194,Patricia Cabrera Morales,Cedula,001-1005193-2,829-893-6193,patricia.cabrera.5193@cliente.test
5195,José Romero Mendoza,Cedula,001-1005194-3,849-894-6194,jose.romero.5194@email.do
5196,Juan Rodríguez García,Cedula,001-1005195-4,809-895-6195,juan.rodriguez.5195@vimenca-demo.local
5197,María Ruiz Gómez,Cedula,001-1005196-5,849-896-6196,maria.ruiz.5196@email.do
5198,Fernando Ramírez Rojas,Cedula,001-1005197-6,809-897-6197,fernando.ramirez.5197@correo.com.do
5199,Daniel Vargas Rodríguez,Cedula,001-1005198-7,809-898-6198,daniel.vargas.5198@vimenca-demo.local
5200,Elena Torres Cabrera,Cedula,001-1005199-8,849-899-6199,elena.torres.5199@email.do
5201,Juan Peña Díaz,Cedula,001-1005200-9,829-500-6200,juan.peña.5200@email.do
5202,Claudia Sánchez Castillo,Cedula,001-1005201-1,809-501-6201,claudia.sanchez.5201@correo.com.do
5203,Iván Cruz Ruiz,Cedula,001-1005202-2,809-502-6202,ivan.cruz.5202@cliente.test
5204,Pablo Alvarez Morales,Cedula,001-1005203-3,809-503-6203,pablo.alvarez.5203@email.do
5205,Ana Rojas Ruiz,Cedula,001-1005204-4,849-504-6204,ana.rojas.5204@email.do
5206,Claudia Cabrera Cruz,Cedula,001-1005205-5,809-505-6205,claudia.cabrera.5205@email.do
5207,Gabriela Morales Cabrera,Cedula,001-1005206-6,849-506-6206,gabriela.morales.5206@correo.com.do
5208,David Vargas Pérez,Cedula,001-1005207-7,809-507-6207,david.vargas.5207@cliente.test
5209,Fernando Reyes Pérez,Cedula,001-1005208-8,829-508-6208,fernando.reyes.5208@email.do
5210,Natalia Rivera Alvarez,Cedula,001-1005209-9,809-509-6209,natalia.rivera.5209@correo.com.do
5211,Miguel Ramírez González,Cedula,001-1005210-1,809-510-6210,miguel.ramirez.5210@email.do
5212,Patricia Mendoza Jiménez,Cedula,001-1005211-2,809-511-6211,patricia.mendoza.5211@email.do
5213,Andrea Rojas Gutiérrez,Cedula,001-1005212-3,829-512-6212,andrea.rojas.5212@email.do
5214,Ana Reyes Romero,Cedula,001-1005213-4,849-513-6213,ana.reyes.5213@correo.com.do
5215,Gabriela Gómez Mendoza,Cedula,001-1005214-5,829-514-6214,gabriela.gomez.5214@correo.com.do
5216,Gabriela Ortiz Cruz,Cedula,001-1005215-6,849-515-6215,gabriela.ortiz.5215@correo.com.do
5217,Carlos Morales Alvarez,Cedula,001-1005216-7,849-516-6216,carlos.morales.5216@vimenca-demo.local
5218,María García Vargas,Cedula,001-1005217-8,849-517-6217,maria.garcia.5217@correo.com.do
5219,Elena Torres Alvarez,Cedula,001-1005218-9,849-518-6218,elena.torres.5218@correo.com.do
5220,Francisco Reyes Jiménez,Cedula,001-1005219-1,829-519-6219,francisco.reyes.5219@cliente.test
5221,Andrés Reyes Peña,Cedula,001-1005220-2,829-520-6220,andres.reyes.5220@correo.com.do
5222,Karina Morales Hernández,Cedula,001-1005221-3,849-521-6221,karina.morales.5221@email.do
5223,Rosa Díaz Castillo,Cedula,001-1005222-4,809-522-6222,rosa.diaz.5222@cliente.test
5224,José Mendoza Guerrero,Cedula,001-1005223-5,849-523-6223,jose.mendoza.5223@email.do
5225,Fernando Cruz Díaz,Cedula,001-1005224-6,849-524-6224,fernando.cruz.5224@cliente.test
5226,Ricardo Alvarez Sánchez,Cedula,001-1005225-7,849-525-6225,ricardo.alvarez.5225@vimenca-demo.local
5227,Rafael González Gómez,Cedula,001-1005226-8,809-526-6226,rafael.gonzalez.5226@cliente.test
5228,Rosa Jiménez Gutiérrez,Cedula,001-1005227-9,829-527-6227,rosa.jimenez.5227@email.do
5229,Daniel Torres Jiménez,Cedula,001-1005228-1,849-528-6228,daniel.torres.5228@vimenca-demo.local
5230,Óscar Vargas Vargas,Cedula,001-1005229-2,829-529-6229,oscar.vargas.5229@correo.com.do
5231,Rosa Cabrera González,Cedula,001-1005230-3,829-530-6230,rosa.cabrera.5230@correo.com.do
5232,Elena Vargas Ortiz,Cedula,001-1005231-4,849-531-6231,elena.vargas.5231@email.do
5233,Héctor Morales Hernández,Cedula,001-1005232-5,809-532-6232,hector.morales.5232@vimenca-demo.local
5234,Iván Hernández Jiménez,Cedula,001-1005233-6,829-533-6233,ivan.hernandez.5233@cliente.test
5235,José Ruiz García,Cedula,001-1005234-7,829-534-6234,jose.ruiz.5234@cliente.test
5236,Isabella Flores Ruiz,Cedula,001-1005235-8,849-535-6235,isabella.flores.5235@vimenca-demo.local
5237,Claudia Rojas Hernández,Cedula,001-1005236-9,829-536-6236,claudia.rojas.5236@vimenca-demo.local
5238,Elena Martínez Gutiérrez,Cedula,001-1005237-1,849-537-6237,elena.martinez.5237@email.do
5239,Camila Rojas Rivera,Cedula,001-1005238-2,829-538-6238,camila.rojas.5238@correo.com.do
5240,Pablo Torres Rivera,Cedula,001-1005239-3,849-539-6239,pablo.torres.5239@cliente.test
5241,David Ramírez Cruz,Cedula,001-1005240-4,829-540-6240,david.ramirez.5240@correo.com.do
5242,Diana Alvarez Hernández,Cedula,001-1005241-5,829-541-6241,diana.alvarez.5241@correo.com.do
5243,Diana Gómez García,Cedula,001-1005242-6,849-542-6242,diana.gomez.5242@email.do
5244,Camila Medina Cruz,Cedula,001-1005243-7,829-543-6243,camila.medina.5243@correo.com.do
5245,María Pérez Guerrero,Cedula,001-1005244-8,809-544-6244,maria.perez.5244@correo.com.do
5246,Fernando González Reyes,Cedula,001-1005245-9,829-545-6245,fernando.gonzalez.5245@correo.com.do
5247,Fernando Rivera Ruiz,Cedula,001-1005246-1,809-546-6246,fernando.rivera.5246@correo.com.do
5248,Andrea Sánchez Flores,Cedula,001-1005247-2,829-547-6247,andrea.sanchez.5247@vimenca-demo.local
5249,Lucía Pérez Alvarez,Cedula,001-1005248-3,809-548-6248,lucia.perez.5248@email.do
5250,Natalia Cabrera Ruiz,Cedula,001-1005249-4,849-549-6249,natalia.cabrera.5249@email.do
5251,Carlos Gómez Ortiz,Cedula,001-1005250-5,849-550-6250,carlos.gomez.5250@vimenca-demo.local
5252,Andrea Ruiz Torres,Cedula,001-1005251-6,829-551-6251,andrea.ruiz.5251@cliente.test
5253,Rafael Ruiz Díaz,Cedula,001-1005252-7,809-552-6252,rafael.ruiz.5252@cliente.test
5254,Juan González Peña,Cedula,001-1005253-8,829-553-6253,juan.gonzalez.5253@cliente.test
5255,Juan Rodríguez García,Cedula,001-1005254-9,809-554-6254,juan.rodriguez.5254@email.do
5256,Jorge Romero Cruz,Cedula,001-1005255-1,809-555-6255,jorge.romero.5255@cliente.test
5257,Karina Cabrera Rojas,Cedula,001-1005256-2,849-556-6256,karina.cabrera.5256@vimenca-demo.local
5258,Laura García Peña,Cedula,001-1005257-3,829-557-6257,laura.garcia.5257@vimenca-demo.local
5259,Diana Pérez Ruiz,Cedula,001-1005258-4,849-558-6258,diana.perez.5258@vimenca-demo.local
5260,Carmen Guerrero Reyes,Cedula,001-1005259-5,829-559-6259,carmen.guerrero.5259@vimenca-demo.local
5261,Iván Hernández Rodríguez,Cedula,001-1005260-6,849-560-6260,ivan.hernandez.5260@cliente.test
5262,José Vargas Pérez,Cedula,001-1005261-7,809-561-6261,jose.vargas.5261@cliente.test
5263,Héctor Cabrera Vargas,Cedula,001-1005262-8,809-562-6262,hector.cabrera.5262@correo.com.do
5264,Andrés Vargas Alvarez,Cedula,001-1005263-9,829-563-6263,andres.vargas.5263@email.do
5265,Alejandro Cabrera Mendoza,Cedula,001-1005264-1,809-564-6264,alejandro.cabrera.5264@correo.com.do
5266,Patricia Flores Peña,Cedula,001-1005265-2,829-565-6265,patricia.flores.5265@vimenca-demo.local
5267,Valeria González Jiménez,Cedula,001-1005266-3,829-566-6266,valeria.gonzalez.5266@correo.com.do
5268,Gabriela Flores Castillo,Cedula,001-1005267-4,829-567-6267,gabriela.flores.5267@vimenca-demo.local
5269,Natalia Cabrera Peña,Cedula,001-1005268-5,829-568-6268,natalia.cabrera.5268@cliente.test
5270,María Rivera Rodríguez,Cedula,001-1005269-6,809-569-6269,maria.rivera.5269@cliente.test
5271,Francisco Pérez Gómez,Cedula,001-1005270-7,849-570-6270,francisco.perez.5270@vimenca-demo.local
5272,Yolanda Morales Rojas,Cedula,001-1005271-8,809-571-6271,yolanda.morales.5271@cliente.test
5273,Daniel Peña Morales,Cedula,001-1005272-9,809-572-6272,daniel.peña.5272@email.do
5274,Ana Pérez Jiménez,Cedula,001-1005273-1,829-573-6273,ana.perez.5273@correo.com.do
5275,Sofía Ramírez Peña,Cedula,001-1005274-2,829-574-6274,sofia.ramirez.5274@vimenca-demo.local
5276,José Flores Ortiz,Cedula,001-1005275-3,829-575-6275,jose.flores.5275@vimenca-demo.local
5277,Ricardo Rivera Ruiz,Cedula,001-1005276-4,849-576-6276,ricardo.rivera.5276@vimenca-demo.local
5278,Daniel Díaz Jiménez,Cedula,001-1005277-5,849-577-6277,daniel.diaz.5277@email.do
5279,Óscar Gómez Sánchez,Cedula,001-1005278-6,809-578-6278,oscar.gomez.5278@correo.com.do
5280,Andrea Torres Gómez,Cedula,001-1005279-7,829-579-6279,andrea.torres.5279@correo.com.do
5281,Pedro González Rivera,Cedula,001-1005280-8,849-580-6280,pedro.gonzalez.5280@vimenca-demo.local
5282,Jorge Ramírez Pérez,Cedula,001-1005281-9,849-581-6281,jorge.ramirez.5281@email.do
5283,Yolanda Rodríguez García,Cedula,001-1005282-1,829-582-6282,yolanda.rodriguez.5282@email.do
5284,Francisco Castillo Sánchez,Cedula,001-1005283-2,809-583-6283,francisco.castillo.5283@correo.com.do
5285,Gabriela Torres Peña,Cedula,001-1005284-3,849-584-6284,gabriela.torres.5284@email.do
5286,Pablo Ortiz Sánchez,Cedula,001-1005285-4,829-585-6285,pablo.ortiz.5285@cliente.test
5287,Andrea Vargas Ruiz,Cedula,001-1005286-5,849-586-6286,andrea.vargas.5286@email.do
5288,Jorge Ruiz Gómez,Cedula,001-1005287-6,849-587-6287,jorge.ruiz.5287@vimenca-demo.local
5289,Daniel Sánchez Sánchez,Cedula,001-1005288-7,809-588-6288,daniel.sanchez.5288@vimenca-demo.local
5290,Jorge González Mendoza,Cedula,001-1005289-8,809-589-6289,jorge.gonzalez.5289@vimenca-demo.local
5291,Fernando Pérez Gutiérrez,Cedula,001-1005290-9,829-590-6290,fernando.perez.5290@vimenca-demo.local
5292,Alejandro Jiménez Martínez,Cedula,001-1005291-1,809-591-6291,alejandro.jimenez.5291@cliente.test
5293,Luis Gómez Peña,Cedula,001-1005292-2,849-592-6292,luis.gomez.5292@correo.com.do
5294,Luis Díaz Rivera,Cedula,001-1005293-3,829-593-6293,luis.diaz.5293@correo.com.do
5295,Iván Reyes Rivera,Cedula,001-1005294-4,829-594-6294,ivan.reyes.5294@vimenca-demo.local
5296,Patricia Alvarez Díaz,Cedula,001-1005295-5,829-595-6295,patricia.alvarez.5295@email.do
5297,Manuel Rivera Reyes,Cedula,001-1005296-6,809-596-6296,manuel.rivera.5296@vimenca-demo.local
5298,Pablo Pérez Díaz,Cedula,001-1005297-7,849-597-6297,pablo.perez.5297@vimenca-demo.local
5299,Paola Reyes Ramírez,Cedula,001-1005298-8,829-598-6298,paola.reyes.5298@vimenca-demo.local
5300,Yolanda Ramírez Rodríguez,Cedula,001-1005299-9,809-599-6299,yolanda.ramirez.5299@vimenca-demo.local
5301,Isabella Gutiérrez Ruiz,Cedula,001-1005300-1,809-600-6300,isabella.gutierrez.5300@correo.com.do
5302,Carmen Pérez Gutiérrez,Cedula,001-1005301-2,829-601-6301,carmen.perez.5301@email.do
5303,Pedro Rojas Medina,Cedula,001-1005302-3,849-602-6302,pedro.rojas.5302@correo.com.do
5304,Carmen Torres Guerrero,Cedula,001-1005303-4,829-603-6303,carmen.torres.5303@email.do
5305,Carlos Gutiérrez Ortiz,Cedula,001-1005304-5,849-604-6304,carlos.gutierrez.5304@email.do
5306,Miguel Díaz Medina,Cedula,001-1005305-6,829-605-6305,miguel.diaz.5305@email.do
5307,Andrea Ortiz Ramírez,Cedula,001-1005306-7,829-606-6306,andrea.ortiz.5306@correo.com.do
5308,Natalia Morales Sánchez,Cedula,001-1005307-8,849-607-6307,natalia.morales.5307@vimenca-demo.local
5309,Miguel Gómez Sánchez,Cedula,001-1005308-9,829-608-6308,miguel.gomez.5308@correo.com.do
5310,Rosa Morales Gómez,Cedula,001-1005309-1,829-609-6309,rosa.morales.5309@email.do
5311,Patricia Ortiz Medina,Cedula,001-1005310-2,809-610-6310,patricia.ortiz.5310@correo.com.do
5312,Camila Hernández Rojas,Cedula,001-1005311-3,829-611-6311,camila.hernandez.5311@correo.com.do
5313,Óscar Castillo Ortiz,Cedula,001-1005312-4,829-612-6312,oscar.castillo.5312@email.do
5314,Elena Rojas Cruz,Cedula,001-1005313-5,809-613-6313,elena.rojas.5313@cliente.test
5315,Gabriela Reyes Romero,Cedula,001-1005314-6,809-614-6314,gabriela.reyes.5314@cliente.test
5316,Karina Medina Cruz,Cedula,001-1005315-7,829-615-6315,karina.medina.5315@correo.com.do
5317,Patricia Ramírez Guerrero,Cedula,001-1005316-8,809-616-6316,patricia.ramirez.5316@cliente.test
5318,Karina Jiménez Hernández,Cedula,001-1005317-9,829-617-6317,karina.jimenez.5317@vimenca-demo.local
5319,Óscar Flores Cabrera,Cedula,001-1005318-1,809-618-6318,oscar.flores.5318@vimenca-demo.local
5320,Claudia Hernández Hernández,Cedula,001-1005319-2,849-619-6319,claudia.hernandez.5319@correo.com.do
5321,Carlos Pérez Rodríguez,Cedula,001-1005320-3,829-620-6320,carlos.perez.5320@vimenca-demo.local
5322,Patricia Hernández García,Cedula,001-1005321-4,849-621-6321,patricia.hernandez.5321@email.do
5323,David Sánchez Pérez,Cedula,001-1005322-5,849-622-6322,david.sanchez.5322@correo.com.do
5324,Yolanda Morales Castillo,Cedula,001-1005323-6,829-623-6323,yolanda.morales.5323@vimenca-demo.local
5325,María Vargas Rivera,Cedula,001-1005324-7,829-624-6324,maria.vargas.5324@cliente.test
5326,Camila Alvarez Gutiérrez,Cedula,001-1005325-8,849-625-6325,camila.alvarez.5325@vimenca-demo.local
5327,Claudia Romero Reyes,Cedula,001-1005326-9,829-626-6326,claudia.romero.5326@vimenca-demo.local
5328,María Ruiz Peña,Cedula,001-1005327-1,829-627-6327,maria.ruiz.5327@vimenca-demo.local
5329,David Vargas Mendoza,Cedula,001-1005328-2,849-628-6328,david.vargas.5328@vimenca-demo.local
5330,Francisco Gutiérrez Romero,Cedula,001-1005329-3,849-629-6329,francisco.gutierrez.5329@correo.com.do
5331,Luis Sánchez González,Cedula,001-1005330-4,829-630-6330,luis.sanchez.5330@correo.com.do
5332,Karina Reyes Romero,Cedula,001-1005331-5,809-631-6331,karina.reyes.5331@correo.com.do
5333,Rosa Gutiérrez Ruiz,Cedula,001-1005332-6,849-632-6332,rosa.gutierrez.5332@email.do
5334,Yolanda Peña Rojas,Cedula,001-1005333-7,809-633-6333,yolanda.peña.5333@cliente.test
5335,Pablo García Peña,Cedula,001-1005334-8,849-634-6334,pablo.garcia.5334@vimenca-demo.local
5336,Lucía Rivera Peña,Cedula,001-1005335-9,829-635-6335,lucia.rivera.5335@vimenca-demo.local
5337,Rafael Medina Flores,Cedula,001-1005336-1,829-636-6336,rafael.medina.5336@email.do
5338,Isabella Alvarez Rojas,Cedula,001-1005337-2,849-637-6337,isabella.alvarez.5337@email.do
5339,Fernando Gutiérrez Pérez,Cedula,001-1005338-3,809-638-6338,fernando.gutierrez.5338@correo.com.do
5340,Laura Vargas García,Cedula,001-1005339-4,849-639-6339,laura.vargas.5339@email.do
5341,Camila Gómez Alvarez,Cedula,001-1005340-5,849-640-6340,camila.gomez.5340@cliente.test
5342,Andrés Alvarez Martínez,Cedula,001-1005341-6,849-641-6341,andres.alvarez.5341@email.do
5343,Isabella Guerrero Ruiz,Cedula,001-1005342-7,829-642-6342,isabella.guerrero.5342@correo.com.do
5344,David Hernández García,Cedula,001-1005343-8,849-643-6343,david.hernandez.5343@correo.com.do
5345,Claudia Castillo Peña,Cedula,001-1005344-9,809-644-6344,claudia.castillo.5344@email.do
5346,Iván Reyes Hernández,Cedula,001-1005345-1,829-645-6345,ivan.reyes.5345@correo.com.do
5347,Daniel González Ruiz,Cedula,001-1005346-2,829-646-6346,daniel.gonzalez.5346@cliente.test
5348,Karina Ramírez Torres,Cedula,001-1005347-3,809-647-6347,karina.ramirez.5347@vimenca-demo.local
5349,Daniel Romero Gutiérrez,Cedula,001-1005348-4,849-648-6348,daniel.romero.5348@correo.com.do
5350,Pablo Romero García,Cedula,001-1005349-5,809-649-6349,pablo.romero.5349@vimenca-demo.local
5351,Francisco Castillo Cruz,Cedula,001-1005350-6,849-650-6350,francisco.castillo.5350@correo.com.do
5352,Andrés Pérez Hernández,Cedula,001-1005351-7,849-651-6351,andres.perez.5351@email.do
5353,Pedro García Torres,Cedula,001-1005352-8,849-652-6352,pedro.garcia.5352@email.do
5354,Gabriela Rivera González,Cedula,001-1005353-9,829-653-6353,gabriela.rivera.5353@vimenca-demo.local
5355,Andrés Torres Romero,Cedula,001-1005354-1,809-654-6354,andres.torres.5354@cliente.test
5356,Paola Rodríguez Mendoza,Cedula,001-1005355-2,849-655-6355,paola.rodriguez.5355@vimenca-demo.local
5357,Rafael Rojas Gutiérrez,Cedula,001-1005356-3,809-656-6356,rafael.rojas.5356@correo.com.do
5358,Diana Gómez Rodríguez,Cedula,001-1005357-4,829-657-6357,diana.gomez.5357@email.do
5359,Laura Mendoza Reyes,Cedula,001-1005358-5,829-658-6358,laura.mendoza.5358@email.do
5360,Miguel Cabrera Gómez,Cedula,001-1005359-6,809-659-6359,miguel.cabrera.5359@cliente.test
5361,Ricardo Alvarez Cruz,Cedula,001-1005360-7,829-660-6360,ricardo.alvarez.5360@email.do
5362,Pedro Ramírez Mendoza,Cedula,001-1005361-8,849-661-6361,pedro.ramirez.5361@vimenca-demo.local
5363,Yolanda Cruz Hernández,Cedula,001-1005362-9,809-662-6362,yolanda.cruz.5362@email.do
5364,Jorge Torres Medina,Cedula,001-1005363-1,849-663-6363,jorge.torres.5363@correo.com.do
5365,Juan Vargas Gómez,Cedula,001-1005364-2,829-664-6364,juan.vargas.5364@vimenca-demo.local
5366,Pedro Díaz Vargas,Cedula,001-1005365-3,829-665-6365,pedro.diaz.5365@vimenca-demo.local
5367,Sofía Martínez Vargas,Cedula,001-1005366-4,829-666-6366,sofia.martinez.5366@vimenca-demo.local
5368,Ricardo Torres Hernández,Cedula,001-1005367-5,849-667-6367,ricardo.torres.5367@cliente.test
5369,Ana Díaz Díaz,Cedula,001-1005368-6,809-668-6368,ana.diaz.5368@correo.com.do
5370,Ricardo Rivera Torres,Cedula,001-1005369-7,849-669-6369,ricardo.rivera.5369@cliente.test
5371,Claudia Rodríguez Castillo,Cedula,001-1005370-8,849-670-6370,claudia.rodriguez.5370@email.do
5372,Sofía Ortiz Ortiz,Cedula,001-1005371-9,829-671-6371,sofia.ortiz.5371@email.do
5373,José Rojas Sánchez,Cedula,001-1005372-1,849-672-6372,jose.rojas.5372@cliente.test
5374,Ricardo Morales García,Cedula,001-1005373-2,809-673-6373,ricardo.morales.5373@vimenca-demo.local
5375,Diana Sánchez Gutiérrez,Cedula,001-1005374-3,829-674-6374,diana.sanchez.5374@correo.com.do
5376,Valeria Flores Martínez,Cedula,001-1005375-4,809-675-6375,valeria.flores.5375@cliente.test
5377,Carlos Cabrera Pérez,Cedula,001-1005376-5,829-676-6376,carlos.cabrera.5376@cliente.test
5378,Laura Gómez Ruiz,Cedula,001-1005377-6,829-677-6377,laura.gomez.5377@vimenca-demo.local
5379,Valeria Rodríguez Díaz,Cedula,001-1005378-7,809-678-6378,valeria.rodriguez.5378@correo.com.do
5380,Carmen Castillo Ruiz,Cedula,001-1005379-8,809-679-6379,carmen.castillo.5379@correo.com.do
5381,Isabella Ramírez García,Cedula,001-1005380-9,809-680-6380,isabella.ramirez.5380@vimenca-demo.local
5382,Isabella Morales Ramírez,Cedula,001-1005381-1,809-681-6381,isabella.morales.5381@cliente.test
5383,Camila Rojas Pérez,Cedula,001-1005382-2,849-682-6382,camila.rojas.5382@vimenca-demo.local
5384,Valeria Castillo Flores,Cedula,001-1005383-3,809-683-6383,valeria.castillo.5383@cliente.test
5385,Lucía Alvarez Hernández,Cedula,001-1005384-4,849-684-6384,lucia.alvarez.5384@email.do
5386,Daniel Medina Ramírez,Cedula,001-1005385-5,849-685-6385,daniel.medina.5385@correo.com.do
5387,Héctor Hernández Medina,Cedula,001-1005386-6,829-686-6386,hector.hernandez.5386@correo.com.do
5388,Isabella Cruz Flores,Cedula,001-1005387-7,849-687-6387,isabella.cruz.5387@correo.com.do
5389,Ana Sánchez Gutiérrez,Cedula,001-1005388-8,849-688-6388,ana.sanchez.5388@vimenca-demo.local
5390,Camila Reyes Alvarez,Cedula,001-1005389-9,829-689-6389,camila.reyes.5389@vimenca-demo.local
5391,Jorge Pérez Rojas,Cedula,001-1005390-1,829-690-6390,jorge.perez.5390@email.do
5392,Andrea Romero Cabrera,Cedula,001-1005391-2,809-691-6391,andrea.romero.5391@cliente.test
5393,Isabella Pérez Reyes,Cedula,001-1005392-3,809-692-6392,isabella.perez.5392@vimenca-demo.local
5394,José Vargas Morales,Cedula,001-1005393-4,809-693-6393,jose.vargas.5393@correo.com.do
5395,Ricardo Guerrero Guerrero,Cedula,001-1005394-5,849-694-6394,ricardo.guerrero.5394@vimenca-demo.local
5396,Carlos Ramírez Rivera,Cedula,001-1005395-6,849-695-6395,carlos.ramirez.5395@email.do
5397,Camila Alvarez Gutiérrez,Cedula,001-1005396-7,849-696-6396,camila.alvarez.5396@correo.com.do
5398,Isabella Ramírez Ruiz,Cedula,001-1005397-8,829-697-6397,isabella.ramirez.5397@cliente.test
5399,Jorge Gutiérrez Torres,Cedula,001-1005398-9,809-698-6398,jorge.gutierrez.5398@email.do
5400,Fernando Rivera Alvarez,Cedula,001-1005399-1,829-699-6399,fernando.rivera.5399@cliente.test
5401,Juan Guerrero Flores,Cedula,001-1005400-2,809-700-6400,juan.guerrero.5400@correo.com.do
5402,Juan Jiménez García,Cedula,001-1005401-3,829-701-6401,juan.jimenez.5401@correo.com.do
5403,Carmen Gutiérrez Guerrero,Cedula,001-1005402-4,809-702-6402,carmen.gutierrez.5402@cliente.test
5404,Ana Ruiz González,Cedula,001-1005403-5,809-703-6403,ana.ruiz.5403@cliente.test
5405,Jorge Flores Medina,Cedula,001-1005404-6,809-704-6404,jorge.flores.5404@email.do
5406,Valeria Martínez Vargas,Cedula,001-1005405-7,809-705-6405,valeria.martinez.5405@email.do
5407,Pedro Jiménez Rodríguez,Cedula,001-1005406-8,829-706-6406,pedro.jimenez.5406@vimenca-demo.local
5408,Pablo González García,Cedula,001-1005407-9,829-707-6407,pablo.gonzalez.5407@vimenca-demo.local
5409,Miguel García Rodríguez,Cedula,001-1005408-1,849-708-6408,miguel.garcia.5408@cliente.test
5410,Karina Guerrero Mendoza,Cedula,001-1005409-2,809-709-6409,karina.guerrero.5409@vimenca-demo.local
5411,Paola Ramírez Sánchez,Cedula,001-1005410-3,829-710-6410,paola.ramirez.5410@vimenca-demo.local
5412,Sofía Guerrero Ruiz,Cedula,001-1005411-4,809-711-6411,sofia.guerrero.5411@correo.com.do
5413,Claudia Ortiz Mendoza,Cedula,001-1005412-5,809-712-6412,claudia.ortiz.5412@vimenca-demo.local
5414,Manuel González Alvarez,Cedula,001-1005413-6,849-713-6413,manuel.gonzalez.5413@vimenca-demo.local
5415,Pablo García Hernández,Cedula,001-1005414-7,809-714-6414,pablo.garcia.5414@cliente.test
5416,Ricardo Flores Rojas,Cedula,001-1005415-8,809-715-6415,ricardo.flores.5415@cliente.test
5417,Ana Sánchez Díaz,Cedula,001-1005416-9,829-716-6416,ana.sanchez.5416@correo.com.do
5418,Rosa Medina González,Cedula,001-1005417-1,829-717-6417,rosa.medina.5417@email.do
5419,Juan Flores Guerrero,Cedula,001-1005418-2,809-718-6418,juan.flores.5418@email.do
5420,Héctor Pérez Pérez,Cedula,001-1005419-3,809-719-6419,hector.perez.5419@correo.com.do
5421,Carmen Rivera Cruz,Cedula,001-1005420-4,809-720-6420,carmen.rivera.5420@cliente.test
5422,Ricardo Ramírez Rodríguez,Cedula,001-1005421-5,809-721-6421,ricardo.ramirez.5421@cliente.test
5423,Manuel Ruiz Cruz,Cedula,001-1005422-6,849-722-6422,manuel.ruiz.5422@cliente.test
5424,María Rodríguez Peña,Cedula,001-1005423-7,809-723-6423,maria.rodriguez.5423@email.do
5425,Carlos Jiménez Gómez,Cedula,001-1005424-8,829-724-6424,carlos.jimenez.5424@email.do
5426,Héctor Romero González,Cedula,001-1005425-9,849-725-6425,hector.romero.5425@correo.com.do
5427,Alejandro Ramírez Morales,Cedula,001-1005426-1,809-726-6426,alejandro.ramirez.5426@correo.com.do
5428,David Reyes Ortiz,Cedula,001-1005427-2,809-727-6427,david.reyes.5427@vimenca-demo.local
5429,Luis Pérez Ortiz,Cedula,001-1005428-3,809-728-6428,luis.perez.5428@email.do
5430,David Medina Hernández,Cedula,001-1005429-4,809-729-6429,david.medina.5429@correo.com.do
5431,Pablo Ramírez Jiménez,Cedula,001-1005430-5,809-730-6430,pablo.ramirez.5430@cliente.test
5432,Carmen Alvarez Alvarez,Cedula,001-1005431-6,849-731-6431,carmen.alvarez.5431@correo.com.do
5433,Iván Sánchez Sánchez,Cedula,001-1005432-7,809-732-6432,ivan.sanchez.5432@correo.com.do
5434,Laura Ruiz Guerrero,Cedula,001-1005433-8,849-733-6433,laura.ruiz.5433@cliente.test
5435,Carlos Romero Gutiérrez,Cedula,001-1005434-9,809-734-6434,carlos.romero.5434@cliente.test
5436,Ricardo Ortiz González,Cedula,001-1005435-1,809-735-6435,ricardo.ortiz.5435@email.do
5437,José Medina Guerrero,Cedula,001-1005436-2,829-736-6436,jose.medina.5436@vimenca-demo.local
5438,Elena Romero Morales,Cedula,001-1005437-3,829-737-6437,elena.romero.5437@correo.com.do
5439,Andrés Hernández Sánchez,Cedula,001-1005438-4,829-738-6438,andres.hernandez.5438@correo.com.do
5440,Juan Reyes Flores,Cedula,001-1005439-5,809-739-6439,juan.reyes.5439@vimenca-demo.local
5441,Héctor Rodríguez González,Cedula,001-1005440-6,829-740-6440,hector.rodriguez.5440@email.do
5442,Diana Rojas Medina,Cedula,001-1005441-7,809-741-6441,diana.rojas.5441@email.do
5443,Alejandro González Martínez,Cedula,001-1005442-8,809-742-6442,alejandro.gonzalez.5442@cliente.test
5444,Manuel Gómez Sánchez,Cedula,001-1005443-9,849-743-6443,manuel.gomez.5443@email.do
5445,Elena Alvarez Martínez,Cedula,001-1005444-1,849-744-6444,elena.alvarez.5444@email.do
5446,José Hernández Flores,Cedula,001-1005445-2,849-745-6445,jose.hernandez.5445@vimenca-demo.local
5447,Iván Medina Guerrero,Cedula,001-1005446-3,809-746-6446,ivan.medina.5446@cliente.test
5448,Ricardo Jiménez García,Cedula,001-1005447-4,849-747-6447,ricardo.jimenez.5447@email.do
5449,Ana Morales Vargas,Cedula,001-1005448-5,829-748-6448,ana.morales.5448@vimenca-demo.local
5450,Rafael Torres Peña,Cedula,001-1005449-6,829-749-6449,rafael.torres.5449@email.do
5451,Héctor Martínez Vargas,Cedula,001-1005450-7,849-750-6450,hector.martinez.5450@cliente.test
5452,Rosa Romero Ruiz,Cedula,001-1005451-8,849-751-6451,rosa.romero.5451@correo.com.do
5453,Francisco Flores Díaz,Cedula,001-1005452-9,849-752-6452,francisco.flores.5452@vimenca-demo.local
5454,Andrea Díaz Pérez,Cedula,001-1005453-1,809-753-6453,andrea.diaz.5453@cliente.test
5455,Francisco Pérez Pérez,Cedula,001-1005454-2,829-754-6454,francisco.perez.5454@correo.com.do
5456,Andrea Hernández Peña,Cedula,001-1005455-3,809-755-6455,andrea.hernandez.5455@correo.com.do
5457,Óscar Ruiz Cabrera,Cedula,001-1005456-4,849-756-6456,oscar.ruiz.5456@cliente.test
5458,Diana Romero Jiménez,Cedula,001-1005457-5,829-757-6457,diana.romero.5457@cliente.test
5459,Gabriela Ruiz Morales,Cedula,001-1005458-6,809-758-6458,gabriela.ruiz.5458@cliente.test
5460,Laura Reyes Cruz,Cedula,001-1005459-7,809-759-6459,laura.reyes.5459@correo.com.do
5461,Camila Gutiérrez Flores,Cedula,001-1005460-8,829-760-6460,camila.gutierrez.5460@vimenca-demo.local
5462,Valeria García Gutiérrez,Cedula,001-1005461-9,829-761-6461,valeria.garcia.5461@email.do
5463,Natalia Martínez Hernández,Cedula,001-1005462-1,849-762-6462,natalia.martinez.5462@correo.com.do
5464,Carlos Ortiz Rivera,Cedula,001-1005463-2,809-763-6463,carlos.ortiz.5463@email.do
5465,Óscar Rivera Rodríguez,Cedula,001-1005464-3,829-764-6464,oscar.rivera.5464@correo.com.do
5466,Paola Romero Romero,Cedula,001-1005465-4,829-765-6465,paola.romero.5465@email.do
5467,Yolanda Romero Vargas,Cedula,001-1005466-5,809-766-6466,yolanda.romero.5466@email.do
5468,Daniel Torres Flores,Cedula,001-1005467-6,849-767-6467,daniel.torres.5467@vimenca-demo.local
5469,Óscar Flores Reyes,Cedula,001-1005468-7,849-768-6468,oscar.flores.5468@correo.com.do
5470,María Pérez Torres,Cedula,001-1005469-8,829-769-6469,maria.perez.5469@cliente.test
5471,Elena Morales Sánchez,Cedula,001-1005470-9,849-770-6470,elena.morales.5470@email.do
5472,Juan Sánchez Martínez,Cedula,001-1005471-1,809-771-6471,juan.sanchez.5471@email.do
5473,Isabella Castillo Romero,Cedula,001-1005472-2,809-772-6472,isabella.castillo.5472@email.do
5474,Jorge Cabrera Gómez,Cedula,001-1005473-3,809-773-6473,jorge.cabrera.5473@correo.com.do
5475,García & Rodríguez SRL,RNC,1300005474,809-774-6474,laura.garcia.5474@correo.com.do
5476,Natalia Gutiérrez Cruz,Cedula,001-1005475-5,829-775-6475,natalia.gutierrez.5475@email.do
5477,Fernando Reyes Torres,Cedula,001-1005476-6,849-776-6476,fernando.reyes.5476@correo.com.do
5478,Juan García Gutiérrez,Cedula,001-1005477-7,809-777-6477,juan.garcia.5477@correo.com.do
5479,Valeria Pérez Cruz,Cedula,001-1005478-8,809-778-6478,valeria.perez.5478@correo.com.do
5480,Karina Rojas Rojas,Cedula,001-1005479-9,829-779-6479,karina.rojas.5479@correo.com.do
5481,Paola Alvarez Romero,Cedula,001-1005480-1,809-780-6480,paola.alvarez.5480@email.do
5482,Francisco Castillo Ortiz,Cedula,001-1005481-2,829-781-6481,francisco.castillo.5481@email.do
5483,Karina Castillo Ruiz,Cedula,001-1005482-3,849-782-6482,karina.castillo.5482@cliente.test
5484,Claudia Rodríguez Cruz,Cedula,001-1005483-4,849-783-6483,claudia.rodriguez.5483@correo.com.do
5485,David Rivera Ruiz,Cedula,001-1005484-5,849-784-6484,david.rivera.5484@correo.com.do
5486,Óscar Ortiz Flores,Cedula,001-1005485-6,809-785-6485,oscar.ortiz.5485@cliente.test
5487,Carlos Rodríguez García,Cedula,001-1005486-7,849-786-6486,carlos.rodriguez.5486@vimenca-demo.local
5488,Patricia Torres Morales,Cedula,001-1005487-8,809-787-6487,patricia.torres.5487@correo.com.do
5489,Sofía Reyes Martínez,Cedula,001-1005488-9,849-788-6488,sofia.reyes.5488@correo.com.do
5490,Pedro Gómez Martínez,Cedula,001-1005489-1,849-789-6489,pedro.gomez.5489@vimenca-demo.local
5491,Valeria Gómez Gutiérrez,Cedula,001-1005490-2,849-790-6490,valeria.gomez.5490@email.do
5492,Rosa González García,Cedula,001-1005491-3,849-791-6491,rosa.gonzalez.5491@email.do
5493,Valeria Medina Rojas,Cedula,001-1005492-4,809-792-6492,valeria.medina.5492@correo.com.do
5494,Alejandro Ramírez Gómez,Cedula,001-1005493-5,829-793-6493,alejandro.ramirez.5493@email.do
5495,Héctor Morales García,Cedula,001-1005494-6,829-794-6494,hector.morales.5494@cliente.test
5496,Ricardo Hernández Jiménez,Cedula,001-1005495-7,829-795-6495,ricardo.hernandez.5495@vimenca-demo.local
5497,Karina Cabrera Mendoza,Cedula,001-1005496-8,829-796-6496,karina.cabrera.5496@vimenca-demo.local
5498,Óscar Reyes González,Cedula,001-1005497-9,809-797-6497,oscar.reyes.5497@correo.com.do
5499,Luis Ruiz González,Cedula,001-1005498-1,849-798-6498,luis.ruiz.5498@vimenca-demo.local
5500,José Medina González,Cedula,001-1005499-2,849-799-6499,jose.medina.5499@correo.com.do
5501,Camila González Peña,Cedula,001-1005500-3,849-800-6500,camila.gonzalez.5500@email.do
5502,Patricia Gutiérrez Reyes,Cedula,001-1005501-4,809-801-6501,patricia.gutierrez.5501@vimenca-demo.local
5503,Manuel Cabrera Cruz,Cedula,001-1005502-5,809-802-6502,manuel.cabrera.5502@email.do
5504,Lucía Díaz Gutiérrez,Cedula,001-1005503-6,829-803-6503,lucia.diaz.5503@correo.com.do
5505,Valeria Mendoza Gómez,Cedula,001-1005504-7,829-804-6504,valeria.mendoza.5504@email.do
5506,Patricia Medina Peña,Cedula,001-1005505-8,849-805-6505,patricia.medina.5505@vimenca-demo.local
5507,Carmen Morales Rivera,Cedula,001-1005506-9,809-806-6506,carmen.morales.5506@email.do
5508,Jorge Reyes García,Cedula,001-1005507-1,829-807-6507,jorge.reyes.5507@correo.com.do
5509,Pedro Sánchez Jiménez,Cedula,001-1005508-2,849-808-6508,pedro.sanchez.5508@correo.com.do
5510,Francisco Ruiz Mendoza,Cedula,001-1005509-3,809-809-6509,francisco.ruiz.5509@vimenca-demo.local
5511,Natalia Pérez Castillo,Cedula,001-1005510-4,809-810-6510,natalia.perez.5510@cliente.test
5512,Ana Medina Vargas,Cedula,001-1005511-5,829-811-6511,ana.medina.5511@vimenca-demo.local
5513,Paola García Rivera,Cedula,001-1005512-6,809-812-6512,paola.garcia.5512@cliente.test
5514,Carlos Rodríguez Reyes,Cedula,001-1005513-7,809-813-6513,carlos.rodriguez.5513@email.do
5515,Luis Flores Morales,Cedula,001-1005514-8,809-814-6514,luis.flores.5514@cliente.test
5516,Luis Martínez González,Cedula,001-1005515-9,849-815-6515,luis.martinez.5515@email.do
5517,Manuel Reyes Martínez,Cedula,001-1005516-1,809-816-6516,manuel.reyes.5516@correo.com.do
5518,Ana Ramírez Cabrera,Cedula,001-1005517-2,849-817-6517,ana.ramirez.5517@email.do
5519,Óscar Martínez Díaz,Cedula,001-1005518-3,809-818-6518,oscar.martinez.5518@correo.com.do
5520,José Vargas Cabrera,Cedula,001-1005519-4,849-819-6519,jose.vargas.5519@vimenca-demo.local
5521,Alejandro García Ortiz,Cedula,001-1005520-5,829-820-6520,alejandro.garcia.5520@cliente.test
5522,Daniel Torres Guerrero,Cedula,001-1005521-6,829-821-6521,daniel.torres.5521@vimenca-demo.local
5523,Ricardo Romero Rodríguez,Cedula,001-1005522-7,849-822-6522,ricardo.romero.5522@vimenca-demo.local
5524,Ana Cabrera González,Cedula,001-1005523-8,829-823-6523,ana.cabrera.5523@cliente.test
5525,Patricia Rojas Vargas,Cedula,001-1005524-9,829-824-6524,patricia.rojas.5524@vimenca-demo.local
5526,José Pérez Jiménez,Cedula,001-1005525-1,829-825-6525,jose.perez.5525@correo.com.do
5527,Sofía García Díaz,Cedula,001-1005526-2,849-826-6526,sofia.garcia.5526@cliente.test
5528,Laura Romero Rivera,Cedula,001-1005527-3,809-827-6527,laura.romero.5527@cliente.test
5529,Valeria Torres Díaz,Cedula,001-1005528-4,809-828-6528,valeria.torres.5528@cliente.test
5530,Isabella Morales Ruiz,Cedula,001-1005529-5,809-829-6529,isabella.morales.5529@email.do
5531,Daniel Alvarez Pérez,Cedula,001-1005530-6,829-830-6530,daniel.alvarez.5530@email.do
5532,Ana Cruz Reyes,Cedula,001-1005531-7,849-831-6531,ana.cruz.5531@correo.com.do
5533,Fernando Rojas Morales,Cedula,001-1005532-8,829-832-6532,fernando.rojas.5532@cliente.test
5534,Fernando González Rojas,Cedula,001-1005533-9,829-833-6533,fernando.gonzalez.5533@email.do
5535,Miguel Peña Jiménez,Cedula,001-1005534-1,829-834-6534,miguel.peña.5534@cliente.test
5536,Andrea Reyes Gutiérrez,Cedula,001-1005535-2,849-835-6535,andrea.reyes.5535@vimenca-demo.local
5537,Diana Ortiz Reyes,Cedula,001-1005536-3,849-836-6536,diana.ortiz.5536@correo.com.do
5538,María Hernández Rodríguez,Cedula,001-1005537-4,829-837-6537,maria.hernandez.5537@email.do
5539,Juan Rodríguez Morales,Cedula,001-1005538-5,849-838-6538,juan.rodriguez.5538@correo.com.do
5540,Rosa Gutiérrez Hernández,Cedula,001-1005539-6,829-839-6539,rosa.gutierrez.5539@cliente.test
5541,Manuel González Torres,Cedula,001-1005540-7,829-840-6540,manuel.gonzalez.5540@vimenca-demo.local
5542,Laura Rivera Rodríguez,Cedula,001-1005541-8,849-841-6541,laura.rivera.5541@vimenca-demo.local
5543,Héctor Cabrera Romero,Cedula,001-1005542-9,849-842-6542,hector.cabrera.5542@cliente.test
5544,Manuel Pérez González,Cedula,001-1005543-1,829-843-6543,manuel.perez.5543@correo.com.do
5545,Óscar Guerrero Flores,Cedula,001-1005544-2,809-844-6544,oscar.guerrero.5544@vimenca-demo.local
5546,Jorge Flores Hernández,Cedula,001-1005545-3,809-845-6545,jorge.flores.5545@email.do
5547,Fernando Castillo Mendoza,Cedula,001-1005546-4,829-846-6546,fernando.castillo.5546@vimenca-demo.local
5548,Pedro Alvarez Pérez,Cedula,001-1005547-5,849-847-6547,pedro.alvarez.5547@correo.com.do
5549,Claudia Ortiz Alvarez,Cedula,001-1005548-6,849-848-6548,claudia.ortiz.5548@email.do
5550,Natalia Martínez Gutiérrez,Cedula,001-1005549-7,829-849-6549,natalia.martinez.5549@email.do
5551,Sofía García Rojas,Cedula,001-1005550-8,809-850-6550,sofia.garcia.5550@cliente.test
5552,Rosa Torres Gómez,Cedula,001-1005551-9,849-851-6551,rosa.torres.5551@vimenca-demo.local
5553,Camila Medina Sánchez,Cedula,001-1005552-1,849-852-6552,camila.medina.5552@correo.com.do
5554,Lucía Flores Hernández,Cedula,001-1005553-2,849-853-6553,lucia.flores.5553@cliente.test
5555,José Cruz Cruz,Cedula,001-1005554-3,809-854-6554,jose.cruz.5554@vimenca-demo.local
5556,Jorge Rojas Pérez,Cedula,001-1005555-4,809-855-6555,jorge.rojas.5555@correo.com.do
5557,Ana Martínez Sánchez,Cedula,001-1005556-5,829-856-6556,ana.martinez.5556@vimenca-demo.local
5558,Carmen Castillo Romero,Cedula,001-1005557-6,809-857-6557,carmen.castillo.5557@vimenca-demo.local
5559,Ana Torres Rojas,Cedula,001-1005558-7,809-858-6558,ana.torres.5558@correo.com.do
5560,Fernando Rodríguez Rivera,Cedula,001-1005559-8,809-859-6559,fernando.rodriguez.5559@cliente.test
5561,Sofía Ortiz González,Cedula,001-1005560-9,849-860-6560,sofia.ortiz.5560@correo.com.do
5562,Camila Cruz Rodríguez,Cedula,001-1005561-1,809-861-6561,camila.cruz.5561@correo.com.do
5563,María Rodríguez Mendoza,Cedula,001-1005562-2,809-862-6562,maria.rodriguez.5562@email.do
5564,Yolanda Reyes Ruiz,Cedula,001-1005563-3,809-863-6563,yolanda.reyes.5563@correo.com.do
5565,Pedro Medina Flores,Cedula,001-1005564-4,809-864-6564,pedro.medina.5564@correo.com.do
5566,Laura Rivera Peña,Cedula,001-1005565-5,809-865-6565,laura.rivera.5565@cliente.test
5567,Sofía Pérez Alvarez,Cedula,001-1005566-6,849-866-6566,sofia.perez.5566@cliente.test
5568,Rafael Hernández Guerrero,Cedula,001-1005567-7,849-867-6567,rafael.hernandez.5567@cliente.test
5569,Natalia Morales Rodríguez,Cedula,001-1005568-8,849-868-6568,natalia.morales.5568@correo.com.do
5570,Ricardo Cabrera Peña,Cedula,001-1005569-9,829-869-6569,ricardo.cabrera.5569@email.do
5571,Claudia Alvarez Rodríguez,Cedula,001-1005570-1,809-870-6570,claudia.alvarez.5570@vimenca-demo.local
5572,Karina Vargas Rivera,Cedula,001-1005571-2,849-871-6571,karina.vargas.5571@cliente.test
5573,David Rojas Díaz,Cedula,001-1005572-3,849-872-6572,david.rojas.5572@correo.com.do
5574,Andrés Martínez Ramírez,Cedula,001-1005573-4,829-873-6573,andres.martinez.5573@cliente.test
5575,Patricia Gómez Gutiérrez,Cedula,001-1005574-5,849-874-6574,patricia.gomez.5574@email.do
5576,Andrés García Ortiz,Cedula,001-1005575-6,849-875-6575,andres.garcia.5575@email.do
5577,Lucía Castillo Rojas,Cedula,001-1005576-7,849-876-6576,lucia.castillo.5576@cliente.test
5578,Juan Ortiz González,Cedula,001-1005577-8,849-877-6577,juan.ortiz.5577@cliente.test
5579,Luis Mendoza Torres,Cedula,001-1005578-9,809-878-6578,luis.mendoza.5578@cliente.test
5580,Héctor Pérez Morales,Cedula,001-1005579-1,849-879-6579,hector.perez.5579@correo.com.do
5581,Camila Pérez Alvarez,Cedula,001-1005580-2,809-880-6580,camila.perez.5580@cliente.test
5582,Francisco Cabrera Ramírez,Cedula,001-1005581-3,829-881-6581,francisco.cabrera.5581@cliente.test
5583,Gabriela Ortiz Alvarez,Cedula,001-1005582-4,849-882-6582,gabriela.ortiz.5582@correo.com.do
5584,Carmen Ortiz Gómez,Cedula,001-1005583-5,809-883-6583,carmen.ortiz.5583@email.do
5585,Iván Cabrera Morales,Cedula,001-1005584-6,809-884-6584,ivan.cabrera.5584@correo.com.do
5586,Ana Medina Rivera,Cedula,001-1005585-7,849-885-6585,ana.medina.5585@correo.com.do
5587,Natalia Díaz Medina,Cedula,001-1005586-8,829-886-6586,natalia.diaz.5586@vimenca-demo.local
5588,Camila Rodríguez García,Cedula,001-1005587-9,849-887-6587,camila.rodriguez.5587@email.do
5589,Valeria Castillo Rojas,Cedula,001-1005588-1,809-888-6588,valeria.castillo.5588@vimenca-demo.local
5590,Francisco Ramírez Cabrera,Cedula,001-1005589-2,809-889-6589,francisco.ramirez.5589@cliente.test
5591,María Guerrero Pérez,Cedula,001-1005590-3,849-890-6590,maria.guerrero.5590@cliente.test
5592,Carlos Medina Cruz,Cedula,001-1005591-4,849-891-6591,carlos.medina.5591@cliente.test
5593,Jorge Rojas Reyes,Cedula,001-1005592-5,829-892-6592,jorge.rojas.5592@vimenca-demo.local
5594,Gabriela García Cruz,Cedula,001-1005593-6,849-893-6593,gabriela.garcia.5593@cliente.test
5595,Jorge Martínez Morales,Cedula,001-1005594-7,809-894-6594,jorge.martinez.5594@correo.com.do
5596,Paola Rojas Peña,Cedula,001-1005595-8,849-895-6595,paola.rojas.5595@vimenca-demo.local
5597,Manuel Martínez Gómez,Cedula,001-1005596-9,849-896-6596,manuel.martinez.5596@correo.com.do
5598,Andrés Guerrero Morales,Cedula,001-1005597-1,809-897-6597,andres.guerrero.5597@vimenca-demo.local
5599,Ricardo Martínez García,Cedula,001-1005598-2,809-898-6598,ricardo.martinez.5598@cliente.test
5600,Laura Ramírez Díaz,Cedula,001-1005599-3,849-899-6599,laura.ramirez.5599@correo.com.do
5601,Lucía Alvarez Flores,Cedula,001-1005600-4,829-500-6600,lucia.alvarez.5600@email.do
5602,Laura Mendoza Romero,Cedula,001-1005601-5,849-501-6601,laura.mendoza.5601@correo.com.do
5603,Andrea Rojas Torres,Cedula,001-1005602-6,829-502-6602,andrea.rojas.5602@email.do
5604,Andrea Rojas Rivera,Cedula,001-1005603-7,809-503-6603,andrea.rojas.5603@correo.com.do
5605,José García Rivera,Cedula,001-1005604-8,849-504-6604,jose.garcia.5604@correo.com.do
5606,Óscar Jiménez Medina,Cedula,001-1005605-9,809-505-6605,oscar.jimenez.5605@correo.com.do
5607,Daniel Rojas Torres,Cedula,001-1005606-1,809-506-6606,daniel.rojas.5606@correo.com.do
5608,Rafael Díaz Peña,Cedula,001-1005607-2,829-507-6607,rafael.diaz.5607@correo.com.do
5609,Gabriela Romero Díaz,Cedula,001-1005608-3,849-508-6608,gabriela.romero.5608@cliente.test
5610,Diana Cruz Mendoza,Cedula,001-1005609-4,809-509-6609,diana.cruz.5609@email.do
5611,Claudia Rojas Gómez,Cedula,001-1005610-5,829-510-6610,claudia.rojas.5610@email.do
5612,Natalia Martínez Martínez,Cedula,001-1005611-6,829-511-6611,natalia.martinez.5611@correo.com.do
5613,José Guerrero Pérez,Cedula,001-1005612-7,829-512-6612,jose.guerrero.5612@vimenca-demo.local
5614,Héctor Flores Alvarez,Cedula,001-1005613-8,829-513-6613,hector.flores.5613@email.do
5615,Camila Guerrero Medina,Cedula,001-1005614-9,809-514-6614,camila.guerrero.5614@cliente.test
5616,Daniel Ortiz Torres,Cedula,001-1005615-1,829-515-6615,daniel.ortiz.5615@vimenca-demo.local
5617,Andrés González Ruiz,Cedula,001-1005616-2,829-516-6616,andres.gonzalez.5616@correo.com.do
5618,Isabella Gómez Medina,Cedula,001-1005617-3,809-517-6617,isabella.gomez.5617@correo.com.do
5619,Patricia Hernández Díaz,Cedula,001-1005618-4,849-518-6618,patricia.hernandez.5618@cliente.test
5620,Rafael Gómez Díaz,Cedula,001-1005619-5,809-519-6619,rafael.gomez.5619@vimenca-demo.local
5621,Ricardo Rojas Vargas,Cedula,001-1005620-6,849-520-6620,ricardo.rojas.5620@correo.com.do
5622,Yolanda Reyes Sánchez,Cedula,001-1005621-7,849-521-6621,yolanda.reyes.5621@email.do
5623,Ricardo García González,Cedula,001-1005622-8,829-522-6622,ricardo.garcia.5622@vimenca-demo.local
5624,Óscar Alvarez Romero,Cedula,001-1005623-9,829-523-6623,oscar.alvarez.5623@vimenca-demo.local
5625,Óscar Alvarez Reyes,Cedula,001-1005624-1,809-524-6624,oscar.alvarez.5624@cliente.test
5626,Carlos Díaz Martínez,Cedula,001-1005625-2,809-525-6625,carlos.diaz.5625@cliente.test
5627,José Reyes Ramírez,Cedula,001-1005626-3,849-526-6626,jose.reyes.5626@correo.com.do
5628,Pablo Pérez Díaz,Cedula,001-1005627-4,829-527-6627,pablo.perez.5627@cliente.test
5629,Gabriela Ruiz Vargas,Cedula,001-1005628-5,829-528-6628,gabriela.ruiz.5628@email.do
5630,Luis Ramírez Pérez,Cedula,001-1005629-6,829-529-6629,luis.ramirez.5629@cliente.test
5631,Rosa Torres Gutiérrez,Cedula,001-1005630-7,809-530-6630,rosa.torres.5630@correo.com.do
5632,Iván Rivera Guerrero,Cedula,001-1005631-8,829-531-6631,ivan.rivera.5631@correo.com.do
5633,Camila Rojas Gómez,Cedula,001-1005632-9,849-532-6632,camila.rojas.5632@cliente.test
5634,Ana Cruz Rodríguez,Cedula,001-1005633-1,849-533-6633,ana.cruz.5633@email.do
5635,Ana Gómez Flores,Cedula,001-1005634-2,849-534-6634,ana.gomez.5634@cliente.test
5636,Lucía Cruz González,Cedula,001-1005635-3,809-535-6635,lucia.cruz.5635@cliente.test
5637,Natalia Gutiérrez Guerrero,Cedula,001-1005636-4,809-536-6636,natalia.gutierrez.5636@vimenca-demo.local
5638,Iván Morales Morales,Cedula,001-1005637-5,809-537-6637,ivan.morales.5637@vimenca-demo.local
5639,Juan Reyes Vargas,Cedula,001-1005638-6,849-538-6638,juan.reyes.5638@cliente.test
5640,Laura González Ortiz,Cedula,001-1005639-7,849-539-6639,laura.gonzalez.5639@correo.com.do
5641,Laura Gómez Ramírez,Cedula,001-1005640-8,829-540-6640,laura.gomez.5640@cliente.test
5642,Héctor Mendoza González,Cedula,001-1005641-9,849-541-6641,hector.mendoza.5641@vimenca-demo.local
5643,Francisco Ramírez Cabrera,Cedula,001-1005642-1,849-542-6642,francisco.ramirez.5642@cliente.test
5644,Camila Guerrero Ortiz,Cedula,001-1005643-2,829-543-6643,camila.guerrero.5643@correo.com.do
5645,José Medina Flores,Cedula,001-1005644-3,849-544-6644,jose.medina.5644@cliente.test
5646,Patricia Sánchez Rodríguez,Cedula,001-1005645-4,829-545-6645,patricia.sanchez.5645@vimenca-demo.local
5647,Sofía Flores García,Cedula,001-1005646-5,809-546-6646,sofia.flores.5646@vimenca-demo.local
5648,Lucía Guerrero Jiménez,Cedula,001-1005647-6,829-547-6647,lucia.guerrero.5647@email.do
5649,Carmen Hernández Morales,Cedula,001-1005648-7,829-548-6648,carmen.hernandez.5648@correo.com.do
5650,Yolanda Rojas Reyes,Cedula,001-1005649-8,829-549-6649,yolanda.rojas.5649@cliente.test
5651,Juan Gómez Ramírez,Cedula,001-1005650-9,829-550-6650,juan.gomez.5650@vimenca-demo.local
5652,Iván Rodríguez Romero,Cedula,001-1005651-1,849-551-6651,ivan.rodriguez.5651@cliente.test
5653,Yolanda Cabrera Reyes,Cedula,001-1005652-2,849-552-6652,yolanda.cabrera.5652@cliente.test
5654,David Díaz Flores,Cedula,001-1005653-3,829-553-6653,david.diaz.5653@email.do
5655,Miguel Hernández Mendoza,Cedula,001-1005654-4,809-554-6654,miguel.hernandez.5654@correo.com.do
5656,Lucía Flores González,Cedula,001-1005655-5,829-555-6655,lucia.flores.5655@email.do
5657,Laura Rojas Cruz,Cedula,001-1005656-6,829-556-6656,laura.rojas.5656@email.do
5658,Laura Sánchez Rodríguez,Cedula,001-1005657-7,809-557-6657,laura.sanchez.5657@email.do
5659,Manuel Ortiz Pérez,Cedula,001-1005658-8,809-558-6658,manuel.ortiz.5658@correo.com.do
5660,Pablo Guerrero Díaz,Cedula,001-1005659-9,829-559-6659,pablo.guerrero.5659@cliente.test
5661,Yolanda Pérez Ortiz,Cedula,001-1005660-1,829-560-6660,yolanda.perez.5660@correo.com.do
5662,María Rodríguez Alvarez,Cedula,001-1005661-2,809-561-6661,maria.rodriguez.5661@vimenca-demo.local
5663,Claudia Cabrera Ruiz,Cedula,001-1005662-3,809-562-6662,claudia.cabrera.5662@vimenca-demo.local
5664,Diana Flores Guerrero,Cedula,001-1005663-4,849-563-6663,diana.flores.5663@cliente.test
5665,Natalia Torres Rodríguez,Cedula,001-1005664-5,809-564-6664,natalia.torres.5664@vimenca-demo.local
5666,Rafael Guerrero Morales,Cedula,001-1005665-6,809-565-6665,rafael.guerrero.5665@correo.com.do
5667,Karina Rojas Medina,Cedula,001-1005666-7,809-566-6666,karina.rojas.5666@email.do
5668,José Cabrera Sánchez,Cedula,001-1005667-8,849-567-6667,jose.cabrera.5667@cliente.test
5669,Natalia García Pérez,Cedula,001-1005668-9,809-568-6668,natalia.garcia.5668@vimenca-demo.local
5670,Fernando Flores Ortiz,Cedula,001-1005669-1,809-569-6669,fernando.flores.5669@correo.com.do
5671,Óscar Ruiz García,Cedula,001-1005670-2,829-570-6670,oscar.ruiz.5670@correo.com.do
5672,Pablo Cabrera Cabrera,Cedula,001-1005671-3,809-571-6671,pablo.cabrera.5671@correo.com.do
5673,Pedro Cruz Peña,Cedula,001-1005672-4,829-572-6672,pedro.cruz.5672@email.do
5674,Carlos Cabrera Gómez,Cedula,001-1005673-5,809-573-6673,carlos.cabrera.5673@correo.com.do
5675,Diana Hernández Ramírez,Cedula,001-1005674-6,809-574-6674,diana.hernandez.5674@email.do
5676,Héctor Guerrero Reyes,Cedula,001-1005675-7,829-575-6675,hector.guerrero.5675@email.do
5677,Elena Cruz Hernández,Cedula,001-1005676-8,809-576-6676,elena.cruz.5676@email.do
5678,Iván Sánchez Hernández,Cedula,001-1005677-9,829-577-6677,ivan.sanchez.5677@vimenca-demo.local
5679,Óscar Torres Peña,Cedula,001-1005678-1,849-578-6678,oscar.torres.5678@correo.com.do
5680,Patricia Hernández Rodríguez,Cedula,001-1005679-2,829-579-6679,patricia.hernandez.5679@cliente.test
5681,Valeria Rodríguez Sánchez,Cedula,001-1005680-3,849-580-6680,valeria.rodriguez.5680@vimenca-demo.local
5682,Claudia Guerrero Ruiz,Cedula,001-1005681-4,809-581-6681,claudia.guerrero.5681@vimenca-demo.local
5683,Yolanda Torres Romero,Cedula,001-1005682-5,809-582-6682,yolanda.torres.5682@email.do
5684,Pablo Mendoza Sánchez,Cedula,001-1005683-6,809-583-6683,pablo.mendoza.5683@cliente.test
5685,Andrea Rojas Martínez,Cedula,001-1005684-7,849-584-6684,andrea.rojas.5684@email.do
5686,Andrés Guerrero Cruz,Cedula,001-1005685-8,829-585-6685,andres.guerrero.5685@email.do
5687,Luis Rivera Alvarez,Cedula,001-1005686-9,809-586-6686,luis.rivera.5686@cliente.test
5688,Francisco Guerrero Morales,Cedula,001-1005687-1,829-587-6687,francisco.guerrero.5687@cliente.test
5689,Fernando Vargas Gómez,Cedula,001-1005688-2,829-588-6688,fernando.vargas.5688@email.do
5690,María Ruiz Vargas,Cedula,001-1005689-3,829-589-6689,maria.ruiz.5689@vimenca-demo.local
5691,Laura Hernández Ortiz,Cedula,001-1005690-4,849-590-6690,laura.hernandez.5690@vimenca-demo.local
5692,Karina Díaz García,Cedula,001-1005691-5,849-591-6691,karina.diaz.5691@cliente.test
5693,Juan Gutiérrez Rojas,Cedula,001-1005692-6,829-592-6692,juan.gutierrez.5692@cliente.test
5694,Juan Morales Romero,Cedula,001-1005693-7,829-593-6693,juan.morales.5693@cliente.test
5695,Héctor Rojas Rojas,Cedula,001-1005694-8,809-594-6694,hector.rojas.5694@correo.com.do
5696,Carlos Ruiz García,Cedula,001-1005695-9,849-595-6695,carlos.ruiz.5695@correo.com.do
5697,María Jiménez Rodríguez,Cedula,001-1005696-1,809-596-6696,maria.jimenez.5696@email.do
5698,Miguel Cabrera Díaz,Cedula,001-1005697-2,809-597-6697,miguel.cabrera.5697@vimenca-demo.local
5699,Claudia Rodríguez Flores,Cedula,001-1005698-3,849-598-6698,claudia.rodriguez.5698@vimenca-demo.local
5700,Paola Peña Rodríguez,Cedula,001-1005699-4,809-599-6699,paola.peña.5699@email.do
5701,María Díaz Ramírez,Cedula,001-1005700-5,809-600-6700,maria.diaz.5700@email.do
5702,Ana García Sánchez,Cedula,001-1005701-6,829-601-6701,ana.garcia.5701@email.do
5703,Miguel Rodríguez González,Cedula,001-1005702-7,849-602-6702,miguel.rodriguez.5702@vimenca-demo.local
5704,David Díaz Rojas,Cedula,001-1005703-8,809-603-6703,david.diaz.5703@correo.com.do
5705,Claudia Cabrera Romero,Cedula,001-1005704-9,829-604-6704,claudia.cabrera.5704@email.do
5706,Diana Gómez Medina,Cedula,001-1005705-1,809-605-6705,diana.gomez.5705@correo.com.do
5707,Fernando Hernández Gutiérrez,Cedula,001-1005706-2,849-606-6706,fernando.hernandez.5706@vimenca-demo.local
5708,Laura Jiménez Ramírez,Cedula,001-1005707-3,809-607-6707,laura.jimenez.5707@email.do
5709,María Rivera Rojas,Cedula,001-1005708-4,829-608-6708,maria.rivera.5708@email.do
5710,María Hernández Morales,Cedula,001-1005709-5,809-609-6709,maria.hernandez.5709@email.do
5711,Andrea García Díaz,Cedula,001-1005710-6,809-610-6710,andrea.garcia.5710@email.do
5712,Francisco Guerrero Medina,Cedula,001-1005711-7,829-611-6711,francisco.guerrero.5711@vimenca-demo.local
5713,Pedro Sánchez Cabrera,Cedula,001-1005712-8,829-612-6712,pedro.sanchez.5712@correo.com.do
5714,David Alvarez Jiménez,Cedula,001-1005713-9,829-613-6713,david.alvarez.5713@cliente.test
5715,Claudia Jiménez Jiménez,Cedula,001-1005714-1,809-614-6714,claudia.jimenez.5714@email.do
5716,Andrés González Torres,Cedula,001-1005715-2,829-615-6715,andres.gonzalez.5715@cliente.test
5717,Carmen Martínez Ortiz,Cedula,001-1005716-3,829-616-6716,carmen.martinez.5716@cliente.test
5718,Karina Díaz Flores,Cedula,001-1005717-4,809-617-6717,karina.diaz.5717@email.do
5719,Juan Cruz Sánchez,Cedula,001-1005718-5,849-618-6718,juan.cruz.5718@vimenca-demo.local
5720,Pedro Hernández Ramírez,Cedula,001-1005719-6,829-619-6719,pedro.hernandez.5719@cliente.test
5721,Claudia Medina Pérez,Cedula,001-1005720-7,809-620-6720,claudia.medina.5720@email.do
5722,Fernando Reyes Martínez,Cedula,001-1005721-8,809-621-6721,fernando.reyes.5721@email.do
5723,Gabriela Díaz Torres,Cedula,001-1005722-9,809-622-6722,gabriela.diaz.5722@cliente.test
5724,Óscar Rojas Flores,Cedula,001-1005723-1,829-623-6723,oscar.rojas.5723@cliente.test
5725,Manuel Castillo Rojas,Cedula,001-1005724-2,829-624-6724,manuel.castillo.5724@cliente.test
5726,Ricardo Pérez Cabrera,Cedula,001-1005725-3,849-625-6725,ricardo.perez.5725@email.do
5727,José Cabrera Jiménez,Cedula,001-1005726-4,809-626-6726,jose.cabrera.5726@cliente.test
5728,Iván Medina Alvarez,Cedula,001-1005727-5,809-627-6727,ivan.medina.5727@email.do
5729,Juan Hernández Hernández,Cedula,001-1005728-6,849-628-6728,juan.hernandez.5728@email.do
5730,Andrea Cabrera Flores,Cedula,001-1005729-7,809-629-6729,andrea.cabrera.5729@vimenca-demo.local
5731,Elena Rodríguez Ramírez,Cedula,001-1005730-8,849-630-6730,elena.rodriguez.5730@email.do
5732,Rafael Martínez Díaz,Cedula,001-1005731-9,829-631-6731,rafael.martinez.5731@email.do
5733,Jorge García Gómez,Cedula,001-1005732-1,829-632-6732,jorge.garcia.5732@correo.com.do
5734,Laura Romero Alvarez,Cedula,001-1005733-2,809-633-6733,laura.romero.5733@email.do
5735,Karina Vargas Pérez,Cedula,001-1005734-3,809-634-6734,karina.vargas.5734@vimenca-demo.local
5736,Luis Gutiérrez Rojas,Cedula,001-1005735-4,829-635-6735,luis.gutierrez.5735@cliente.test
5737,Karina Reyes Vargas,Cedula,001-1005736-5,829-636-6736,karina.reyes.5736@email.do
5738,Pablo Jiménez González,Cedula,001-1005737-6,849-637-6737,pablo.jimenez.5737@vimenca-demo.local
5739,Valeria Rojas González,Cedula,001-1005738-7,809-638-6738,valeria.rojas.5738@email.do
5740,Camila Ruiz Torres,Cedula,001-1005739-8,849-639-6739,camila.ruiz.5739@vimenca-demo.local
5741,Daniel Mendoza Peña,Cedula,001-1005740-9,849-640-6740,daniel.mendoza.5740@correo.com.do
5742,Ana Romero Peña,Cedula,001-1005741-1,829-641-6741,ana.romero.5741@correo.com.do
5743,Andrea Ortiz Ortiz,Cedula,001-1005742-2,829-642-6742,andrea.ortiz.5742@correo.com.do
5744,Isabella Vargas Cruz,Cedula,001-1005743-3,809-643-6743,isabella.vargas.5743@email.do
5745,Sofía Alvarez Sánchez,Cedula,001-1005744-4,829-644-6744,sofia.alvarez.5744@cliente.test
5746,Rafael Díaz Rojas,Cedula,001-1005745-5,809-645-6745,rafael.diaz.5745@correo.com.do
5747,David Reyes Mendoza,Cedula,001-1005746-6,829-646-6746,david.reyes.5746@vimenca-demo.local
5748,Elena Rodríguez Cabrera,Cedula,001-1005747-7,849-647-6747,elena.rodriguez.5747@vimenca-demo.local
5749,Camila Medina Medina,Cedula,001-1005748-8,849-648-6748,camila.medina.5748@vimenca-demo.local
5750,Lucía Gutiérrez Ramírez,Cedula,001-1005749-9,829-649-6749,lucia.gutierrez.5749@email.do
5751,Óscar Mendoza Medina,Cedula,001-1005750-1,809-650-6750,oscar.mendoza.5750@cliente.test
5752,Fernando Medina Sánchez,Cedula,001-1005751-2,849-651-6751,fernando.medina.5751@correo.com.do
5753,Camila Flores Cruz,Cedula,001-1005752-3,809-652-6752,camila.flores.5752@cliente.test
5754,Karina Alvarez Sánchez,Cedula,001-1005753-4,829-653-6753,karina.alvarez.5753@vimenca-demo.local
5755,Laura Rojas Alvarez,Cedula,001-1005754-5,849-654-6754,laura.rojas.5754@vimenca-demo.local
5756,Alejandro Martínez Medina,Cedula,001-1005755-6,809-655-6755,alejandro.martinez.5755@cliente.test
5757,Natalia Sánchez Sánchez,Cedula,001-1005756-7,829-656-6756,natalia.sanchez.5756@email.do
5758,Juan Alvarez Pérez,Cedula,001-1005757-8,829-657-6757,juan.alvarez.5757@email.do
5759,Fernando Sánchez Alvarez,Cedula,001-1005758-9,829-658-6758,fernando.sanchez.5758@vimenca-demo.local
5760,Ana Ruiz Morales,Cedula,001-1005759-1,849-659-6759,ana.ruiz.5759@email.do
5761,Valeria Cabrera Sánchez,Cedula,001-1005760-2,809-660-6760,valeria.cabrera.5760@correo.com.do
5762,María Medina Sánchez,Cedula,001-1005761-3,829-661-6761,maria.medina.5761@email.do
5763,Pedro Rivera Hernández,Cedula,001-1005762-4,849-662-6762,pedro.rivera.5762@email.do
5764,Juan Medina García,Cedula,001-1005763-5,829-663-6763,juan.medina.5763@cliente.test
5765,María Guerrero Mendoza,Cedula,001-1005764-6,809-664-6764,maria.guerrero.5764@cliente.test
5766,Francisco Morales Cruz,Cedula,001-1005765-7,829-665-6765,francisco.morales.5765@correo.com.do
5767,David Guerrero Guerrero,Cedula,001-1005766-8,849-666-6766,david.guerrero.5766@correo.com.do
5768,Alejandro Morales Ramírez,Cedula,001-1005767-9,809-667-6767,alejandro.morales.5767@email.do
5769,Gabriela Guerrero Rivera,Cedula,001-1005768-1,809-668-6768,gabriela.guerrero.5768@correo.com.do
5770,Patricia Jiménez Martínez,Cedula,001-1005769-2,849-669-6769,patricia.jimenez.5769@correo.com.do
5771,Pedro Hernández Torres,Cedula,001-1005770-3,829-670-6770,pedro.hernandez.5770@email.do
5772,Carmen Ruiz Jiménez,Cedula,001-1005771-4,809-671-6771,carmen.ruiz.5771@email.do
5773,María Rivera Guerrero,Cedula,001-1005772-5,809-672-6772,maria.rivera.5772@cliente.test
5774,Pedro Hernández Torres,Cedula,001-1005773-6,809-673-6773,pedro.hernandez.5773@cliente.test
5775,Carlos Morales García,Cedula,001-1005774-7,829-674-6774,carlos.morales.5774@email.do
5776,Isabella Castillo Rodríguez,Cedula,001-1005775-8,829-675-6775,isabella.castillo.5775@vimenca-demo.local
5777,Elena Cruz Pérez,Cedula,001-1005776-9,809-676-6776,elena.cruz.5776@cliente.test
5778,Gabriela Morales Rojas,Cedula,001-1005777-1,829-677-6777,gabriela.morales.5777@email.do
5779,Diana Ramírez Mendoza,Cedula,001-1005778-2,809-678-6778,diana.ramirez.5778@vimenca-demo.local
5780,Juan Hernández Gómez,Cedula,001-1005779-3,829-679-6779,juan.hernandez.5779@email.do
5781,Ana Ramírez Flores,Cedula,001-1005780-4,809-680-6780,ana.ramirez.5780@cliente.test
5782,Iván Guerrero Morales,Cedula,001-1005781-5,809-681-6781,ivan.guerrero.5781@email.do
5783,Andrés Ramírez Rojas,Cedula,001-1005782-6,829-682-6782,andres.ramirez.5782@email.do
5784,Andrés García Vargas,Cedula,001-1005783-7,829-683-6783,andres.garcia.5783@vimenca-demo.local
5785,Pedro Morales Rivera,Cedula,001-1005784-8,809-684-6784,pedro.morales.5784@email.do
5786,Rafael Cruz Díaz,Cedula,001-1005785-9,829-685-6785,rafael.cruz.5785@vimenca-demo.local
5787,Andrés Peña Romero,Cedula,001-1005786-1,829-686-6786,andres.peña.5786@email.do
5788,Ana Reyes Ortiz,Cedula,001-1005787-2,849-687-6787,ana.reyes.5787@cliente.test
5789,Alejandro Ortiz Morales,Cedula,001-1005788-3,829-688-6788,alejandro.ortiz.5788@correo.com.do
5790,Laura Medina Flores,Cedula,001-1005789-4,809-689-6789,laura.medina.5789@vimenca-demo.local
5791,Claudia Rodríguez Guerrero,Cedula,001-1005790-5,829-690-6790,claudia.rodriguez.5790@vimenca-demo.local
5792,Miguel Ortiz Gómez,Cedula,001-1005791-6,809-691-6791,miguel.ortiz.5791@vimenca-demo.local
5793,Camila Ruiz Reyes,Cedula,001-1005792-7,809-692-6792,camila.ruiz.5792@correo.com.do
5794,Isabella Jiménez Jiménez,Cedula,001-1005793-8,809-693-6793,isabella.jimenez.5793@email.do
5795,Rosa Mendoza Sánchez,Cedula,001-1005794-9,809-694-6794,rosa.mendoza.5794@correo.com.do
5796,Diana Ruiz Torres,Cedula,001-1005795-1,829-695-6795,diana.ruiz.5795@cliente.test
5797,Elena Alvarez Flores,Cedula,001-1005796-2,829-696-6796,elena.alvarez.5796@correo.com.do
5798,María Torres Flores,Cedula,001-1005797-3,829-697-6797,maria.torres.5797@vimenca-demo.local
5799,David Medina Ramírez,Cedula,001-1005798-4,849-698-6798,david.medina.5798@cliente.test
5800,Valeria Reyes Hernández,Cedula,001-1005799-5,809-699-6799,valeria.reyes.5799@correo.com.do
5801,Jorge Rojas Rivera,Cedula,001-1005800-6,849-700-6800,jorge.rojas.5800@vimenca-demo.local
5802,Patricia Cruz Guerrero,Cedula,001-1005801-7,829-701-6801,patricia.cruz.5801@email.do
5803,Natalia Hernández Rodríguez,Cedula,001-1005802-8,849-702-6802,natalia.hernandez.5802@vimenca-demo.local
5804,Pablo Sánchez Ramírez,Cedula,001-1005803-9,849-703-6803,pablo.sanchez.5803@cliente.test
5805,Elena Martínez Vargas,Cedula,001-1005804-1,809-704-6804,elena.martinez.5804@correo.com.do
5806,Yolanda Gómez Torres,Cedula,001-1005805-2,849-705-6805,yolanda.gomez.5805@vimenca-demo.local
5807,Daniel Ortiz Romero,Cedula,001-1005806-3,809-706-6806,daniel.ortiz.5806@vimenca-demo.local
5808,Pedro Cruz Romero,Cedula,001-1005807-4,809-707-6807,pedro.cruz.5807@vimenca-demo.local
5809,Daniel Alvarez Hernández,Cedula,001-1005808-5,809-708-6808,daniel.alvarez.5808@correo.com.do
5810,Karina Alvarez Torres,Cedula,001-1005809-6,849-709-6809,karina.alvarez.5809@cliente.test
5811,Miguel Flores Castillo,Cedula,001-1005810-7,809-710-6810,miguel.flores.5810@cliente.test
5812,Rosa Ortiz Rojas,Cedula,001-1005811-8,849-711-6811,rosa.ortiz.5811@cliente.test
5813,Rafael Rivera Torres,Cedula,001-1005812-9,849-712-6812,rafael.rivera.5812@cliente.test
5814,Lucía Flores Flores,Cedula,001-1005813-1,829-713-6813,lucia.flores.5813@email.do
5815,Luis Cruz Romero,Cedula,001-1005814-2,809-714-6814,luis.cruz.5814@cliente.test
5816,Andrea Alvarez Reyes,Cedula,001-1005815-3,829-715-6815,andrea.alvarez.5815@vimenca-demo.local
5817,Valeria Cabrera Morales,Cedula,001-1005816-4,809-716-6816,valeria.cabrera.5816@cliente.test
5818,Ricardo Alvarez Torres,Cedula,001-1005817-5,849-717-6817,ricardo.alvarez.5817@cliente.test
5819,Miguel Díaz Castillo,Cedula,001-1005818-6,849-718-6818,miguel.diaz.5818@vimenca-demo.local
5820,Pedro Gutiérrez Díaz,Cedula,001-1005819-7,809-719-6819,pedro.gutierrez.5819@correo.com.do
5821,Manuel Reyes Ortiz,Cedula,001-1005820-8,849-720-6820,manuel.reyes.5820@email.do
5822,Andrés García Alvarez,Cedula,001-1005821-9,829-721-6821,andres.garcia.5821@vimenca-demo.local
5823,Carlos Mendoza Reyes,Cedula,001-1005822-1,809-722-6822,carlos.mendoza.5822@cliente.test
5824,Diana Torres Díaz,Cedula,001-1005823-2,829-723-6823,diana.torres.5823@cliente.test
5825,Carlos Gómez Cabrera,Cedula,001-1005824-3,809-724-6824,carlos.gomez.5824@correo.com.do
5826,Sofía Reyes Flores,Cedula,001-1005825-4,849-725-6825,sofia.reyes.5825@cliente.test
5827,Camila Torres Ramírez,Cedula,001-1005826-5,829-726-6826,camila.torres.5826@correo.com.do
5828,Gabriela Vargas Reyes,Cedula,001-1005827-6,809-727-6827,gabriela.vargas.5827@email.do
5829,Fernando Ortiz Mendoza,Cedula,001-1005828-7,849-728-6828,fernando.ortiz.5828@correo.com.do
5830,Francisco Sánchez Romero,Cedula,001-1005829-8,829-729-6829,francisco.sanchez.5829@email.do
5831,Héctor Cabrera Rojas,Cedula,001-1005830-9,849-730-6830,hector.cabrera.5830@cliente.test
5832,Elena Alvarez Martínez,Cedula,001-1005831-1,849-731-6831,elena.alvarez.5831@correo.com.do
5833,Iván Gutiérrez Vargas,Cedula,001-1005832-2,829-732-6832,ivan.gutierrez.5832@cliente.test
5834,Laura Gutiérrez Alvarez,Cedula,001-1005833-3,849-733-6833,laura.gutierrez.5833@vimenca-demo.local
5835,Yolanda Medina Guerrero,Cedula,001-1005834-4,829-734-6834,yolanda.medina.5834@correo.com.do
5836,Gabriela Alvarez Ramírez,Cedula,001-1005835-5,809-735-6835,gabriela.alvarez.5835@cliente.test
5837,Rosa Castillo Guerrero,Cedula,001-1005836-6,849-736-6836,rosa.castillo.5836@email.do
5838,Camila Mendoza Jiménez,Cedula,001-1005837-7,829-737-6837,camila.mendoza.5837@cliente.test
5839,José Romero Rojas,Cedula,001-1005838-8,849-738-6838,jose.romero.5838@vimenca-demo.local
5840,Daniel Rojas García,Cedula,001-1005839-9,849-739-6839,daniel.rojas.5839@vimenca-demo.local
5841,Francisco González Guerrero,Cedula,001-1005840-1,849-740-6840,francisco.gonzalez.5840@correo.com.do
5842,Pablo Rodríguez Flores,Cedula,001-1005841-2,849-741-6841,pablo.rodriguez.5841@cliente.test
5843,Miguel Ruiz Rojas,Cedula,001-1005842-3,849-742-6842,miguel.ruiz.5842@cliente.test
5844,Iván García Morales,Cedula,001-1005843-4,809-743-6843,ivan.garcia.5843@cliente.test
5845,Ana Guerrero Rodríguez,Cedula,001-1005844-5,829-744-6844,ana.guerrero.5844@correo.com.do
5846,María Hernández Peña,Cedula,001-1005845-6,829-745-6845,maria.hernandez.5845@correo.com.do
5847,Carmen Medina Hernández,Cedula,001-1005846-7,849-746-6846,carmen.medina.5846@email.do
5848,Claudia Martínez Castillo,Cedula,001-1005847-8,829-747-6847,claudia.martinez.5847@email.do
5849,Andrés Ruiz González,Cedula,001-1005848-9,849-748-6848,andres.ruiz.5848@cliente.test
5850,Daniel Cabrera Alvarez,Cedula,001-1005849-1,809-749-6849,daniel.cabrera.5849@email.do
5851,Pablo Martínez Reyes,Cedula,001-1005850-2,849-750-6850,pablo.martinez.5850@correo.com.do
5852,Óscar Guerrero Guerrero,Cedula,001-1005851-3,849-751-6851,oscar.guerrero.5851@vimenca-demo.local
5853,Valeria Sánchez Cruz,Cedula,001-1005852-4,809-752-6852,valeria.sanchez.5852@vimenca-demo.local
5854,José Ramírez Mendoza,Cedula,001-1005853-5,809-753-6853,jose.ramirez.5853@email.do
5855,Sofía Gómez Rivera,Cedula,001-1005854-6,809-754-6854,sofia.gomez.5854@correo.com.do
5856,Diana Díaz Alvarez,Cedula,001-1005855-7,829-755-6855,diana.diaz.5855@cliente.test
5857,José Cruz Jiménez,Cedula,001-1005856-8,809-756-6856,jose.cruz.5856@email.do
5858,Claudia Gómez Guerrero,Cedula,001-1005857-9,809-757-6857,claudia.gomez.5857@cliente.test
5859,Juan Díaz Flores,Cedula,001-1005858-1,829-758-6858,juan.diaz.5858@email.do
5860,Patricia Ruiz Peña,Cedula,001-1005859-2,849-759-6859,patricia.ruiz.5859@vimenca-demo.local
5861,Sofía Medina Rodríguez,Cedula,001-1005860-3,849-760-6860,sofia.medina.5860@email.do
5862,Miguel Reyes Romero,Cedula,001-1005861-4,829-761-6861,miguel.reyes.5861@correo.com.do
5863,Gabriela Gutiérrez Rojas,Cedula,001-1005862-5,829-762-6862,gabriela.gutierrez.5862@correo.com.do
5864,Ricardo Vargas Flores,Cedula,001-1005863-6,849-763-6863,ricardo.vargas.5863@email.do
5865,Andrés Gómez Cabrera,Cedula,001-1005864-7,809-764-6864,andres.gomez.5864@correo.com.do
5866,Vargas & Rojas SRL,RNC,1300005865,849-765-6865,ricardo.vargas.5865@vimenca-demo.local
5867,Manuel Cabrera Rojas,Cedula,001-1005866-9,829-766-6866,manuel.cabrera.5866@correo.com.do
5868,Juan Ramírez Reyes,Cedula,001-1005867-1,809-767-6867,juan.ramirez.5867@correo.com.do
5869,Gabriela Rodríguez Peña,Cedula,001-1005868-2,829-768-6868,gabriela.rodriguez.5868@email.do
5870,Rosa Rodríguez Reyes,Cedula,001-1005869-3,809-769-6869,rosa.rodriguez.5869@correo.com.do
5871,José Gutiérrez Vargas,Cedula,001-1005870-4,849-770-6870,jose.gutierrez.5870@correo.com.do
5872,Miguel Reyes Sánchez,Cedula,001-1005871-5,809-771-6871,miguel.reyes.5871@cliente.test
5873,Lucía Sánchez Jiménez,Cedula,001-1005872-6,849-772-6872,lucia.sanchez.5872@cliente.test
5874,Ana Vargas Rojas,Cedula,001-1005873-7,829-773-6873,ana.vargas.5873@vimenca-demo.local
5875,Lucía Gómez Alvarez,Cedula,001-1005874-8,849-774-6874,lucia.gomez.5874@correo.com.do
5876,José Reyes González,Cedula,001-1005875-9,849-775-6875,jose.reyes.5875@vimenca-demo.local
5877,Ana Vargas Vargas,Cedula,001-1005876-1,849-776-6876,ana.vargas.5876@cliente.test
5878,Elena Martínez Martínez,Cedula,001-1005877-2,849-777-6877,elena.martinez.5877@cliente.test
5879,Juan Morales Peña,Cedula,001-1005878-3,849-778-6878,juan.morales.5878@correo.com.do
5880,Yolanda Cabrera Cabrera,Cedula,001-1005879-4,809-779-6879,yolanda.cabrera.5879@cliente.test
5881,María Medina Ortiz,Cedula,001-1005880-5,829-780-6880,maria.medina.5880@cliente.test
5882,Francisco García Ruiz,Cedula,001-1005881-6,849-781-6881,francisco.garcia.5881@correo.com.do
5883,Francisco Guerrero García,Cedula,001-1005882-7,849-782-6882,francisco.guerrero.5882@email.do
5884,Andrés Reyes Rodríguez,Cedula,001-1005883-8,829-783-6883,andres.reyes.5883@email.do
5885,Carmen Castillo Cabrera,Cedula,001-1005884-9,829-784-6884,carmen.castillo.5884@vimenca-demo.local
5886,Elena Ramírez Gómez,Cedula,001-1005885-1,849-785-6885,elena.ramirez.5885@cliente.test
5887,Ana Vargas Flores,Cedula,001-1005886-2,849-786-6886,ana.vargas.5886@vimenca-demo.local
5888,Isabella Cabrera García,Cedula,001-1005887-3,809-787-6887,isabella.cabrera.5887@correo.com.do
5889,Juan Romero Romero,Cedula,001-1005888-4,849-788-6888,juan.romero.5888@vimenca-demo.local
5890,Manuel Rivera Sánchez,Cedula,001-1005889-5,809-789-6889,manuel.rivera.5889@vimenca-demo.local
5891,Héctor Jiménez García,Cedula,001-1005890-6,809-790-6890,hector.jimenez.5890@correo.com.do
5892,Patricia Reyes Díaz,Cedula,001-1005891-7,809-791-6891,patricia.reyes.5891@email.do
5893,Ana Ruiz Peña,Cedula,001-1005892-8,849-792-6892,ana.ruiz.5892@vimenca-demo.local
5894,Iván Cruz Guerrero,Cedula,001-1005893-9,809-793-6893,ivan.cruz.5893@correo.com.do
5895,Claudia Cruz Vargas,Cedula,001-1005894-1,809-794-6894,claudia.cruz.5894@cliente.test
5896,Francisco Peña Alvarez,Cedula,001-1005895-2,809-795-6895,francisco.peña.5895@vimenca-demo.local
5897,Ricardo Gómez González,Cedula,001-1005896-3,809-796-6896,ricardo.gomez.5896@vimenca-demo.local
5898,Jorge Díaz Torres,Cedula,001-1005897-4,829-797-6897,jorge.diaz.5897@cliente.test
5899,Camila Alvarez Martínez,Cedula,001-1005898-5,829-798-6898,camila.alvarez.5898@cliente.test
5900,Elena Castillo García,Cedula,001-1005899-6,829-799-6899,elena.castillo.5899@email.do
5901,Elena Guerrero Cabrera,Cedula,001-1005900-7,809-800-6900,elena.guerrero.5900@email.do
5902,Jorge Rojas Mendoza,Cedula,001-1005901-8,829-801-6901,jorge.rojas.5901@cliente.test
5903,Sofía Gutiérrez Díaz,Cedula,001-1005902-9,849-802-6902,sofia.gutierrez.5902@vimenca-demo.local
5904,Fernando Morales González,Cedula,001-1005903-1,809-803-6903,fernando.morales.5903@email.do
5905,Patricia Morales Rodríguez,Cedula,001-1005904-2,829-804-6904,patricia.morales.5904@cliente.test
5906,Pablo Jiménez Alvarez,Cedula,001-1005905-3,829-805-6905,pablo.jimenez.5905@cliente.test
5907,Karina Martínez González,Cedula,001-1005906-4,849-806-6906,karina.martinez.5906@vimenca-demo.local
5908,Rosa Hernández Guerrero,Cedula,001-1005907-5,849-807-6907,rosa.hernandez.5907@cliente.test
5909,Ana González Romero,Cedula,001-1005908-6,829-808-6908,ana.gonzalez.5908@correo.com.do
5910,Ana Jiménez Gutiérrez,Cedula,001-1005909-7,809-809-6909,ana.jimenez.5909@cliente.test
5911,María Morales Hernández,Cedula,001-1005910-8,809-810-6910,maria.morales.5910@email.do
5912,Ricardo Morales Cruz,Cedula,001-1005911-9,829-811-6911,ricardo.morales.5911@correo.com.do
5913,Paola Hernández Morales,Cedula,001-1005912-1,809-812-6912,paola.hernandez.5912@email.do
5914,Jorge Cruz Jiménez,Cedula,001-1005913-2,849-813-6913,jorge.cruz.5913@email.do
5915,Yolanda Medina Romero,Cedula,001-1005914-3,809-814-6914,yolanda.medina.5914@email.do
5916,Daniel Alvarez Ruiz,Cedula,001-1005915-4,829-815-6915,daniel.alvarez.5915@cliente.test
5917,Natalia Gutiérrez Reyes,Cedula,001-1005916-5,829-816-6916,natalia.gutierrez.5916@cliente.test
5918,Claudia Sánchez Díaz,Cedula,001-1005917-6,809-817-6917,claudia.sanchez.5917@cliente.test
5919,Rosa Pérez Torres,Cedula,001-1005918-7,849-818-6918,rosa.perez.5918@vimenca-demo.local
5920,Ana Rodríguez Gutiérrez,Cedula,001-1005919-8,849-819-6919,ana.rodriguez.5919@vimenca-demo.local
5921,Sofía Pérez Gómez,Cedula,001-1005920-9,849-820-6920,sofia.perez.5920@email.do
5922,Lucía Romero Ramírez,Cedula,001-1005921-1,809-821-6921,lucia.romero.5921@correo.com.do
5923,Francisco Cruz García,Cedula,001-1005922-2,809-822-6922,francisco.cruz.5922@correo.com.do
5924,Miguel Rivera Rivera,Cedula,001-1005923-3,849-823-6923,miguel.rivera.5923@correo.com.do
5925,Pablo Peña Cruz,Cedula,001-1005924-4,849-824-6924,pablo.peña.5924@email.do
5926,Miguel Medina Rivera,Cedula,001-1005925-5,809-825-6925,miguel.medina.5925@email.do
5927,Diana Romero Peña,Cedula,001-1005926-6,809-826-6926,diana.romero.5926@correo.com.do
5928,Rosa Pérez García,Cedula,001-1005927-7,849-827-6927,rosa.perez.5927@email.do
5929,Paola Ortiz Gómez,Cedula,001-1005928-8,849-828-6928,paola.ortiz.5928@email.do
5930,Andrea Ortiz González,Cedula,001-1005929-9,849-829-6929,andrea.ortiz.5929@correo.com.do
5931,Claudia Ruiz Morales,Cedula,001-1005930-1,849-830-6930,claudia.ruiz.5930@vimenca-demo.local
5932,Ricardo Rivera Sánchez,Cedula,001-1005931-2,829-831-6931,ricardo.rivera.5931@email.do
5933,Juan Gómez Jiménez,Cedula,001-1005932-3,809-832-6932,juan.gomez.5932@email.do
5934,Lucía Sánchez Torres,Cedula,001-1005933-4,809-833-6933,lucia.sanchez.5933@vimenca-demo.local
5935,José Hernández Peña,Cedula,001-1005934-5,829-834-6934,jose.hernandez.5934@cliente.test
5936,Óscar Jiménez Medina,Cedula,001-1005935-6,849-835-6935,oscar.jimenez.5935@correo.com.do
5937,Valeria Ruiz Cabrera,Cedula,001-1005936-7,809-836-6936,valeria.ruiz.5936@cliente.test
5938,Paola Guerrero Alvarez,Cedula,001-1005937-8,849-837-6937,paola.guerrero.5937@correo.com.do
5939,Alejandro Cruz Ruiz,Cedula,001-1005938-9,809-838-6938,alejandro.cruz.5938@email.do
5940,Pedro Ortiz Castillo,Cedula,001-1005939-1,809-839-6939,pedro.ortiz.5939@vimenca-demo.local
5941,Juan Reyes Jiménez,Cedula,001-1005940-2,829-840-6940,juan.reyes.5940@cliente.test
5942,Rafael Peña Gutiérrez,Cedula,001-1005941-3,849-841-6941,rafael.peña.5941@cliente.test
5943,David Ortiz González,Cedula,001-1005942-4,809-842-6942,david.ortiz.5942@vimenca-demo.local
5944,Rosa Torres Medina,Cedula,001-1005943-5,829-843-6943,rosa.torres.5943@vimenca-demo.local
5945,Valeria Pérez Mendoza,Cedula,001-1005944-6,829-844-6944,valeria.perez.5944@email.do
5946,Patricia Martínez Castillo,Cedula,001-1005945-7,829-845-6945,patricia.martinez.5945@email.do
5947,Claudia Gómez Rojas,Cedula,001-1005946-8,809-846-6946,claudia.gomez.5946@cliente.test
5948,Juan Rodríguez Ortiz,Cedula,001-1005947-9,829-847-6947,juan.rodriguez.5947@cliente.test
5949,Carmen Vargas Sánchez,Cedula,001-1005948-1,829-848-6948,carmen.vargas.5948@correo.com.do
5950,Jorge Rodríguez Torres,Cedula,001-1005949-2,809-849-6949,jorge.rodriguez.5949@cliente.test
5951,Paola Alvarez Castillo,Cedula,001-1005950-3,809-850-6950,paola.alvarez.5950@email.do
5952,Manuel Mendoza Gómez,Cedula,001-1005951-4,849-851-6951,manuel.mendoza.5951@correo.com.do
5953,Carmen Gutiérrez Ortiz,Cedula,001-1005952-5,809-852-6952,carmen.gutierrez.5952@email.do
5954,Pablo Rodríguez Ramírez,Cedula,001-1005953-6,849-853-6953,pablo.rodriguez.5953@vimenca-demo.local
5955,Ana Medina Rivera,Cedula,001-1005954-7,829-854-6954,ana.medina.5954@vimenca-demo.local
5956,Iván Rivera Ruiz,Cedula,001-1005955-8,829-855-6955,ivan.rivera.5955@correo.com.do
5957,Isabella Morales García,Cedula,001-1005956-9,849-856-6956,isabella.morales.5956@cliente.test
5958,Andrea Morales Rojas,Cedula,001-1005957-1,809-857-6957,andrea.morales.5957@email.do
5959,Daniel Martínez Peña,Cedula,001-1005958-2,849-858-6958,daniel.martinez.5958@correo.com.do
5960,Gabriela Morales Gómez,Cedula,001-1005959-3,849-859-6959,gabriela.morales.5959@correo.com.do
5961,Miguel Medina Ortiz,Cedula,001-1005960-4,849-860-6960,miguel.medina.5960@correo.com.do
5962,Natalia Rojas Alvarez,Cedula,001-1005961-5,809-861-6961,natalia.rojas.5961@vimenca-demo.local
5963,Gabriela Mendoza Torres,Cedula,001-1005962-6,849-862-6962,gabriela.mendoza.5962@email.do
5964,Karina Díaz Martínez,Cedula,001-1005963-7,829-863-6963,karina.diaz.5963@vimenca-demo.local
5965,Ricardo Ramírez Flores,Cedula,001-1005964-8,849-864-6964,ricardo.ramirez.5964@correo.com.do
5966,Miguel Ruiz Medina,Cedula,001-1005965-9,849-865-6965,miguel.ruiz.5965@vimenca-demo.local
5967,Juan Díaz Díaz,Cedula,001-1005966-1,849-866-6966,juan.diaz.5966@correo.com.do
5968,Rafael Gómez Cabrera,Cedula,001-1005967-2,829-867-6967,rafael.gomez.5967@cliente.test
5969,Elena Mendoza Medina,Cedula,001-1005968-3,849-868-6968,elena.mendoza.5968@cliente.test
5970,Alejandro Torres Jiménez,Cedula,001-1005969-4,829-869-6969,alejandro.torres.5969@correo.com.do
5971,Luis Vargas Ortiz,Cedula,001-1005970-5,809-870-6970,luis.vargas.5970@cliente.test
5972,Luis Rivera García,Cedula,001-1005971-6,809-871-6971,luis.rivera.5971@email.do
5973,Rosa Gómez Cabrera,Cedula,001-1005972-7,809-872-6972,rosa.gomez.5972@vimenca-demo.local
5974,Andrea Flores García,Cedula,001-1005973-8,849-873-6973,andrea.flores.5973@email.do
5975,Andrea González Sánchez,Cedula,001-1005974-9,849-874-6974,andrea.gonzalez.5974@correo.com.do
5976,José Castillo Ramírez,Cedula,001-1005975-1,829-875-6975,jose.castillo.5975@cliente.test
5977,María Alvarez Romero,Cedula,001-1005976-2,809-876-6976,maria.alvarez.5976@correo.com.do
5978,Camila Díaz Peña,Cedula,001-1005977-3,849-877-6977,camila.diaz.5977@cliente.test
5979,Elena Vargas Mendoza,Cedula,001-1005978-4,849-878-6978,elena.vargas.5978@correo.com.do
5980,Iván Ruiz Ruiz,Cedula,001-1005979-5,809-879-6979,ivan.ruiz.5979@correo.com.do
5981,Fernando Gómez Sánchez,Cedula,001-1005980-6,809-880-6980,fernando.gomez.5980@vimenca-demo.local
5982,Ricardo Rivera Mendoza,Cedula,001-1005981-7,849-881-6981,ricardo.rivera.5981@cliente.test
5983,Yolanda Ramírez Rojas,Cedula,001-1005982-8,849-882-6982,yolanda.ramirez.5982@email.do
5984,Sofía Gómez Romero,Cedula,001-1005983-9,809-883-6983,sofia.gomez.5983@cliente.test
5985,Carmen Rodríguez Peña,Cedula,001-1005984-1,849-884-6984,carmen.rodriguez.5984@email.do
5986,Pablo Rivera Flores,Cedula,001-1005985-2,849-885-6985,pablo.rivera.5985@correo.com.do
5987,Camila Cabrera Rodríguez,Cedula,001-1005986-3,829-886-6986,camila.cabrera.5986@cliente.test
5988,Carlos Gutiérrez Romero,Cedula,001-1005987-4,809-887-6987,carlos.gutierrez.5987@cliente.test
5989,Yolanda Sánchez Rodríguez,Cedula,001-1005988-5,849-888-6988,yolanda.sanchez.5988@correo.com.do
5990,Claudia Martínez Ruiz,Cedula,001-1005989-6,809-889-6989,claudia.martinez.5989@vimenca-demo.local
5991,Pedro Martínez Ramírez,Cedula,001-1005990-7,829-890-6990,pedro.martinez.5990@email.do
5992,Ricardo Pérez Pérez,Cedula,001-1005991-8,849-891-6991,ricardo.perez.5991@vimenca-demo.local
5993,Elena Ruiz Gómez,Cedula,001-1005992-9,829-892-6992,elena.ruiz.5992@correo.com.do
5994,María Medina Cruz,Cedula,001-1005993-1,809-893-6993,maria.medina.5993@email.do
5995,Andrés Pérez Jiménez,Cedula,001-1005994-2,809-894-6994,andres.perez.5994@cliente.test
5996,Diana Reyes Medina,Cedula,001-1005995-3,809-895-6995,diana.reyes.5995@email.do
5997,José Gómez Torres,Cedula,001-1005996-4,849-896-6996,jose.gomez.5996@cliente.test
5998,Juan Ortiz Ortiz,Cedula,001-1005997-5,829-897-6997,juan.ortiz.5997@vimenca-demo.local
5999,Elena Rivera Ortiz,Cedula,001-1005998-6,849-898-6998,elena.rivera.5998@correo.com.do
6000,Francisco Peña Vargas,Cedula,001-1005999-7,809-899-6999,francisco.peña.5999@email.do
6001,Iván Alvarez Martínez,Cedula,001-1006000-8,829-500-7000,ivan.alvarez.6000@vimenca-demo.local
6002,Miguel Guerrero Jiménez,Cedula,001-1006001-9,849-501-7001,miguel.guerrero.6001@vimenca-demo.local
6003,Sofía Hernández Flores,Cedula,001-1006002-1,829-502-7002,sofia.hernandez.6002@cliente.test
6004,Ricardo Morales González,Cedula,001-1006003-2,809-503-7003,ricardo.morales.6003@cliente.test
6005,Sofía Gómez Mendoza,Cedula,001-1006004-3,809-504-7004,sofia.gomez.6004@cliente.test
6006,Alejandro Torres García,Cedula,001-1006005-4,849-505-7005,alejandro.torres.6005@email.do
6007,Ricardo Martínez Romero,Cedula,001-1006006-5,809-506-7006,ricardo.martinez.6006@vimenca-demo.local
6008,Francisco Díaz Ortiz,Cedula,001-1006007-6,809-507-7007,francisco.diaz.6007@cliente.test
6009,Laura Peña Cruz,Cedula,001-1006008-7,809-508-7008,laura.peña.6008@cliente.test
6010,David Peña Guerrero,Cedula,001-1006009-8,829-509-7009,david.peña.6009@correo.com.do
6011,Sofía Rodríguez Cruz,Cedula,001-1006010-9,809-510-7010,sofia.rodriguez.6010@cliente.test
6012,Óscar Guerrero García,Cedula,001-1006011-1,809-511-7011,oscar.guerrero.6011@vimenca-demo.local
6013,Francisco Romero Gutiérrez,Cedula,001-1006012-2,849-512-7012,francisco.romero.6012@correo.com.do
6014,Óscar Flores Guerrero,Cedula,001-1006013-3,849-513-7013,oscar.flores.6013@correo.com.do
6015,Andrea Hernández Pérez,Cedula,001-1006014-4,809-514-7014,andrea.hernandez.6014@correo.com.do
6016,Karina Rodríguez Hernández,Cedula,001-1006015-5,809-515-7015,karina.rodriguez.6015@correo.com.do
6017,Luis Medina Romero,Cedula,001-1006016-6,849-516-7016,luis.medina.6016@email.do
6018,José González Díaz,Cedula,001-1006017-7,809-517-7017,jose.gonzalez.6017@email.do
6019,Yolanda Flores Gómez,Cedula,001-1006018-8,849-518-7018,yolanda.flores.6018@email.do
6020,Carmen Alvarez Reyes,Cedula,001-1006019-9,849-519-7019,carmen.alvarez.6019@vimenca-demo.local
6021,Pablo Mendoza Jiménez,Cedula,001-1006020-1,809-520-7020,pablo.mendoza.6020@vimenca-demo.local
6022,Andrés Hernández Vargas,Cedula,001-1006021-2,829-521-7021,andres.hernandez.6021@email.do
6023,Carlos Rodríguez Jiménez,Cedula,001-1006022-3,809-522-7022,carlos.rodriguez.6022@cliente.test
6024,Francisco Rojas Reyes,Cedula,001-1006023-4,829-523-7023,francisco.rojas.6023@vimenca-demo.local
6025,Diana Castillo Gómez,Cedula,001-1006024-5,829-524-7024,diana.castillo.6024@vimenca-demo.local
6026,Karina González Rodríguez,Cedula,001-1006025-6,829-525-7025,karina.gonzalez.6025@vimenca-demo.local
6027,Natalia Jiménez Rivera,Cedula,001-1006026-7,829-526-7026,natalia.jimenez.6026@vimenca-demo.local
6028,Patricia Gutiérrez Martínez,Cedula,001-1006027-8,849-527-7027,patricia.gutierrez.6027@correo.com.do
6029,José Vargas Ruiz,Cedula,001-1006028-9,849-528-7028,jose.vargas.6028@correo.com.do
6030,Natalia Jiménez Cruz,Cedula,001-1006029-1,849-529-7029,natalia.jimenez.6029@vimenca-demo.local
6031,Jorge Gutiérrez Ramírez,Cedula,001-1006030-2,829-530-7030,jorge.gutierrez.6030@vimenca-demo.local
6032,David Cruz Cruz,Cedula,001-1006031-3,809-531-7031,david.cruz.6031@email.do
6033,Yolanda Medina Castillo,Cedula,001-1006032-4,809-532-7032,yolanda.medina.6032@vimenca-demo.local
6034,Andrés Ortiz Jiménez,Cedula,001-1006033-5,809-533-7033,andres.ortiz.6033@cliente.test
6035,Daniel Mendoza Morales,Cedula,001-1006034-6,809-534-7034,daniel.mendoza.6034@cliente.test
6036,Sofía Medina Morales,Cedula,001-1006035-7,829-535-7035,sofia.medina.6035@correo.com.do
6037,Francisco Rivera Ruiz,Cedula,001-1006036-8,809-536-7036,francisco.rivera.6036@cliente.test
6038,Iván García Rivera,Cedula,001-1006037-9,849-537-7037,ivan.garcia.6037@cliente.test
6039,Manuel Alvarez Morales,Cedula,001-1006038-1,809-538-7038,manuel.alvarez.6038@cliente.test
6040,Francisco Ramírez Díaz,Cedula,001-1006039-2,829-539-7039,francisco.ramirez.6039@correo.com.do
6041,Camila Díaz García,Cedula,001-1006040-3,829-540-7040,camila.diaz.6040@correo.com.do
6042,Carmen Castillo García,Cedula,001-1006041-4,829-541-7041,carmen.castillo.6041@correo.com.do
6043,Patricia Castillo Romero,Cedula,001-1006042-5,829-542-7042,patricia.castillo.6042@correo.com.do
6044,Isabella Medina Pérez,Cedula,001-1006043-6,829-543-7043,isabella.medina.6043@vimenca-demo.local
6045,Luis Díaz Gutiérrez,Cedula,001-1006044-7,849-544-7044,luis.diaz.6044@cliente.test
6046,Luis Díaz González,Cedula,001-1006045-8,829-545-7045,luis.diaz.6045@email.do
6047,Rosa Martínez Ramírez,Cedula,001-1006046-9,849-546-7046,rosa.martinez.6046@email.do
6048,Daniel Rivera Reyes,Cedula,001-1006047-1,809-547-7047,daniel.rivera.6047@vimenca-demo.local
6049,Ricardo Flores Romero,Cedula,001-1006048-2,809-548-7048,ricardo.flores.6048@vimenca-demo.local
6050,Rafael Castillo Medina,Cedula,001-1006049-3,849-549-7049,rafael.castillo.6049@vimenca-demo.local
6051,Pablo Hernández Rodríguez,Cedula,001-1006050-4,849-550-7050,pablo.hernandez.6050@vimenca-demo.local
6052,Pablo Pérez Hernández,Cedula,001-1006051-5,849-551-7051,pablo.perez.6051@correo.com.do
6053,Lucía Vargas Hernández,Cedula,001-1006052-6,829-552-7052,lucia.vargas.6052@cliente.test
6054,Rosa Rojas Mendoza,Cedula,001-1006053-7,849-553-7053,rosa.rojas.6053@cliente.test
6055,Laura Morales Gómez,Cedula,001-1006054-8,809-554-7054,laura.morales.6054@cliente.test
6056,Natalia Torres Ramírez,Cedula,001-1006055-9,849-555-7055,natalia.torres.6055@vimenca-demo.local
6057,Yolanda Ortiz Flores,Cedula,001-1006056-1,829-556-7056,yolanda.ortiz.6056@cliente.test
6058,Natalia García Díaz,Cedula,001-1006057-2,809-557-7057,natalia.garcia.6057@cliente.test
6059,Ana Torres Romero,Cedula,001-1006058-3,829-558-7058,ana.torres.6058@cliente.test
6060,Pedro Ruiz Flores,Cedula,001-1006059-4,809-559-7059,pedro.ruiz.6059@email.do
6061,Rafael Hernández Sánchez,Cedula,001-1006060-5,809-560-7060,rafael.hernandez.6060@email.do
6062,Yolanda Díaz Morales,Cedula,001-1006061-6,809-561-7061,yolanda.diaz.6061@cliente.test
6063,Laura Ramírez Rojas,Cedula,001-1006062-7,849-562-7062,laura.ramirez.6062@email.do
6064,Yolanda Mendoza Ortiz,Cedula,001-1006063-8,849-563-7063,yolanda.mendoza.6063@email.do
6065,Francisco Ramírez Hernández,Cedula,001-1006064-9,829-564-7064,francisco.ramirez.6064@cliente.test
6066,Valeria Rodríguez Sánchez,Cedula,001-1006065-1,829-565-7065,valeria.rodriguez.6065@email.do
6067,Sofía Alvarez Sánchez,Cedula,001-1006066-2,829-566-7066,sofia.alvarez.6066@cliente.test
6068,Ricardo Jiménez Rojas,Cedula,001-1006067-3,829-567-7067,ricardo.jimenez.6067@email.do
6069,María Reyes Ortiz,Cedula,001-1006068-4,849-568-7068,maria.reyes.6068@email.do
6070,María Torres Romero,Cedula,001-1006069-5,849-569-7069,maria.torres.6069@vimenca-demo.local
6071,Manuel Rodríguez González,Cedula,001-1006070-6,849-570-7070,manuel.rodriguez.6070@email.do
6072,Ana García Hernández,Cedula,001-1006071-7,829-571-7071,ana.garcia.6071@correo.com.do
6073,Juan Martínez Morales,Cedula,001-1006072-8,809-572-7072,juan.martinez.6072@email.do
6074,Ana Gutiérrez Flores,Cedula,001-1006073-9,809-573-7073,ana.gutierrez.6073@vimenca-demo.local
6075,Laura Rivera Ortiz,Cedula,001-1006074-1,849-574-7074,laura.rivera.6074@correo.com.do
6076,Karina Gutiérrez González,Cedula,001-1006075-2,849-575-7075,karina.gutierrez.6075@correo.com.do
6077,Gabriela Gómez Guerrero,Cedula,001-1006076-3,809-576-7076,gabriela.gomez.6076@vimenca-demo.local
6078,David Guerrero Flores,Cedula,001-1006077-4,809-577-7077,david.guerrero.6077@vimenca-demo.local
6079,Ricardo Rodríguez Peña,Cedula,001-1006078-5,829-578-7078,ricardo.rodriguez.6078@cliente.test
6080,Óscar Hernández Mendoza,Cedula,001-1006079-6,809-579-7079,oscar.hernandez.6079@correo.com.do
6081,Natalia Torres Pérez,Cedula,001-1006080-7,809-580-7080,natalia.torres.6080@correo.com.do
6082,Fernando Medina Rivera,Cedula,001-1006081-8,809-581-7081,fernando.medina.6081@email.do
6083,Manuel Sánchez Alvarez,Cedula,001-1006082-9,849-582-7082,manuel.sanchez.6082@cliente.test
6084,Manuel Peña González,Cedula,001-1006083-1,829-583-7083,manuel.peña.6083@cliente.test
6085,Pablo Reyes Ramírez,Cedula,001-1006084-2,809-584-7084,pablo.reyes.6084@email.do
6086,Héctor Cabrera Romero,Cedula,001-1006085-3,829-585-7085,hector.cabrera.6085@correo.com.do
6087,Fernando Peña Rivera,Cedula,001-1006086-4,809-586-7086,fernando.peña.6086@cliente.test
6088,Iván García Ramírez,Cedula,001-1006087-5,809-587-7087,ivan.garcia.6087@vimenca-demo.local
6089,Sofía Cruz Medina,Cedula,001-1006088-6,829-588-7088,sofia.cruz.6088@correo.com.do
6090,Claudia Gómez Sánchez,Cedula,001-1006089-7,809-589-7089,claudia.gomez.6089@vimenca-demo.local
6091,Diana Martínez Romero,Cedula,001-1006090-8,849-590-7090,diana.martinez.6090@correo.com.do
6092,Gabriela Medina Mendoza,Cedula,001-1006091-9,849-591-7091,gabriela.medina.6091@vimenca-demo.local
6093,Luis González Cabrera,Cedula,001-1006092-1,829-592-7092,luis.gonzalez.6092@cliente.test
6094,José Castillo Vargas,Cedula,001-1006093-2,829-593-7093,jose.castillo.6093@cliente.test
6095,Alejandro Gutiérrez Sánchez,Cedula,001-1006094-3,829-594-7094,alejandro.gutierrez.6094@cliente.test
6096,Héctor González Díaz,Cedula,001-1006095-4,829-595-7095,hector.gonzalez.6095@correo.com.do
6097,María García Guerrero,Cedula,001-1006096-5,809-596-7096,maria.garcia.6096@correo.com.do
6098,Fernando Ramírez Medina,Cedula,001-1006097-6,849-597-7097,fernando.ramirez.6097@vimenca-demo.local
6099,Fernando Cabrera Medina,Cedula,001-1006098-7,829-598-7098,fernando.cabrera.6098@vimenca-demo.local
6100,Miguel Rivera Hernández,Cedula,001-1006099-8,829-599-7099,miguel.rivera.6099@cliente.test
6101,Daniel Jiménez Ortiz,Cedula,001-1006100-9,809-600-7100,daniel.jimenez.6100@email.do
6102,Lucía Peña Ramírez,Cedula,001-1006101-1,849-601-7101,lucia.peña.6101@cliente.test
6103,Paola Guerrero Ruiz,Cedula,001-1006102-2,849-602-7102,paola.guerrero.6102@vimenca-demo.local
6104,Miguel Flores Jiménez,Cedula,001-1006103-3,809-603-7103,miguel.flores.6103@cliente.test
6105,Karina Romero Jiménez,Cedula,001-1006104-4,829-604-7104,karina.romero.6104@vimenca-demo.local
6106,Juan Rojas Rivera,Cedula,001-1006105-5,809-605-7105,juan.rojas.6105@email.do
6107,Héctor Alvarez Rojas,Cedula,001-1006106-6,829-606-7106,hector.alvarez.6106@cliente.test
6108,Laura González González,Cedula,001-1006107-7,849-607-7107,laura.gonzalez.6107@email.do
6109,Valeria Cabrera Cruz,Cedula,001-1006108-8,809-608-7108,valeria.cabrera.6108@correo.com.do
6110,Rafael Sánchez Mendoza,Cedula,001-1006109-9,849-609-7109,rafael.sanchez.6109@correo.com.do
6111,Rafael Gómez Jiménez,Cedula,001-1006110-1,849-610-7110,rafael.gomez.6110@vimenca-demo.local
6112,David Torres Flores,Cedula,001-1006111-2,809-611-7111,david.torres.6111@correo.com.do
6113,Miguel Sánchez Castillo,Cedula,001-1006112-3,829-612-7112,miguel.sanchez.6112@cliente.test
6114,María González Peña,Cedula,001-1006113-4,849-613-7113,maria.gonzalez.6113@email.do
6115,Lucía Mendoza Peña,Cedula,001-1006114-5,829-614-7114,lucia.mendoza.6114@vimenca-demo.local
6116,Rosa Sánchez Guerrero,Cedula,001-1006115-6,829-615-7115,rosa.sanchez.6115@email.do
6117,Fernando Mendoza Reyes,Cedula,001-1006116-7,809-616-7116,fernando.mendoza.6116@cliente.test
6118,Camila Alvarez Gutiérrez,Cedula,001-1006117-8,809-617-7117,camila.alvarez.6117@email.do
6119,Laura Reyes Gutiérrez,Cedula,001-1006118-9,809-618-7118,laura.reyes.6118@cliente.test
6120,David Castillo Ruiz,Cedula,001-1006119-1,809-619-7119,david.castillo.6119@vimenca-demo.local
6121,Ricardo Gutiérrez Rodríguez,Cedula,001-1006120-2,849-620-7120,ricardo.gutierrez.6120@cliente.test
6122,Miguel Romero Ramírez,Cedula,001-1006121-3,849-621-7121,miguel.romero.6121@vimenca-demo.local
6123,Alejandro Cruz Rivera,Cedula,001-1006122-4,849-622-7122,alejandro.cruz.6122@cliente.test
6124,Paola Jiménez Ruiz,Cedula,001-1006123-5,829-623-7123,paola.jimenez.6123@vimenca-demo.local
6125,José Alvarez Castillo,Cedula,001-1006124-6,849-624-7124,jose.alvarez.6124@vimenca-demo.local
6126,Óscar Castillo Reyes,Cedula,001-1006125-7,849-625-7125,oscar.castillo.6125@vimenca-demo.local
6127,Ricardo Ramírez Cabrera,Cedula,001-1006126-8,809-626-7126,ricardo.ramirez.6126@email.do
6128,Claudia Rojas Peña,Cedula,001-1006127-9,809-627-7127,claudia.rojas.6127@cliente.test
6129,Carmen Cruz Medina,Cedula,001-1006128-1,809-628-7128,carmen.cruz.6128@correo.com.do
6130,Andrea Rodríguez Hernández,Cedula,001-1006129-2,829-629-7129,andrea.rodriguez.6129@email.do
6131,Pedro Cruz Cruz,Cedula,001-1006130-3,809-630-7130,pedro.cruz.6130@email.do
6132,Rafael Morales Gómez,Cedula,001-1006131-4,829-631-7131,rafael.morales.6131@vimenca-demo.local
6133,Iván Castillo Gutiérrez,Cedula,001-1006132-5,829-632-7132,ivan.castillo.6132@cliente.test
6134,David Ortiz Castillo,Cedula,001-1006133-6,829-633-7133,david.ortiz.6133@cliente.test
6135,Daniel Alvarez Alvarez,Cedula,001-1006134-7,829-634-7134,daniel.alvarez.6134@vimenca-demo.local
6136,Jorge Pérez Sánchez,Cedula,001-1006135-8,829-635-7135,jorge.perez.6135@vimenca-demo.local
6137,Óscar Flores García,Cedula,001-1006136-9,809-636-7136,oscar.flores.6136@correo.com.do
6138,Ricardo Gutiérrez Reyes,Cedula,001-1006137-1,849-637-7137,ricardo.gutierrez.6137@vimenca-demo.local
6139,Héctor Medina Gutiérrez,Cedula,001-1006138-2,829-638-7138,hector.medina.6138@email.do
6140,Luis Díaz Martínez,Cedula,001-1006139-3,829-639-7139,luis.diaz.6139@cliente.test
6141,Jorge Flores Gómez,Cedula,001-1006140-4,809-640-7140,jorge.flores.6140@correo.com.do
6142,Ana Cabrera Flores,Cedula,001-1006141-5,829-641-7141,ana.cabrera.6141@vimenca-demo.local
6143,Miguel Alvarez Gutiérrez,Cedula,001-1006142-6,829-642-7142,miguel.alvarez.6142@cliente.test
6144,Juan González Medina,Cedula,001-1006143-7,809-643-7143,juan.gonzalez.6143@email.do
6145,Lucía Morales Peña,Cedula,001-1006144-8,809-644-7144,lucia.morales.6144@cliente.test
6146,Camila Alvarez Torres,Cedula,001-1006145-9,829-645-7145,camila.alvarez.6145@vimenca-demo.local
6147,Carlos Romero Martínez,Cedula,001-1006146-1,809-646-7146,carlos.romero.6146@cliente.test
6148,Sofía Morales Ramírez,Cedula,001-1006147-2,849-647-7147,sofia.morales.6147@correo.com.do
6149,Rosa Medina Peña,Cedula,001-1006148-3,809-648-7148,rosa.medina.6148@vimenca-demo.local
6150,Laura Gutiérrez Vargas,Cedula,001-1006149-4,809-649-7149,laura.gutierrez.6149@cliente.test
6151,Ana Rodríguez Medina,Cedula,001-1006150-5,849-650-7150,ana.rodriguez.6150@vimenca-demo.local
6152,Luis Ruiz Jiménez,Cedula,001-1006151-6,809-651-7151,luis.ruiz.6151@email.do
6153,Yolanda Alvarez Rojas,Cedula,001-1006152-7,849-652-7152,yolanda.alvarez.6152@vimenca-demo.local
6154,Miguel Ramírez Flores,Cedula,001-1006153-8,849-653-7153,miguel.ramirez.6153@correo.com.do
6155,Óscar Vargas Martínez,Cedula,001-1006154-9,849-654-7154,oscar.vargas.6154@cliente.test
6156,Isabella Rojas Rojas,Cedula,001-1006155-1,809-655-7155,isabella.rojas.6155@cliente.test
6157,Elena Gómez González,Cedula,001-1006156-2,809-656-7156,elena.gomez.6156@vimenca-demo.local
6158,Laura Díaz Cruz,Cedula,001-1006157-3,849-657-7157,laura.diaz.6157@vimenca-demo.local
6159,Juan Rivera Gómez,Cedula,001-1006158-4,829-658-7158,juan.rivera.6158@correo.com.do
6160,Laura Díaz Alvarez,Cedula,001-1006159-5,849-659-7159,laura.diaz.6159@cliente.test
6161,Isabella Rivera Gutiérrez,Cedula,001-1006160-6,849-660-7160,isabella.rivera.6160@correo.com.do
6162,Daniel Ortiz Vargas,Cedula,001-1006161-7,849-661-7161,daniel.ortiz.6161@email.do
6163,Valeria Castillo García,Cedula,001-1006162-8,849-662-7162,valeria.castillo.6162@vimenca-demo.local
6164,Natalia Rodríguez González,Cedula,001-1006163-9,809-663-7163,natalia.rodriguez.6163@cliente.test
6165,María Mendoza Jiménez,Cedula,001-1006164-1,829-664-7164,maria.mendoza.6164@vimenca-demo.local
6166,Manuel Vargas Rojas,Cedula,001-1006165-2,809-665-7165,manuel.vargas.6165@correo.com.do
6167,Pedro Díaz Peña,Cedula,001-1006166-3,829-666-7166,pedro.diaz.6166@email.do
6168,Lucía Flores Jiménez,Cedula,001-1006167-4,829-667-7167,lucia.flores.6167@correo.com.do
6169,Carmen Rojas Rivera,Cedula,001-1006168-5,809-668-7168,carmen.rojas.6168@email.do
6170,Patricia Pérez Hernández,Cedula,001-1006169-6,849-669-7169,patricia.perez.6169@cliente.test
6171,Pablo Ortiz Rivera,Cedula,001-1006170-7,829-670-7170,pablo.ortiz.6170@cliente.test
6172,Alejandro Jiménez Díaz,Cedula,001-1006171-8,849-671-7171,alejandro.jimenez.6171@correo.com.do
6173,Rosa Martínez Gutiérrez,Cedula,001-1006172-9,849-672-7172,rosa.martinez.6172@cliente.test
6174,Elena Peña Castillo,Cedula,001-1006173-1,809-673-7173,elena.peña.6173@email.do
6175,Juan Gutiérrez Gutiérrez,Cedula,001-1006174-2,849-674-7174,juan.gutierrez.6174@email.do
6176,Daniel Medina Vargas,Cedula,001-1006175-3,849-675-7175,daniel.medina.6175@cliente.test
6177,Camila Medina Flores,Cedula,001-1006176-4,849-676-7176,camila.medina.6176@correo.com.do
6178,Héctor Sánchez Torres,Cedula,001-1006177-5,809-677-7177,hector.sanchez.6177@email.do
6179,Óscar García Romero,Cedula,001-1006178-6,849-678-7178,oscar.garcia.6178@vimenca-demo.local
6180,Natalia Cruz Mendoza,Cedula,001-1006179-7,809-679-7179,natalia.cruz.6179@vimenca-demo.local
6181,Pablo Morales Guerrero,Cedula,001-1006180-8,829-680-7180,pablo.morales.6180@cliente.test
6182,Lucía Ramírez Pérez,Cedula,001-1006181-9,809-681-7181,lucia.ramirez.6181@cliente.test
6183,Juan Cruz Cruz,Cedula,001-1006182-1,849-682-7182,juan.cruz.6182@email.do
6184,Laura Castillo Vargas,Cedula,001-1006183-2,829-683-7183,laura.castillo.6183@correo.com.do
6185,Pedro Medina Gutiérrez,Cedula,001-1006184-3,829-684-7184,pedro.medina.6184@correo.com.do
6186,Andrea Gutiérrez González,Cedula,001-1006185-4,809-685-7185,andrea.gutierrez.6185@vimenca-demo.local
6187,Ricardo Guerrero Díaz,Cedula,001-1006186-5,849-686-7186,ricardo.guerrero.6186@vimenca-demo.local
6188,Rosa Morales Jiménez,Cedula,001-1006187-6,829-687-7187,rosa.morales.6187@correo.com.do
6189,Manuel Torres González,Cedula,001-1006188-7,849-688-7188,manuel.torres.6188@cliente.test
6190,Manuel Torres Vargas,Cedula,001-1006189-8,809-689-7189,manuel.torres.6189@cliente.test
6191,Iván Jiménez Gutiérrez,Cedula,001-1006190-9,809-690-7190,ivan.jimenez.6190@correo.com.do
6192,María Torres Ortiz,Cedula,001-1006191-1,809-691-7191,maria.torres.6191@correo.com.do
6193,Óscar Gómez Guerrero,Cedula,001-1006192-2,849-692-7192,oscar.gomez.6192@vimenca-demo.local
6194,Andrea Vargas Vargas,Cedula,001-1006193-3,809-693-7193,andrea.vargas.6193@cliente.test
6195,Natalia Flores Medina,Cedula,001-1006194-4,829-694-7194,natalia.flores.6194@cliente.test
6196,Karina Gómez Mendoza,Cedula,001-1006195-5,809-695-7195,karina.gomez.6195@vimenca-demo.local
6197,Iván Morales Ortiz,Cedula,001-1006196-6,829-696-7196,ivan.morales.6196@vimenca-demo.local
6198,Carmen Hernández Gutiérrez,Cedula,001-1006197-7,849-697-7197,carmen.hernandez.6197@correo.com.do
6199,Andrea Jiménez Castillo,Cedula,001-1006198-8,829-698-7198,andrea.jimenez.6198@correo.com.do
6200,Laura Reyes Gutiérrez,Cedula,001-1006199-9,829-699-7199,laura.reyes.6199@correo.com.do
6201,Karina Martínez Gómez,Cedula,001-1006200-1,849-700-7200,karina.martinez.6200@cliente.test
6202,Luis Ruiz Hernández,Cedula,001-1006201-2,829-701-7201,luis.ruiz.6201@vimenca-demo.local
6203,Camila Jiménez Alvarez,Cedula,001-1006202-3,809-702-7202,camila.jimenez.6202@cliente.test
6204,Fernando Guerrero Ruiz,Cedula,001-1006203-4,849-703-7203,fernando.guerrero.6203@email.do
6205,Valeria Ruiz Gutiérrez,Cedula,001-1006204-5,829-704-7204,valeria.ruiz.6204@cliente.test
6206,Laura Gutiérrez García,Cedula,001-1006205-6,809-705-7205,laura.gutierrez.6205@email.do
6207,Gabriela Cruz Martínez,Cedula,001-1006206-7,809-706-7206,gabriela.cruz.6206@email.do
6208,Karina Cruz Castillo,Cedula,001-1006207-8,809-707-7207,karina.cruz.6207@correo.com.do
6209,Andrés Peña Vargas,Cedula,001-1006208-9,849-708-7208,andres.peña.6208@correo.com.do
6210,David Romero Martínez,Cedula,001-1006209-1,809-709-7209,david.romero.6209@correo.com.do
6211,Paola Vargas Medina,Cedula,001-1006210-2,849-710-7210,paola.vargas.6210@cliente.test
6212,Rafael Gutiérrez Alvarez,Cedula,001-1006211-3,809-711-7211,rafael.gutierrez.6211@email.do
6213,Isabella García Peña,Cedula,001-1006212-4,829-712-7212,isabella.garcia.6212@cliente.test
6214,Yolanda Rodríguez Rojas,Cedula,001-1006213-5,809-713-7213,yolanda.rodriguez.6213@correo.com.do
6215,Pablo Hernández González,Cedula,001-1006214-6,829-714-7214,pablo.hernandez.6214@email.do
6216,Manuel Hernández Ruiz,Cedula,001-1006215-7,829-715-7215,manuel.hernandez.6215@email.do
6217,Natalia Jiménez Cabrera,Cedula,001-1006216-8,809-716-7216,natalia.jimenez.6216@email.do
6218,Elena Cabrera Mendoza,Cedula,001-1006217-9,849-717-7217,elena.cabrera.6217@cliente.test
6219,Rosa Jiménez Cabrera,Cedula,001-1006218-1,809-718-7218,rosa.jimenez.6218@cliente.test
6220,Sofía Mendoza Gómez,Cedula,001-1006219-2,829-719-7219,sofia.mendoza.6219@correo.com.do
6221,Isabella Gómez Reyes,Cedula,001-1006220-3,849-720-7220,isabella.gomez.6220@cliente.test
6222,Patricia Ramírez Gómez,Cedula,001-1006221-4,849-721-7221,patricia.ramirez.6221@vimenca-demo.local
6223,Iván García Medina,Cedula,001-1006222-5,829-722-7222,ivan.garcia.6222@cliente.test
6224,Sofía Romero Pérez,Cedula,001-1006223-6,849-723-7223,sofia.romero.6223@email.do
6225,Laura Pérez Gómez,Cedula,001-1006224-7,829-724-7224,laura.perez.6224@vimenca-demo.local
6226,Carlos Castillo Rojas,Cedula,001-1006225-8,829-725-7225,carlos.castillo.6225@vimenca-demo.local
6227,Carlos Díaz González,Cedula,001-1006226-9,849-726-7226,carlos.diaz.6226@correo.com.do
6228,Gabriela Jiménez Jiménez,Cedula,001-1006227-1,849-727-7227,gabriela.jimenez.6227@email.do
6229,Elena Mendoza Guerrero,Cedula,001-1006228-2,829-728-7228,elena.mendoza.6228@vimenca-demo.local
6230,Carlos Rivera Díaz,Cedula,001-1006229-3,809-729-7229,carlos.rivera.6229@email.do
6231,Miguel Rivera Martínez,Cedula,001-1006230-4,829-730-7230,miguel.rivera.6230@vimenca-demo.local
6232,Luis Vargas Peña,Cedula,001-1006231-5,809-731-7231,luis.vargas.6231@correo.com.do
6233,Patricia Vargas Medina,Cedula,001-1006232-6,809-732-7232,patricia.vargas.6232@vimenca-demo.local
6234,Carmen Cruz Ruiz,Cedula,001-1006233-7,809-733-7233,carmen.cruz.6233@cliente.test
6235,Daniel Vargas Alvarez,Cedula,001-1006234-8,849-734-7234,daniel.vargas.6234@cliente.test
6236,Yolanda Martínez Romero,Cedula,001-1006235-9,849-735-7235,yolanda.martinez.6235@correo.com.do
6237,Iván Cabrera Rojas,Cedula,001-1006236-1,849-736-7236,ivan.cabrera.6236@cliente.test
6238,Iván Ruiz Rodríguez,Cedula,001-1006237-2,809-737-7237,ivan.ruiz.6237@email.do
6239,Rosa Medina Alvarez,Cedula,001-1006238-3,829-738-7238,rosa.medina.6238@vimenca-demo.local
6240,Óscar Gutiérrez Rivera,Cedula,001-1006239-4,829-739-7239,oscar.gutierrez.6239@vimenca-demo.local
6241,Gabriela Hernández Medina,Cedula,001-1006240-5,809-740-7240,gabriela.hernandez.6240@vimenca-demo.local
6242,Patricia Guerrero Alvarez,Cedula,001-1006241-6,849-741-7241,patricia.guerrero.6241@cliente.test
6243,Óscar Rivera Guerrero,Cedula,001-1006242-7,809-742-7242,oscar.rivera.6242@correo.com.do
6244,Óscar Ramírez González,Cedula,001-1006243-8,829-743-7243,oscar.ramirez.6243@vimenca-demo.local
6245,Laura Alvarez Ortiz,Cedula,001-1006244-9,809-744-7244,laura.alvarez.6244@email.do
6246,Jorge Hernández Ortiz,Cedula,001-1006245-1,829-745-7245,jorge.hernandez.6245@vimenca-demo.local
6247,María Jiménez Peña,Cedula,001-1006246-2,849-746-7246,maria.jimenez.6246@email.do
6248,Iván Torres Pérez,Cedula,001-1006247-3,849-747-7247,ivan.torres.6247@cliente.test
6249,Laura Mendoza Rodríguez,Cedula,001-1006248-4,849-748-7248,laura.mendoza.6248@email.do
6250,Pedro Gómez Ruiz,Cedula,001-1006249-5,849-749-7249,pedro.gomez.6249@vimenca-demo.local
6251,Rosa Vargas Sánchez,Cedula,001-1006250-6,809-750-7250,rosa.vargas.6250@email.do
6252,Ana Rivera Martínez,Cedula,001-1006251-7,849-751-7251,ana.rivera.6251@cliente.test
6253,Alejandro Martínez Ruiz,Cedula,001-1006252-8,849-752-7252,alejandro.martinez.6252@vimenca-demo.local
6254,Valeria Ruiz Torres,Cedula,001-1006253-9,829-753-7253,valeria.ruiz.6253@cliente.test
6255,José Reyes Peña,Cedula,001-1006254-1,829-754-7254,jose.reyes.6254@email.do
6256,Diana Medina Cruz,Cedula,001-1006255-2,849-755-7255,diana.medina.6255@cliente.test
6257,Cruz & Sánchez SRL,RNC,1300006256,829-756-7256,valeria.cruz.6256@correo.com.do
6258,Paola Díaz Ruiz,Cedula,001-1006257-4,849-757-7257,paola.diaz.6257@vimenca-demo.local
6259,Pedro Peña Vargas,Cedula,001-1006258-5,829-758-7258,pedro.peña.6258@cliente.test
6260,Claudia Pérez Morales,Cedula,001-1006259-6,829-759-7259,claudia.perez.6259@correo.com.do
6261,Juan Gómez García,Cedula,001-1006260-7,809-760-7260,juan.gomez.6260@email.do
6262,Miguel Gutiérrez Castillo,Cedula,001-1006261-8,829-761-7261,miguel.gutierrez.6261@correo.com.do
6263,Paola Ruiz Martínez,Cedula,001-1006262-9,809-762-7262,paola.ruiz.6262@vimenca-demo.local
6264,Patricia Medina Alvarez,Cedula,001-1006263-1,829-763-7263,patricia.medina.6263@vimenca-demo.local
6265,Gabriela Cruz Mendoza,Cedula,001-1006264-2,849-764-7264,gabriela.cruz.6264@correo.com.do
6266,Karina Flores Guerrero,Cedula,001-1006265-3,849-765-7265,karina.flores.6265@email.do
6267,Isabella Medina Reyes,Cedula,001-1006266-4,809-766-7266,isabella.medina.6266@vimenca-demo.local
6268,Francisco Hernández Medina,Cedula,001-1006267-5,849-767-7267,francisco.hernandez.6267@email.do
6269,Fernando Rivera Castillo,Cedula,001-1006268-6,809-768-7268,fernando.rivera.6268@email.do
6270,José Medina González,Cedula,001-1006269-7,849-769-7269,jose.medina.6269@cliente.test
6271,Jorge Peña Romero,Cedula,001-1006270-8,849-770-7270,jorge.peña.6270@correo.com.do
6272,Karina Cruz Mendoza,Cedula,001-1006271-9,809-771-7271,karina.cruz.6271@email.do
6273,Natalia Cabrera Ramírez,Cedula,001-1006272-1,829-772-7272,natalia.cabrera.6272@cliente.test
6274,Iván Reyes Pérez,Cedula,001-1006273-2,829-773-7273,ivan.reyes.6273@cliente.test
6275,Héctor Morales Martínez,Cedula,001-1006274-3,809-774-7274,hector.morales.6274@correo.com.do
6276,Daniel Romero Cruz,Cedula,001-1006275-4,829-775-7275,daniel.romero.6275@email.do
6277,Ana Medina Peña,Cedula,001-1006276-5,809-776-7276,ana.medina.6276@correo.com.do
6278,Francisco González Castillo,Cedula,001-1006277-6,829-777-7277,francisco.gonzalez.6277@email.do
6279,Claudia Hernández Ruiz,Cedula,001-1006278-7,809-778-7278,claudia.hernandez.6278@correo.com.do
6280,Laura Romero Reyes,Cedula,001-1006279-8,849-779-7279,laura.romero.6279@cliente.test
6281,Patricia Cabrera Morales,Cedula,001-1006280-9,829-780-7280,patricia.cabrera.6280@cliente.test
6282,Claudia Romero García,Cedula,001-1006281-1,829-781-7281,claudia.romero.6281@correo.com.do
6283,Iván Jiménez Martínez,Cedula,001-1006282-2,809-782-7282,ivan.jimenez.6282@vimenca-demo.local
6284,Rosa Flores Guerrero,Cedula,001-1006283-3,809-783-7283,rosa.flores.6283@cliente.test
6285,Elena Rivera García,Cedula,001-1006284-4,809-784-7284,elena.rivera.6284@email.do
6286,Sofía Alvarez Rojas,Cedula,001-1006285-5,809-785-7285,sofia.alvarez.6285@vimenca-demo.local
6287,Pablo Rivera Rojas,Cedula,001-1006286-6,829-786-7286,pablo.rivera.6286@cliente.test
6288,Óscar Cabrera Rivera,Cedula,001-1006287-7,829-787-7287,oscar.cabrera.6287@email.do
6289,Luis Pérez Ruiz,Cedula,001-1006288-8,809-788-7288,luis.perez.6288@cliente.test
6290,Isabella Alvarez González,Cedula,001-1006289-9,809-789-7289,isabella.alvarez.6289@cliente.test
6291,Miguel Hernández Hernández,Cedula,001-1006290-1,849-790-7290,miguel.hernandez.6290@vimenca-demo.local
6292,Ricardo Cabrera Jiménez,Cedula,001-1006291-2,829-791-7291,ricardo.cabrera.6291@vimenca-demo.local
6293,Karina Alvarez Sánchez,Cedula,001-1006292-3,829-792-7292,karina.alvarez.6292@email.do
6294,Iván Cruz Rojas,Cedula,001-1006293-4,809-793-7293,ivan.cruz.6293@vimenca-demo.local
6295,Rosa Jiménez Rodríguez,Cedula,001-1006294-5,809-794-7294,rosa.jimenez.6294@correo.com.do
6296,Natalia Gómez García,Cedula,001-1006295-6,849-795-7295,natalia.gomez.6295@email.do
6297,David Gómez Martínez,Cedula,001-1006296-7,829-796-7296,david.gomez.6296@email.do
6298,Diana Peña Castillo,Cedula,001-1006297-8,849-797-7297,diana.peña.6297@vimenca-demo.local
6299,Fernando Ortiz González,Cedula,001-1006298-9,849-798-7298,fernando.ortiz.6298@email.do
6300,Andrea Torres Hernández,Cedula,001-1006299-1,829-799-7299,andrea.torres.6299@correo.com.do
6301,Gabriela Alvarez Torres,Cedula,001-1006300-2,809-800-7300,gabriela.alvarez.6300@email.do
6302,Valeria Peña Díaz,Cedula,001-1006301-3,829-801-7301,valeria.peña.6301@vimenca-demo.local
6303,Pedro Díaz Castillo,Cedula,001-1006302-4,829-802-7302,pedro.diaz.6302@cliente.test
6304,Karina Guerrero Ramírez,Cedula,001-1006303-5,829-803-7303,karina.guerrero.6303@email.do
6305,Pedro Pérez Flores,Cedula,001-1006304-6,849-804-7304,pedro.perez.6304@cliente.test
6306,Lucía Reyes Hernández,Cedula,001-1006305-7,809-805-7305,lucia.reyes.6305@vimenca-demo.local
6307,Miguel González Rojas,Cedula,001-1006306-8,829-806-7306,miguel.gonzalez.6306@correo.com.do
6308,Juan Hernández Gómez,Cedula,001-1006307-9,809-807-7307,juan.hernandez.6307@vimenca-demo.local
6309,Iván Ortiz Vargas,Cedula,001-1006308-1,829-808-7308,ivan.ortiz.6308@cliente.test
6310,Rafael Gutiérrez Ramírez,Cedula,001-1006309-2,849-809-7309,rafael.gutierrez.6309@correo.com.do
6311,Lucía Medina Díaz,Cedula,001-1006310-3,809-810-7310,lucia.medina.6310@correo.com.do
6312,Rafael Romero Mendoza,Cedula,001-1006311-4,809-811-7311,rafael.romero.6311@cliente.test
6313,Pedro Rivera Ramírez,Cedula,001-1006312-5,829-812-7312,pedro.rivera.6312@correo.com.do
6314,Pedro Martínez Flores,Cedula,001-1006313-6,829-813-7313,pedro.martinez.6313@email.do
6315,Gabriela Ruiz Morales,Cedula,001-1006314-7,849-814-7314,gabriela.ruiz.6314@email.do
6316,Rafael Medina García,Cedula,001-1006315-8,849-815-7315,rafael.medina.6315@cliente.test
6317,Miguel Ruiz Reyes,Cedula,001-1006316-9,809-816-7316,miguel.ruiz.6316@correo.com.do
6318,Claudia Castillo Cruz,Cedula,001-1006317-1,829-817-7317,claudia.castillo.6317@vimenca-demo.local
6319,Rosa González Gómez,Cedula,001-1006318-2,809-818-7318,rosa.gonzalez.6318@cliente.test
6320,Héctor Vargas Ruiz,Cedula,001-1006319-3,809-819-7319,hector.vargas.6319@correo.com.do
6321,Óscar Guerrero Hernández,Cedula,001-1006320-4,809-820-7320,oscar.guerrero.6320@email.do
6322,Miguel Díaz Flores,Cedula,001-1006321-5,849-821-7321,miguel.diaz.6321@email.do
6323,Carmen García Cruz,Cedula,001-1006322-6,809-822-7322,carmen.garcia.6322@correo.com.do
6324,Ana Ramírez Rodríguez,Cedula,001-1006323-7,849-823-7323,ana.ramirez.6323@email.do
6325,Óscar Rojas Gómez,Cedula,001-1006324-8,849-824-7324,oscar.rojas.6324@vimenca-demo.local
6326,José Castillo Gómez,Cedula,001-1006325-9,809-825-7325,jose.castillo.6325@email.do
6327,Diana Romero Pérez,Cedula,001-1006326-1,829-826-7326,diana.romero.6326@correo.com.do
6328,Manuel García Cruz,Cedula,001-1006327-2,829-827-7327,manuel.garcia.6327@cliente.test
6329,Carlos Pérez Gómez,Cedula,001-1006328-3,829-828-7328,carlos.perez.6328@correo.com.do
6330,Daniel Romero Hernández,Cedula,001-1006329-4,809-829-7329,daniel.romero.6329@email.do
6331,Rafael Rojas Cruz,Cedula,001-1006330-5,809-830-7330,rafael.rojas.6330@cliente.test
6332,Laura Rojas Romero,Cedula,001-1006331-6,809-831-7331,laura.rojas.6331@email.do
6333,Francisco Rojas González,Cedula,001-1006332-7,809-832-7332,francisco.rojas.6332@vimenca-demo.local
6334,Carlos Gómez Torres,Cedula,001-1006333-8,809-833-7333,carlos.gomez.6333@email.do
6335,Ana Rodríguez Díaz,Cedula,001-1006334-9,809-834-7334,ana.rodriguez.6334@cliente.test
6336,José Pérez Castillo,Cedula,001-1006335-1,809-835-7335,jose.perez.6335@correo.com.do
6337,Andrés Alvarez Ramírez,Cedula,001-1006336-2,849-836-7336,andres.alvarez.6336@vimenca-demo.local
6338,Rosa Ramírez Torres,Cedula,001-1006337-3,809-837-7337,rosa.ramirez.6337@correo.com.do
6339,Patricia Vargas Sánchez,Cedula,001-1006338-4,809-838-7338,patricia.vargas.6338@vimenca-demo.local
6340,Lucía Cruz Pérez,Cedula,001-1006339-5,809-839-7339,lucia.cruz.6339@email.do
6341,Sofía Romero Jiménez,Cedula,001-1006340-6,829-840-7340,sofia.romero.6340@vimenca-demo.local
6342,Héctor Castillo Rivera,Cedula,001-1006341-7,809-841-7341,hector.castillo.6341@vimenca-demo.local
6343,Laura Rivera Sánchez,Cedula,001-1006342-8,829-842-7342,laura.rivera.6342@cliente.test
6344,Rosa Jiménez Reyes,Cedula,001-1006343-9,809-843-7343,rosa.jimenez.6343@cliente.test
6345,Ana Flores Hernández,Cedula,001-1006344-1,829-844-7344,ana.flores.6344@cliente.test
6346,Carmen Flores Sánchez,Cedula,001-1006345-2,849-845-7345,carmen.flores.6345@correo.com.do
6347,Karina Díaz Torres,Cedula,001-1006346-3,829-846-7346,karina.diaz.6346@cliente.test
6348,Gabriela Vargas Cabrera,Cedula,001-1006347-4,829-847-7347,gabriela.vargas.6347@email.do
6349,Paola Ruiz Vargas,Cedula,001-1006348-5,809-848-7348,paola.ruiz.6348@vimenca-demo.local
6350,Claudia Ortiz Guerrero,Cedula,001-1006349-6,829-849-7349,claudia.ortiz.6349@email.do
6351,Fernando Guerrero Alvarez,Cedula,001-1006350-7,829-850-7350,fernando.guerrero.6350@correo.com.do
6352,Ana Cruz Cruz,Cedula,001-1006351-8,829-851-7351,ana.cruz.6351@vimenca-demo.local
6353,Paola Rojas Martínez,Cedula,001-1006352-9,829-852-7352,paola.rojas.6352@vimenca-demo.local
6354,Ricardo Sánchez Díaz,Cedula,001-1006353-1,849-853-7353,ricardo.sanchez.6353@email.do
6355,Camila Rodríguez Jiménez,Cedula,001-1006354-2,829-854-7354,camila.rodriguez.6354@cliente.test
6356,Rosa Pérez Flores,Cedula,001-1006355-3,829-855-7355,rosa.perez.6355@cliente.test
6357,Patricia Torres Cruz,Cedula,001-1006356-4,809-856-7356,patricia.torres.6356@vimenca-demo.local
6358,Diana Cabrera Reyes,Cedula,001-1006357-5,829-857-7357,diana.cabrera.6357@vimenca-demo.local
6359,Óscar Romero Gómez,Cedula,001-1006358-6,829-858-7358,oscar.romero.6358@email.do
6360,Laura Ruiz Hernández,Cedula,001-1006359-7,809-859-7359,laura.ruiz.6359@cliente.test
6361,Paola Ruiz Cabrera,Cedula,001-1006360-8,849-860-7360,paola.ruiz.6360@vimenca-demo.local
6362,Sofía González Rivera,Cedula,001-1006361-9,849-861-7361,sofia.gonzalez.6361@email.do
6363,Ricardo Ortiz Peña,Cedula,001-1006362-1,829-862-7362,ricardo.ortiz.6362@email.do
6364,Rafael Gómez Ortiz,Cedula,001-1006363-2,809-863-7363,rafael.gomez.6363@correo.com.do
6365,Pablo Rojas Vargas,Cedula,001-1006364-3,809-864-7364,pablo.rojas.6364@cliente.test
6366,Natalia Peña Torres,Cedula,001-1006365-4,829-865-7365,natalia.peña.6365@vimenca-demo.local
6367,Laura Castillo Rivera,Cedula,001-1006366-5,849-866-7366,laura.castillo.6366@cliente.test
6368,David Gutiérrez Romero,Cedula,001-1006367-6,809-867-7367,david.gutierrez.6367@cliente.test
6369,Paola García Morales,Cedula,001-1006368-7,829-868-7368,paola.garcia.6368@correo.com.do
6370,Andrea González Rivera,Cedula,001-1006369-8,849-869-7369,andrea.gonzalez.6369@cliente.test
6371,Sofía Jiménez Jiménez,Cedula,001-1006370-9,829-870-7370,sofia.jimenez.6370@correo.com.do
6372,Rafael Díaz Rojas,Cedula,001-1006371-1,849-871-7371,rafael.diaz.6371@email.do
6373,Camila Martínez Pérez,Cedula,001-1006372-2,849-872-7372,camila.martinez.6372@cliente.test
6374,Carmen Mendoza Reyes,Cedula,001-1006373-3,809-873-7373,carmen.mendoza.6373@correo.com.do
6375,Sofía García Ortiz,Cedula,001-1006374-4,829-874-7374,sofia.garcia.6374@email.do
6376,Francisco Cruz Rodríguez,Cedula,001-1006375-5,849-875-7375,francisco.cruz.6375@cliente.test
6377,María Alvarez Guerrero,Cedula,001-1006376-6,809-876-7376,maria.alvarez.6376@correo.com.do
6378,Elena Ruiz Jiménez,Cedula,001-1006377-7,829-877-7377,elena.ruiz.6377@cliente.test
6379,Natalia Cabrera Mendoza,Cedula,001-1006378-8,849-878-7378,natalia.cabrera.6378@correo.com.do
6380,Francisco Cruz Romero,Cedula,001-1006379-9,849-879-7379,francisco.cruz.6379@vimenca-demo.local
6381,Laura Pérez González,Cedula,001-1006380-1,829-880-7380,laura.perez.6380@correo.com.do
6382,Fernando Medina Ramírez,Cedula,001-1006381-2,829-881-7381,fernando.medina.6381@vimenca-demo.local
6383,Fernando Sánchez Gómez,Cedula,001-1006382-3,809-882-7382,fernando.sanchez.6382@vimenca-demo.local
6384,Karina Guerrero Vargas,Cedula,001-1006383-4,829-883-7383,karina.guerrero.6383@email.do
6385,Diana Díaz Alvarez,Cedula,001-1006384-5,809-884-7384,diana.diaz.6384@cliente.test
6386,Carmen Jiménez Pérez,Cedula,001-1006385-6,809-885-7385,carmen.jimenez.6385@cliente.test
6387,Karina Rojas Medina,Cedula,001-1006386-7,809-886-7386,karina.rojas.6386@vimenca-demo.local
6388,Laura Cruz Guerrero,Cedula,001-1006387-8,849-887-7387,laura.cruz.6387@vimenca-demo.local
6389,Pedro Castillo Pérez,Cedula,001-1006388-9,849-888-7388,pedro.castillo.6388@email.do
6390,Héctor Mendoza Peña,Cedula,001-1006389-1,849-889-7389,hector.mendoza.6389@cliente.test
6391,Diana Hernández Reyes,Cedula,001-1006390-2,849-890-7390,diana.hernandez.6390@correo.com.do
6392,Héctor Reyes Castillo,Cedula,001-1006391-3,829-891-7391,hector.reyes.6391@correo.com.do
6393,Natalia Torres Ramírez,Cedula,001-1006392-4,809-892-7392,natalia.torres.6392@vimenca-demo.local
6394,Yolanda Pérez Rodríguez,Cedula,001-1006393-5,829-893-7393,yolanda.perez.6393@correo.com.do
6395,Rafael Sánchez Díaz,Cedula,001-1006394-6,809-894-7394,rafael.sanchez.6394@correo.com.do
6396,Fernando Alvarez Mendoza,Cedula,001-1006395-7,849-895-7395,fernando.alvarez.6395@email.do
6397,Yolanda Flores Romero,Cedula,001-1006396-8,809-896-7396,yolanda.flores.6396@correo.com.do
6398,Carmen Torres Torres,Cedula,001-1006397-9,829-897-7397,carmen.torres.6397@vimenca-demo.local
6399,Laura Ortiz Peña,Cedula,001-1006398-1,829-898-7398,laura.ortiz.6398@cliente.test
6400,Laura Castillo Flores,Cedula,001-1006399-2,829-899-7399,laura.castillo.6399@correo.com.do
6401,Carlos Guerrero Hernández,Cedula,001-1006400-3,809-500-7400,carlos.guerrero.6400@vimenca-demo.local
6402,Luis Martínez Rojas,Cedula,001-1006401-4,829-501-7401,luis.martinez.6401@cliente.test
6403,Yolanda Ramírez Rodríguez,Cedula,001-1006402-5,829-502-7402,yolanda.ramirez.6402@correo.com.do
6404,Andrea Martínez Pérez,Cedula,001-1006403-6,809-503-7403,andrea.martinez.6403@cliente.test
6405,Diana Hernández Vargas,Cedula,001-1006404-7,809-504-7404,diana.hernandez.6404@correo.com.do
6406,Luis Rojas Rivera,Cedula,001-1006405-8,809-505-7405,luis.rojas.6405@email.do
6407,Manuel Gutiérrez Ruiz,Cedula,001-1006406-9,829-506-7406,manuel.gutierrez.6406@cliente.test
6408,Andrés Cruz Peña,Cedula,001-1006407-1,849-507-7407,andres.cruz.6407@correo.com.do
6409,Miguel Cabrera Jiménez,Cedula,001-1006408-2,809-508-7408,miguel.cabrera.6408@correo.com.do
6410,Diana González Pérez,Cedula,001-1006409-3,829-509-7409,diana.gonzalez.6409@email.do
6411,Camila Cabrera Romero,Cedula,001-1006410-4,829-510-7410,camila.cabrera.6410@vimenca-demo.local
6412,Natalia Flores Cabrera,Cedula,001-1006411-5,809-511-7411,natalia.flores.6411@email.do
6413,Laura Gómez Ramírez,Cedula,001-1006412-6,829-512-7412,laura.gomez.6412@correo.com.do
6414,Luis Mendoza Ortiz,Cedula,001-1006413-7,829-513-7413,luis.mendoza.6413@correo.com.do
6415,Karina Pérez Ramírez,Cedula,001-1006414-8,809-514-7414,karina.perez.6414@cliente.test
6416,Pedro Gómez Medina,Cedula,001-1006415-9,809-515-7415,pedro.gomez.6415@cliente.test
6417,Pedro Medina Ortiz,Cedula,001-1006416-1,809-516-7416,pedro.medina.6416@correo.com.do
6418,Francisco Medina Mendoza,Cedula,001-1006417-2,849-517-7417,francisco.medina.6417@correo.com.do
6419,Rosa Peña Rojas,Cedula,001-1006418-3,809-518-7418,rosa.peña.6418@correo.com.do
6420,Rosa Cabrera Reyes,Cedula,001-1006419-4,809-519-7419,rosa.cabrera.6419@correo.com.do
6421,Lucía Ruiz Medina,Cedula,001-1006420-5,829-520-7420,lucia.ruiz.6420@correo.com.do
6422,Pedro Pérez González,Cedula,001-1006421-6,849-521-7421,pedro.perez.6421@cliente.test
6423,Rosa Gómez González,Cedula,001-1006422-7,849-522-7422,rosa.gomez.6422@cliente.test
6424,Miguel Alvarez Peña,Cedula,001-1006423-8,829-523-7423,miguel.alvarez.6423@email.do
6425,Gabriela Rojas Gutiérrez,Cedula,001-1006424-9,829-524-7424,gabriela.rojas.6424@vimenca-demo.local
6426,Ricardo Rivera Rojas,Cedula,001-1006425-1,809-525-7425,ricardo.rivera.6425@cliente.test
6427,Yolanda Martínez Torres,Cedula,001-1006426-2,809-526-7426,yolanda.martinez.6426@correo.com.do
6428,Isabella Rivera Jiménez,Cedula,001-1006427-3,849-527-7427,isabella.rivera.6427@correo.com.do
6429,Ricardo Pérez Medina,Cedula,001-1006428-4,809-528-7428,ricardo.perez.6428@vimenca-demo.local
6430,Sofía Vargas González,Cedula,001-1006429-5,829-529-7429,sofia.vargas.6429@correo.com.do
6431,Diana Cabrera Rodríguez,Cedula,001-1006430-6,849-530-7430,diana.cabrera.6430@correo.com.do
6432,Sofía Martínez Peña,Cedula,001-1006431-7,809-531-7431,sofia.martinez.6431@vimenca-demo.local
6433,David Rodríguez Morales,Cedula,001-1006432-8,849-532-7432,david.rodriguez.6432@cliente.test
6434,Ana Cruz Martínez,Cedula,001-1006433-9,849-533-7433,ana.cruz.6433@cliente.test
6435,Valeria Guerrero Díaz,Cedula,001-1006434-1,809-534-7434,valeria.guerrero.6434@vimenca-demo.local
6436,Daniel Sánchez Alvarez,Cedula,001-1006435-2,849-535-7435,daniel.sanchez.6435@cliente.test
6437,Rosa Cabrera Martínez,Cedula,001-1006436-3,809-536-7436,rosa.cabrera.6436@correo.com.do
6438,Alejandro Rivera Ortiz,Cedula,001-1006437-4,849-537-7437,alejandro.rivera.6437@correo.com.do
6439,Pablo Hernández Ruiz,Cedula,001-1006438-5,849-538-7438,pablo.hernandez.6438@vimenca-demo.local
6440,Lucía Peña Peña,Cedula,001-1006439-6,829-539-7439,lucia.peña.6439@vimenca-demo.local
6441,Ricardo Jiménez Rivera,Cedula,001-1006440-7,809-540-7440,ricardo.jimenez.6440@email.do
6442,José Díaz Pérez,Cedula,001-1006441-8,829-541-7441,jose.diaz.6441@vimenca-demo.local
6443,Iván Díaz Castillo,Cedula,001-1006442-9,809-542-7442,ivan.diaz.6442@cliente.test
6444,Alejandro Díaz Alvarez,Cedula,001-1006443-1,809-543-7443,alejandro.diaz.6443@vimenca-demo.local
6445,Ana Reyes Vargas,Cedula,001-1006444-2,829-544-7444,ana.reyes.6444@correo.com.do
6446,Manuel Cruz Cruz,Cedula,001-1006445-3,849-545-7445,manuel.cruz.6445@email.do
6447,Alejandro Cruz Díaz,Cedula,001-1006446-4,829-546-7446,alejandro.cruz.6446@correo.com.do
6448,Ricardo Rojas García,Cedula,001-1006447-5,809-547-7447,ricardo.rojas.6447@cliente.test
6449,Carlos Martínez Rivera,Cedula,001-1006448-6,809-548-7448,carlos.martinez.6448@vimenca-demo.local
6450,Patricia García Guerrero,Cedula,001-1006449-7,849-549-7449,patricia.garcia.6449@cliente.test
6451,Héctor Rojas Sánchez,Cedula,001-1006450-8,809-550-7450,hector.rojas.6450@vimenca-demo.local
6452,Camila Reyes Alvarez,Cedula,001-1006451-9,809-551-7451,camila.reyes.6451@correo.com.do
6453,Juan Vargas Guerrero,Cedula,001-1006452-1,829-552-7452,juan.vargas.6452@cliente.test
6454,Andrea Jiménez Rodríguez,Cedula,001-1006453-2,809-553-7453,andrea.jimenez.6453@vimenca-demo.local
6455,Isabella González Ruiz,Cedula,001-1006454-3,809-554-7454,isabella.gonzalez.6454@email.do
6456,Gabriela Morales Sánchez,Cedula,001-1006455-4,849-555-7455,gabriela.morales.6455@email.do
6457,Andrés Pérez Díaz,Cedula,001-1006456-5,809-556-7456,andres.perez.6456@email.do
6458,Patricia González Ruiz,Cedula,001-1006457-6,809-557-7457,patricia.gonzalez.6457@email.do
6459,Ana Ruiz González,Cedula,001-1006458-7,809-558-7458,ana.ruiz.6458@vimenca-demo.local
6460,Andrea Flores Ortiz,Cedula,001-1006459-8,809-559-7459,andrea.flores.6459@vimenca-demo.local
6461,Lucía Ramírez Díaz,Cedula,001-1006460-9,809-560-7460,lucia.ramirez.6460@vimenca-demo.local
6462,Juan Flores Martínez,Cedula,001-1006461-1,849-561-7461,juan.flores.6461@correo.com.do
6463,Natalia Flores Reyes,Cedula,001-1006462-2,809-562-7462,natalia.flores.6462@correo.com.do
6464,Alejandro Cabrera Medina,Cedula,001-1006463-3,849-563-7463,alejandro.cabrera.6463@correo.com.do
6465,Andrés Peña Torres,Cedula,001-1006464-4,849-564-7464,andres.peña.6464@vimenca-demo.local
6466,José Guerrero Rojas,Cedula,001-1006465-5,809-565-7465,jose.guerrero.6465@vimenca-demo.local
6467,Daniel Alvarez Reyes,Cedula,001-1006466-6,809-566-7466,daniel.alvarez.6466@email.do
6468,Lucía Hernández González,Cedula,001-1006467-7,829-567-7467,lucia.hernandez.6467@correo.com.do
6469,Diana Pérez Vargas,Cedula,001-1006468-8,829-568-7468,diana.perez.6468@vimenca-demo.local
6470,Natalia Rodríguez Jiménez,Cedula,001-1006469-9,849-569-7469,natalia.rodriguez.6469@cliente.test
6471,Sofía García González,Cedula,001-1006470-1,809-570-7470,sofia.garcia.6470@correo.com.do
6472,José Cabrera Rivera,Cedula,001-1006471-2,849-571-7471,jose.cabrera.6471@correo.com.do
6473,Diana Peña Rojas,Cedula,001-1006472-3,809-572-7472,diana.peña.6472@vimenca-demo.local
6474,Rosa Martínez Jiménez,Cedula,001-1006473-4,809-573-7473,rosa.martinez.6473@vimenca-demo.local
6475,Camila Alvarez Peña,Cedula,001-1006474-5,849-574-7474,camila.alvarez.6474@correo.com.do
6476,Valeria Rivera Ortiz,Cedula,001-1006475-6,829-575-7475,valeria.rivera.6475@cliente.test
6477,Diana Romero Cabrera,Cedula,001-1006476-7,849-576-7476,diana.romero.6476@email.do
6478,Carlos Sánchez Martínez,Cedula,001-1006477-8,809-577-7477,carlos.sanchez.6477@email.do
6479,Ricardo Torres Alvarez,Cedula,001-1006478-9,829-578-7478,ricardo.torres.6478@vimenca-demo.local
6480,Natalia Vargas Mendoza,Cedula,001-1006479-1,849-579-7479,natalia.vargas.6479@correo.com.do
6481,Patricia Reyes Ruiz,Cedula,001-1006480-2,849-580-7480,patricia.reyes.6480@correo.com.do
6482,Manuel Pérez Torres,Cedula,001-1006481-3,829-581-7481,manuel.perez.6481@cliente.test
6483,Sofía Guerrero Romero,Cedula,001-1006482-4,849-582-7482,sofia.guerrero.6482@cliente.test
6484,Paola García Gómez,Cedula,001-1006483-5,849-583-7483,paola.garcia.6483@vimenca-demo.local
6485,Daniel Díaz Peña,Cedula,001-1006484-6,829-584-7484,daniel.diaz.6484@cliente.test
6486,Karina Hernández Rivera,Cedula,001-1006485-7,849-585-7485,karina.hernandez.6485@correo.com.do
6487,Elena Sánchez Hernández,Cedula,001-1006486-8,829-586-7486,elena.sanchez.6486@correo.com.do
6488,Yolanda Morales Hernández,Cedula,001-1006487-9,849-587-7487,yolanda.morales.6487@correo.com.do
6489,Rosa Díaz Cabrera,Cedula,001-1006488-1,849-588-7488,rosa.diaz.6488@email.do
6490,Yolanda Medina Ruiz,Cedula,001-1006489-2,809-589-7489,yolanda.medina.6489@cliente.test
6491,Ricardo Martínez Romero,Cedula,001-1006490-3,829-590-7490,ricardo.martinez.6490@correo.com.do
6492,David Morales Reyes,Cedula,001-1006491-4,809-591-7491,david.morales.6491@email.do
6493,Iván Alvarez Flores,Cedula,001-1006492-5,829-592-7492,ivan.alvarez.6492@vimenca-demo.local
6494,Carlos Martínez Cruz,Cedula,001-1006493-6,809-593-7493,carlos.martinez.6493@vimenca-demo.local
6495,Iván Morales Martínez,Cedula,001-1006494-7,829-594-7494,ivan.morales.6494@email.do
6496,Natalia Martínez Rivera,Cedula,001-1006495-8,809-595-7495,natalia.martinez.6495@correo.com.do
6497,Jorge Torres Vargas,Cedula,001-1006496-9,849-596-7496,jorge.torres.6496@correo.com.do
6498,Elena Ramírez Ortiz,Cedula,001-1006497-1,849-597-7497,elena.ramirez.6497@cliente.test
6499,Claudia Sánchez Vargas,Cedula,001-1006498-2,829-598-7498,claudia.sanchez.6498@cliente.test
6500,Elena Rivera Reyes,Cedula,001-1006499-3,809-599-7499,elena.rivera.6499@cliente.test
6501,Daniel Medina Cabrera,Cedula,001-1006500-4,849-600-7500,daniel.medina.6500@correo.com.do
6502,Diana Castillo Sánchez,Cedula,001-1006501-5,849-601-7501,diana.castillo.6501@email.do
6503,Manuel Cabrera Flores,Cedula,001-1006502-6,809-602-7502,manuel.cabrera.6502@email.do
6504,Rosa Gutiérrez García,Cedula,001-1006503-7,829-603-7503,rosa.gutierrez.6503@correo.com.do
6505,Pedro Reyes Mendoza,Cedula,001-1006504-8,829-604-7504,pedro.reyes.6504@email.do
6506,Andrés Romero Gómez,Cedula,001-1006505-9,809-605-7505,andres.romero.6505@vimenca-demo.local
6507,Fernando Jiménez Pérez,Cedula,001-1006506-1,849-606-7506,fernando.jimenez.6506@vimenca-demo.local
6508,David Gómez Reyes,Cedula,001-1006507-2,849-607-7507,david.gomez.6507@vimenca-demo.local
6509,José Cruz Sánchez,Cedula,001-1006508-3,849-608-7508,jose.cruz.6508@cliente.test
6510,Ricardo García Sánchez,Cedula,001-1006509-4,809-609-7509,ricardo.garcia.6509@vimenca-demo.local
6511,Alejandro Reyes Rodríguez,Cedula,001-1006510-5,809-610-7510,alejandro.reyes.6510@email.do
6512,Patricia Castillo González,Cedula,001-1006511-6,849-611-7511,patricia.castillo.6511@vimenca-demo.local
6513,Yolanda Rivera Díaz,Cedula,001-1006512-7,809-612-7512,yolanda.rivera.6512@email.do
6514,Pedro Gómez Vargas,Cedula,001-1006513-8,849-613-7513,pedro.gomez.6513@email.do
6515,Ricardo Torres Rodríguez,Cedula,001-1006514-9,809-614-7514,ricardo.torres.6514@vimenca-demo.local
6516,Francisco Jiménez Morales,Cedula,001-1006515-1,809-615-7515,francisco.jimenez.6515@cliente.test
6517,Claudia Jiménez Martínez,Cedula,001-1006516-2,809-616-7516,claudia.jimenez.6516@cliente.test
6518,Rafael Ortiz Rivera,Cedula,001-1006517-3,849-617-7517,rafael.ortiz.6517@email.do
6519,Francisco Guerrero González,Cedula,001-1006518-4,829-618-7518,francisco.guerrero.6518@correo.com.do
6520,Pedro Morales Reyes,Cedula,001-1006519-5,809-619-7519,pedro.morales.6519@email.do
6521,Jorge Castillo Torres,Cedula,001-1006520-6,829-620-7520,jorge.castillo.6520@email.do
6522,Ricardo Jiménez Ramírez,Cedula,001-1006521-7,809-621-7521,ricardo.jimenez.6521@cliente.test
6523,Fernando Torres González,Cedula,001-1006522-8,809-622-7522,fernando.torres.6522@vimenca-demo.local
6524,Laura Pérez Guerrero,Cedula,001-1006523-9,849-623-7523,laura.perez.6523@email.do
6525,María Gutiérrez Rodríguez,Cedula,001-1006524-1,849-624-7524,maria.gutierrez.6524@vimenca-demo.local
6526,Jorge García Sánchez,Cedula,001-1006525-2,809-625-7525,jorge.garcia.6525@email.do
6527,Héctor Pérez Castillo,Cedula,001-1006526-3,809-626-7526,hector.perez.6526@correo.com.do
6528,Paola Torres Vargas,Cedula,001-1006527-4,809-627-7527,paola.torres.6527@email.do
6529,Alejandro Jiménez Torres,Cedula,001-1006528-5,849-628-7528,alejandro.jimenez.6528@cliente.test
6530,Isabella Martínez Jiménez,Cedula,001-1006529-6,809-629-7529,isabella.martinez.6529@correo.com.do
6531,Luis Vargas García,Cedula,001-1006530-7,849-630-7530,luis.vargas.6530@email.do
6532,Karina Vargas Gómez,Cedula,001-1006531-8,809-631-7531,karina.vargas.6531@cliente.test
6533,Ricardo González Sánchez,Cedula,001-1006532-9,829-632-7532,ricardo.gonzalez.6532@vimenca-demo.local
6534,Elena Mendoza Ortiz,Cedula,001-1006533-1,849-633-7533,elena.mendoza.6533@correo.com.do
6535,Alejandro Díaz Jiménez,Cedula,001-1006534-2,809-634-7534,alejandro.diaz.6534@vimenca-demo.local
6536,Iván Hernández Jiménez,Cedula,001-1006535-3,809-635-7535,ivan.hernandez.6535@email.do
6537,Juan Rivera Medina,Cedula,001-1006536-4,849-636-7536,juan.rivera.6536@vimenca-demo.local
6538,Laura González Romero,Cedula,001-1006537-5,809-637-7537,laura.gonzalez.6537@email.do
6539,Ricardo Vargas Vargas,Cedula,001-1006538-6,829-638-7538,ricardo.vargas.6538@cliente.test
6540,Andrea Alvarez Martínez,Cedula,001-1006539-7,829-639-7539,andrea.alvarez.6539@vimenca-demo.local
6541,Ricardo Rivera Reyes,Cedula,001-1006540-8,809-640-7540,ricardo.rivera.6540@vimenca-demo.local
6542,Iván García Medina,Cedula,001-1006541-9,849-641-7541,ivan.garcia.6541@correo.com.do
6543,Diana Alvarez Díaz,Cedula,001-1006542-1,849-642-7542,diana.alvarez.6542@email.do
6544,Claudia Mendoza Peña,Cedula,001-1006543-2,809-643-7543,claudia.mendoza.6543@correo.com.do
6545,Iván Ortiz Morales,Cedula,001-1006544-3,849-644-7544,ivan.ortiz.6544@cliente.test
6546,Óscar Gómez Rodríguez,Cedula,001-1006545-4,809-645-7545,oscar.gomez.6545@vimenca-demo.local
6547,Gabriela Vargas Cabrera,Cedula,001-1006546-5,809-646-7546,gabriela.vargas.6546@cliente.test
6548,Francisco García Medina,Cedula,001-1006547-6,849-647-7547,francisco.garcia.6547@email.do
6549,Pedro Guerrero Mendoza,Cedula,001-1006548-7,829-648-7548,pedro.guerrero.6548@vimenca-demo.local
6550,Natalia Rodríguez Morales,Cedula,001-1006549-8,849-649-7549,natalia.rodriguez.6549@correo.com.do
6551,Claudia Rodríguez González,Cedula,001-1006550-9,809-650-7550,claudia.rodriguez.6550@email.do
6552,Miguel Castillo Pérez,Cedula,001-1006551-1,829-651-7551,miguel.castillo.6551@cliente.test
6553,Natalia Castillo Peña,Cedula,001-1006552-2,809-652-7552,natalia.castillo.6552@cliente.test
6554,Ricardo Vargas Guerrero,Cedula,001-1006553-3,849-653-7553,ricardo.vargas.6553@cliente.test
6555,Óscar Ramírez Gómez,Cedula,001-1006554-4,809-654-7554,oscar.ramirez.6554@email.do
6556,Manuel Ramírez Castillo,Cedula,001-1006555-5,809-655-7555,manuel.ramirez.6555@cliente.test
6557,Andrea Díaz Hernández,Cedula,001-1006556-6,809-656-7556,andrea.diaz.6556@email.do
6558,Francisco Cruz Guerrero,Cedula,001-1006557-7,849-657-7557,francisco.cruz.6557@vimenca-demo.local
6559,Camila Díaz Morales,Cedula,001-1006558-8,829-658-7558,camila.diaz.6558@email.do
6560,Pedro Martínez Rivera,Cedula,001-1006559-9,849-659-7559,pedro.martinez.6559@email.do
6561,Rosa Ramírez García,Cedula,001-1006560-1,809-660-7560,rosa.ramirez.6560@correo.com.do
6562,Sofía Reyes Guerrero,Cedula,001-1006561-2,809-661-7561,sofia.reyes.6561@vimenca-demo.local
6563,Paola Alvarez Ruiz,Cedula,001-1006562-3,809-662-7562,paola.alvarez.6562@email.do
6564,Miguel Ramírez González,Cedula,001-1006563-4,829-663-7563,miguel.ramirez.6563@vimenca-demo.local
6565,Jorge Jiménez Castillo,Cedula,001-1006564-5,829-664-7564,jorge.jimenez.6564@cliente.test
6566,Claudia Ramírez González,Cedula,001-1006565-6,849-665-7565,claudia.ramirez.6565@cliente.test
6567,Valeria Pérez Ortiz,Cedula,001-1006566-7,849-666-7566,valeria.perez.6566@email.do
6568,Isabella Morales Gómez,Cedula,001-1006567-8,829-667-7567,isabella.morales.6567@correo.com.do
6569,Laura Peña Gutiérrez,Cedula,001-1006568-9,809-668-7568,laura.peña.6568@email.do
6570,Rafael Pérez Alvarez,Cedula,001-1006569-1,849-669-7569,rafael.perez.6569@vimenca-demo.local
6571,José Guerrero Cruz,Cedula,001-1006570-2,809-670-7570,jose.guerrero.6570@vimenca-demo.local
6572,Óscar Cruz Rivera,Cedula,001-1006571-3,829-671-7571,oscar.cruz.6571@email.do
6573,Iván Rojas Medina,Cedula,001-1006572-4,829-672-7572,ivan.rojas.6572@email.do
6574,Miguel Medina González,Cedula,001-1006573-5,809-673-7573,miguel.medina.6573@cliente.test
6575,Elena Gómez Díaz,Cedula,001-1006574-6,809-674-7574,elena.gomez.6574@email.do
6576,Isabella Guerrero Díaz,Cedula,001-1006575-7,829-675-7575,isabella.guerrero.6575@cliente.test
6577,Ricardo Jiménez Ortiz,Cedula,001-1006576-8,829-676-7576,ricardo.jimenez.6576@cliente.test
6578,Lucía Reyes Gutiérrez,Cedula,001-1006577-9,849-677-7577,lucia.reyes.6577@vimenca-demo.local
6579,Óscar Sánchez Sánchez,Cedula,001-1006578-1,849-678-7578,oscar.sanchez.6578@vimenca-demo.local
6580,Diana Mendoza Díaz,Cedula,001-1006579-2,809-679-7579,diana.mendoza.6579@correo.com.do
6581,Rosa Morales Vargas,Cedula,001-1006580-3,829-680-7580,rosa.morales.6580@email.do
6582,Juan Morales Hernández,Cedula,001-1006581-4,849-681-7581,juan.morales.6581@email.do
6583,Héctor Gómez Cruz,Cedula,001-1006582-5,809-682-7582,hector.gomez.6582@vimenca-demo.local
6584,Manuel Guerrero Castillo,Cedula,001-1006583-6,829-683-7583,manuel.guerrero.6583@correo.com.do
6585,Francisco Alvarez Reyes,Cedula,001-1006584-7,849-684-7584,francisco.alvarez.6584@cliente.test
6586,Isabella Sánchez Jiménez,Cedula,001-1006585-8,849-685-7585,isabella.sanchez.6585@email.do
6587,Daniel Mendoza García,Cedula,001-1006586-9,849-686-7586,daniel.mendoza.6586@cliente.test
6588,Laura Flores Castillo,Cedula,001-1006587-1,809-687-7587,laura.flores.6587@vimenca-demo.local
6589,Miguel González Hernández,Cedula,001-1006588-2,829-688-7588,miguel.gonzalez.6588@correo.com.do
6590,Óscar Rojas Medina,Cedula,001-1006589-3,809-689-7589,oscar.rojas.6589@vimenca-demo.local
6591,Ana González Medina,Cedula,001-1006590-4,829-690-7590,ana.gonzalez.6590@email.do
6592,Isabella Reyes Ruiz,Cedula,001-1006591-5,829-691-7591,isabella.reyes.6591@correo.com.do
6593,Jorge Ortiz Romero,Cedula,001-1006592-6,809-692-7592,jorge.ortiz.6592@cliente.test
6594,Alejandro Pérez Rojas,Cedula,001-1006593-7,849-693-7593,alejandro.perez.6593@vimenca-demo.local
6595,Luis Reyes García,Cedula,001-1006594-8,809-694-7594,luis.reyes.6594@email.do
6596,Claudia Gutiérrez González,Cedula,001-1006595-9,829-695-7595,claudia.gutierrez.6595@correo.com.do
6597,Iván Ruiz Castillo,Cedula,001-1006596-1,809-696-7596,ivan.ruiz.6596@email.do
6598,Carmen Reyes Vargas,Cedula,001-1006597-2,849-697-7597,carmen.reyes.6597@email.do
6599,Luis Peña Hernández,Cedula,001-1006598-3,829-698-7598,luis.peña.6598@vimenca-demo.local
6600,Miguel Mendoza Peña,Cedula,001-1006599-4,829-699-7599,miguel.mendoza.6599@cliente.test
6601,Fernando Alvarez Romero,Cedula,001-1006600-5,809-700-7600,fernando.alvarez.6600@cliente.test
6602,Fernando Ramírez Morales,Cedula,001-1006601-6,849-701-7601,fernando.ramirez.6601@email.do
6603,Francisco Rojas Rojas,Cedula,001-1006602-7,809-702-7602,francisco.rojas.6602@cliente.test
6604,Juan Pérez Martínez,Cedula,001-1006603-8,809-703-7603,juan.perez.6603@email.do
6605,José Guerrero Guerrero,Cedula,001-1006604-9,849-704-7604,jose.guerrero.6604@correo.com.do
6606,Lucía Rivera Gutiérrez,Cedula,001-1006605-1,809-705-7605,lucia.rivera.6605@vimenca-demo.local
6607,Ricardo Guerrero Flores,Cedula,001-1006606-2,809-706-7606,ricardo.guerrero.6606@email.do
6608,Laura Morales Rojas,Cedula,001-1006607-3,849-707-7607,laura.morales.6607@cliente.test
6609,Paola Cruz García,Cedula,001-1006608-4,849-708-7608,paola.cruz.6608@email.do
6610,Andrea Jiménez Cruz,Cedula,001-1006609-5,849-709-7609,andrea.jimenez.6609@cliente.test
6611,Pedro Mendoza Ramírez,Cedula,001-1006610-6,809-710-7610,pedro.mendoza.6610@cliente.test
6612,David Vargas Castillo,Cedula,001-1006611-7,849-711-7611,david.vargas.6611@vimenca-demo.local
6613,Diana Cabrera Morales,Cedula,001-1006612-8,809-712-7612,diana.cabrera.6612@email.do
6614,Natalia Díaz Peña,Cedula,001-1006613-9,829-713-7613,natalia.diaz.6613@cliente.test
6615,Paola Mendoza Guerrero,Cedula,001-1006614-1,809-714-7614,paola.mendoza.6614@correo.com.do
6616,Carmen González Flores,Cedula,001-1006615-2,809-715-7615,carmen.gonzalez.6615@vimenca-demo.local
6617,Paola Peña Ramírez,Cedula,001-1006616-3,809-716-7616,paola.peña.6616@vimenca-demo.local
6618,Juan Martínez Pérez,Cedula,001-1006617-4,829-717-7617,juan.martinez.6617@vimenca-demo.local
6619,Fernando Pérez Ortiz,Cedula,001-1006618-5,849-718-7618,fernando.perez.6618@vimenca-demo.local
6620,Luis Ruiz Cabrera,Cedula,001-1006619-6,809-719-7619,luis.ruiz.6619@correo.com.do
6621,Lucía Romero Gutiérrez,Cedula,001-1006620-7,829-720-7620,lucia.romero.6620@correo.com.do
6622,Valeria Vargas Martínez,Cedula,001-1006621-8,829-721-7621,valeria.vargas.6621@correo.com.do
6623,Luis Flores Torres,Cedula,001-1006622-9,829-722-7622,luis.flores.6622@correo.com.do
6624,Fernando Cruz Cabrera,Cedula,001-1006623-1,809-723-7623,fernando.cruz.6623@vimenca-demo.local
6625,Laura Guerrero Gómez,Cedula,001-1006624-2,849-724-7624,laura.guerrero.6624@email.do
6626,Rafael Flores Gutiérrez,Cedula,001-1006625-3,829-725-7625,rafael.flores.6625@email.do
6627,Rosa Reyes Gómez,Cedula,001-1006626-4,849-726-7626,rosa.reyes.6626@vimenca-demo.local
6628,Luis Ramírez Rodríguez,Cedula,001-1006627-5,809-727-7627,luis.ramirez.6627@correo.com.do
6629,Fernando Gutiérrez Peña,Cedula,001-1006628-6,829-728-7628,fernando.gutierrez.6628@vimenca-demo.local
6630,Diana Reyes Pérez,Cedula,001-1006629-7,829-729-7629,diana.reyes.6629@cliente.test
6631,Natalia Flores Rodríguez,Cedula,001-1006630-8,849-730-7630,natalia.flores.6630@correo.com.do
6632,Carlos González Cabrera,Cedula,001-1006631-9,849-731-7631,carlos.gonzalez.6631@cliente.test
6633,Rafael Cruz Cabrera,Cedula,001-1006632-1,829-732-7632,rafael.cruz.6632@email.do
6634,Rafael Morales Martínez,Cedula,001-1006633-2,829-733-7633,rafael.morales.6633@correo.com.do
6635,Lucía Peña Cruz,Cedula,001-1006634-3,849-734-7634,lucia.peña.6634@cliente.test
6636,Óscar Pérez Martínez,Cedula,001-1006635-4,829-735-7635,oscar.perez.6635@cliente.test
6637,Iván Díaz Hernández,Cedula,001-1006636-5,849-736-7636,ivan.diaz.6636@email.do
6638,Carmen Sánchez Morales,Cedula,001-1006637-6,829-737-7637,carmen.sanchez.6637@correo.com.do
6639,Carlos Romero Gómez,Cedula,001-1006638-7,829-738-7638,carlos.romero.6638@correo.com.do
6640,Andrea Ramírez Díaz,Cedula,001-1006639-8,829-739-7639,andrea.ramirez.6639@email.do
6641,Jorge Vargas Ruiz,Cedula,001-1006640-9,849-740-7640,jorge.vargas.6640@correo.com.do
6642,Jorge Morales Gómez,Cedula,001-1006641-1,849-741-7641,jorge.morales.6641@cliente.test
6643,Manuel Ruiz Díaz,Cedula,001-1006642-2,829-742-7642,manuel.ruiz.6642@email.do
6644,Sofía Torres Hernández,Cedula,001-1006643-3,829-743-7643,sofia.torres.6643@email.do
6645,María Cruz Cruz,Cedula,001-1006644-4,809-744-7644,maria.cruz.6644@email.do
6646,Pablo Cabrera Alvarez,Cedula,001-1006645-5,829-745-7645,pablo.cabrera.6645@cliente.test
6647,Natalia Rodríguez Martínez,Cedula,001-1006646-6,849-746-7646,natalia.rodriguez.6646@vimenca-demo.local
6648,Peña & Morales SRL,RNC,1300006647,849-747-7647,elena.peña.6647@cliente.test
6649,Isabella Jiménez Rojas,Cedula,001-1006648-8,809-748-7648,isabella.jimenez.6648@email.do
6650,Carmen García González,Cedula,001-1006649-9,809-749-7649,carmen.garcia.6649@vimenca-demo.local
6651,María Cabrera Guerrero,Cedula,001-1006650-1,809-750-7650,maria.cabrera.6650@cliente.test
6652,Gabriela Alvarez Cruz,Cedula,001-1006651-2,849-751-7651,gabriela.alvarez.6651@cliente.test
6653,Natalia Medina Vargas,Cedula,001-1006652-3,829-752-7652,natalia.medina.6652@email.do
6654,Daniel Martínez Vargas,Cedula,001-1006653-4,849-753-7653,daniel.martinez.6653@vimenca-demo.local
6655,Luis Sánchez Gómez,Cedula,001-1006654-5,849-754-7654,luis.sanchez.6654@email.do
6656,Alejandro Rivera Morales,Cedula,001-1006655-6,809-755-7655,alejandro.rivera.6655@correo.com.do
6657,Juan Medina Ruiz,Cedula,001-1006656-7,809-756-7656,juan.medina.6656@cliente.test
6658,Juan Ruiz Peña,Cedula,001-1006657-8,809-757-7657,juan.ruiz.6657@cliente.test
6659,Juan Vargas Reyes,Cedula,001-1006658-9,849-758-7658,juan.vargas.6658@email.do
6660,María Ortiz Medina,Cedula,001-1006659-1,829-759-7659,maria.ortiz.6659@cliente.test
6661,Pablo Peña Romero,Cedula,001-1006660-2,809-760-7660,pablo.peña.6660@correo.com.do
6662,Camila Rivera González,Cedula,001-1006661-3,809-761-7661,camila.rivera.6661@vimenca-demo.local
6663,Gabriela Vargas Gutiérrez,Cedula,001-1006662-4,809-762-7662,gabriela.vargas.6662@cliente.test
6664,Juan Alvarez Jiménez,Cedula,001-1006663-5,809-763-7663,juan.alvarez.6663@correo.com.do
6665,Iván Peña Martínez,Cedula,001-1006664-6,809-764-7664,ivan.peña.6664@email.do
6666,Luis Guerrero González,Cedula,001-1006665-7,809-765-7665,luis.guerrero.6665@vimenca-demo.local
6667,Carmen Rivera Castillo,Cedula,001-1006666-8,829-766-7666,carmen.rivera.6666@vimenca-demo.local
6668,Laura Cabrera Castillo,Cedula,001-1006667-9,829-767-7667,laura.cabrera.6667@correo.com.do
6669,Gabriela Rojas Guerrero,Cedula,001-1006668-1,829-768-7668,gabriela.rojas.6668@cliente.test
6670,Rafael Alvarez Jiménez,Cedula,001-1006669-2,809-769-7669,rafael.alvarez.6669@cliente.test
6671,Karina Hernández Vargas,Cedula,001-1006670-3,809-770-7670,karina.hernandez.6670@cliente.test
6672,Ricardo Díaz Mendoza,Cedula,001-1006671-4,829-771-7671,ricardo.diaz.6671@cliente.test
6673,Fernando Cruz Alvarez,Cedula,001-1006672-5,829-772-7672,fernando.cruz.6672@cliente.test
6674,Diana Rodríguez Jiménez,Cedula,001-1006673-6,849-773-7673,diana.rodriguez.6673@cliente.test
6675,Sofía Ramírez Rivera,Cedula,001-1006674-7,809-774-7674,sofia.ramirez.6674@vimenca-demo.local
6676,José Jiménez Mendoza,Cedula,001-1006675-8,809-775-7675,jose.jimenez.6675@vimenca-demo.local
6677,María Peña Guerrero,Cedula,001-1006676-9,809-776-7676,maria.peña.6676@vimenca-demo.local
6678,Ricardo Castillo Mendoza,Cedula,001-1006677-1,809-777-7677,ricardo.castillo.6677@vimenca-demo.local
6679,Pablo Jiménez Ramírez,Cedula,001-1006678-2,809-778-7678,pablo.jimenez.6678@email.do
6680,Pedro Hernández Martínez,Cedula,001-1006679-3,809-779-7679,pedro.hernandez.6679@vimenca-demo.local
6681,Claudia Mendoza García,Cedula,001-1006680-4,809-780-7680,claudia.mendoza.6680@cliente.test
6682,Alejandro Mendoza Rivera,Cedula,001-1006681-5,849-781-7681,alejandro.mendoza.6681@cliente.test
6683,Sofía Morales Rodríguez,Cedula,001-1006682-6,829-782-7682,sofia.morales.6682@correo.com.do
6684,Isabella Medina Vargas,Cedula,001-1006683-7,809-783-7683,isabella.medina.6683@correo.com.do
6685,David Rodríguez Romero,Cedula,001-1006684-8,809-784-7684,david.rodriguez.6684@correo.com.do
6686,Miguel Cruz Mendoza,Cedula,001-1006685-9,829-785-7685,miguel.cruz.6685@email.do
6687,Juan García Gutiérrez,Cedula,001-1006686-1,809-786-7686,juan.garcia.6686@correo.com.do
6688,Fernando Díaz Ruiz,Cedula,001-1006687-2,849-787-7687,fernando.diaz.6687@email.do
6689,Valeria Rojas Reyes,Cedula,001-1006688-3,849-788-7688,valeria.rojas.6688@vimenca-demo.local
6690,Pablo Rojas Ruiz,Cedula,001-1006689-4,809-789-7689,pablo.rojas.6689@email.do
6691,Daniel Rivera Gutiérrez,Cedula,001-1006690-5,829-790-7690,daniel.rivera.6690@email.do
6692,Isabella Cabrera Martínez,Cedula,001-1006691-6,809-791-7691,isabella.cabrera.6691@email.do
6693,Diana Hernández Cruz,Cedula,001-1006692-7,849-792-7692,diana.hernandez.6692@cliente.test
6694,Pedro Guerrero Flores,Cedula,001-1006693-8,809-793-7693,pedro.guerrero.6693@cliente.test
6695,Camila Peña Morales,Cedula,001-1006694-9,829-794-7694,camila.peña.6694@cliente.test
6696,Sofía Medina González,Cedula,001-1006695-1,809-795-7695,sofia.medina.6695@correo.com.do
6697,Pedro Ortiz Mendoza,Cedula,001-1006696-2,849-796-7696,pedro.ortiz.6696@email.do
6698,Héctor Morales Díaz,Cedula,001-1006697-3,849-797-7697,hector.morales.6697@email.do
6699,Manuel Rivera Cruz,Cedula,001-1006698-4,829-798-7698,manuel.rivera.6698@vimenca-demo.local
6700,Karina Cabrera Sánchez,Cedula,001-1006699-5,849-799-7699,karina.cabrera.6699@cliente.test
6701,Francisco Rivera García,Cedula,001-1006700-6,809-800-7700,francisco.rivera.6700@correo.com.do
6702,Manuel García Ruiz,Cedula,001-1006701-7,849-801-7701,manuel.garcia.6701@cliente.test
6703,Luis Martínez Rivera,Cedula,001-1006702-8,809-802-7702,luis.martinez.6702@cliente.test
6704,Daniel Martínez Hernández,Cedula,001-1006703-9,849-803-7703,daniel.martinez.6703@correo.com.do
6705,David Flores Ramírez,Cedula,001-1006704-1,829-804-7704,david.flores.6704@email.do
6706,Andrés Cruz Vargas,Cedula,001-1006705-2,849-805-7705,andres.cruz.6705@email.do
6707,Luis Cabrera Vargas,Cedula,001-1006706-3,809-806-7706,luis.cabrera.6706@email.do
6708,Daniel Cabrera Morales,Cedula,001-1006707-4,829-807-7707,daniel.cabrera.6707@email.do
6709,Yolanda Mendoza Alvarez,Cedula,001-1006708-5,809-808-7708,yolanda.mendoza.6708@email.do
6710,Pedro Peña Rodríguez,Cedula,001-1006709-6,849-809-7709,pedro.peña.6709@correo.com.do
6711,Carlos Hernández Rodríguez,Cedula,001-1006710-7,809-810-7710,carlos.hernandez.6710@email.do
6712,Natalia Reyes Gutiérrez,Cedula,001-1006711-8,849-811-7711,natalia.reyes.6711@correo.com.do
6713,Juan Medina Rivera,Cedula,001-1006712-9,809-812-7712,juan.medina.6712@correo.com.do
6714,Lucía Vargas Torres,Cedula,001-1006713-1,849-813-7713,lucia.vargas.6713@vimenca-demo.local
6715,Elena Martínez Gómez,Cedula,001-1006714-2,849-814-7714,elena.martinez.6714@email.do
6716,Luis Jiménez Romero,Cedula,001-1006715-3,809-815-7715,luis.jimenez.6715@email.do
6717,Valeria Mendoza Torres,Cedula,001-1006716-4,829-816-7716,valeria.mendoza.6716@cliente.test
6718,Óscar Martínez Torres,Cedula,001-1006717-5,829-817-7717,oscar.martinez.6717@cliente.test
6719,María Ruiz Peña,Cedula,001-1006718-6,849-818-7718,maria.ruiz.6718@correo.com.do
6720,Pedro González González,Cedula,001-1006719-7,849-819-7719,pedro.gonzalez.6719@cliente.test
6721,Miguel Díaz Rojas,Cedula,001-1006720-8,829-820-7720,miguel.diaz.6720@vimenca-demo.local
6722,Valeria Alvarez Reyes,Cedula,001-1006721-9,829-821-7721,valeria.alvarez.6721@correo.com.do
6723,Patricia Martínez Guerrero,Cedula,001-1006722-1,809-822-7722,patricia.martinez.6722@correo.com.do
6724,Jorge Castillo Ruiz,Cedula,001-1006723-2,849-823-7723,jorge.castillo.6723@email.do
6725,Sofía García Rojas,Cedula,001-1006724-3,829-824-7724,sofia.garcia.6724@cliente.test
6726,Carmen Jiménez Reyes,Cedula,001-1006725-4,809-825-7725,carmen.jimenez.6725@vimenca-demo.local
6727,Rafael Ruiz Hernández,Cedula,001-1006726-5,849-826-7726,rafael.ruiz.6726@correo.com.do
6728,Rosa González Castillo,Cedula,001-1006727-6,849-827-7727,rosa.gonzalez.6727@cliente.test
6729,Patricia Ortiz Morales,Cedula,001-1006728-7,849-828-7728,patricia.ortiz.6728@vimenca-demo.local
6730,José Alvarez Romero,Cedula,001-1006729-8,829-829-7729,jose.alvarez.6729@correo.com.do
6731,Isabella Morales Ortiz,Cedula,001-1006730-9,849-830-7730,isabella.morales.6730@correo.com.do
6732,Isabella Ortiz Cruz,Cedula,001-1006731-1,849-831-7731,isabella.ortiz.6731@email.do
6733,Lucía Ruiz Medina,Cedula,001-1006732-2,829-832-7732,lucia.ruiz.6732@email.do
6734,Sofía Morales Ruiz,Cedula,001-1006733-3,809-833-7733,sofia.morales.6733@vimenca-demo.local
6735,Pedro Romero Vargas,Cedula,001-1006734-4,849-834-7734,pedro.romero.6734@cliente.test
6736,María Reyes Peña,Cedula,001-1006735-5,809-835-7735,maria.reyes.6735@cliente.test
6737,Karina Sánchez Sánchez,Cedula,001-1006736-6,829-836-7736,karina.sanchez.6736@cliente.test
6738,Óscar Reyes Gutiérrez,Cedula,001-1006737-7,849-837-7737,oscar.reyes.6737@correo.com.do
6739,Carmen Reyes Vargas,Cedula,001-1006738-8,809-838-7738,carmen.reyes.6738@cliente.test
6740,Fernando Guerrero Gómez,Cedula,001-1006739-9,809-839-7739,fernando.guerrero.6739@email.do
6741,Natalia Peña Vargas,Cedula,001-1006740-1,829-840-7740,natalia.peña.6740@correo.com.do
6742,Diana Hernández Hernández,Cedula,001-1006741-2,829-841-7741,diana.hernandez.6741@email.do
6743,Paola Ruiz Pérez,Cedula,001-1006742-3,829-842-7742,paola.ruiz.6742@email.do
6744,David Jiménez Ortiz,Cedula,001-1006743-4,829-843-7743,david.jimenez.6743@cliente.test
6745,Manuel Morales Gómez,Cedula,001-1006744-5,829-844-7744,manuel.morales.6744@cliente.test
6746,Diana García Ruiz,Cedula,001-1006745-6,849-845-7745,diana.garcia.6745@email.do
6747,Alejandro Romero Ruiz,Cedula,001-1006746-7,829-846-7746,alejandro.romero.6746@correo.com.do
6748,José Peña Martínez,Cedula,001-1006747-8,809-847-7747,jose.peña.6747@vimenca-demo.local
6749,Iván Pérez Cabrera,Cedula,001-1006748-9,829-848-7748,ivan.perez.6748@cliente.test
6750,Gabriela Ruiz Hernández,Cedula,001-1006749-1,849-849-7749,gabriela.ruiz.6749@email.do
6751,Miguel Guerrero González,Cedula,001-1006750-2,829-850-7750,miguel.guerrero.6750@vimenca-demo.local
6752,Jorge Medina Martínez,Cedula,001-1006751-3,809-851-7751,jorge.medina.6751@cliente.test
6753,Andrés Guerrero Rivera,Cedula,001-1006752-4,809-852-7752,andres.guerrero.6752@cliente.test
6754,Luis Rojas Vargas,Cedula,001-1006753-5,809-853-7753,luis.rojas.6753@vimenca-demo.local
6755,Juan Mendoza Jiménez,Cedula,001-1006754-6,829-854-7754,juan.mendoza.6754@email.do
6756,Elena Jiménez Mendoza,Cedula,001-1006755-7,849-855-7755,elena.jimenez.6755@email.do
6757,Iván Ruiz Guerrero,Cedula,001-1006756-8,829-856-7756,ivan.ruiz.6756@cliente.test
6758,Pablo Rodríguez Vargas,Cedula,001-1006757-9,849-857-7757,pablo.rodriguez.6757@email.do
6759,José Alvarez González,Cedula,001-1006758-1,809-858-7758,jose.alvarez.6758@email.do
6760,Andrés Pérez Romero,Cedula,001-1006759-2,829-859-7759,andres.perez.6759@email.do
6761,Juan Martínez Vargas,Cedula,001-1006760-3,849-860-7760,juan.martinez.6760@cliente.test
6762,Carlos Ortiz Flores,Cedula,001-1006761-4,849-861-7761,carlos.ortiz.6761@email.do
6763,José Cruz Castillo,Cedula,001-1006762-5,809-862-7762,jose.cruz.6762@vimenca-demo.local
6764,Ana Sánchez Torres,Cedula,001-1006763-6,829-863-7763,ana.sanchez.6763@email.do
6765,Yolanda Ramírez Guerrero,Cedula,001-1006764-7,849-864-7764,yolanda.ramirez.6764@correo.com.do
6766,Natalia García Cruz,Cedula,001-1006765-8,809-865-7765,natalia.garcia.6765@email.do
6767,Juan Medina Ortiz,Cedula,001-1006766-9,809-866-7766,juan.medina.6766@email.do
6768,Francisco Medina Flores,Cedula,001-1006767-1,829-867-7767,francisco.medina.6767@email.do
6769,Óscar González Flores,Cedula,001-1006768-2,829-868-7768,oscar.gonzalez.6768@cliente.test
6770,Sofía Ortiz Medina,Cedula,001-1006769-3,809-869-7769,sofia.ortiz.6769@vimenca-demo.local
6771,Daniel Ortiz Cabrera,Cedula,001-1006770-4,849-870-7770,daniel.ortiz.6770@correo.com.do
6772,Elena Rivera Cruz,Cedula,001-1006771-5,829-871-7771,elena.rivera.6771@vimenca-demo.local
6773,Isabella Flores Rodríguez,Cedula,001-1006772-6,849-872-7772,isabella.flores.6772@cliente.test
6774,Isabella Medina Ramírez,Cedula,001-1006773-7,849-873-7773,isabella.medina.6773@vimenca-demo.local
6775,Rosa Flores Díaz,Cedula,001-1006774-8,829-874-7774,rosa.flores.6774@email.do
6776,David Romero Martínez,Cedula,001-1006775-9,829-875-7775,david.romero.6775@vimenca-demo.local
6777,Óscar Cabrera Ruiz,Cedula,001-1006776-1,829-876-7776,oscar.cabrera.6776@cliente.test
6778,Camila Ramírez Castillo,Cedula,001-1006777-2,849-877-7777,camila.ramirez.6777@vimenca-demo.local
6779,Carmen Medina Rivera,Cedula,001-1006778-3,849-878-7778,carmen.medina.6778@email.do
6780,Jorge Vargas Ruiz,Cedula,001-1006779-4,849-879-7779,jorge.vargas.6779@cliente.test
6781,María Rojas Morales,Cedula,001-1006780-5,809-880-7780,maria.rojas.6780@cliente.test
6782,Óscar Cruz Guerrero,Cedula,001-1006781-6,849-881-7781,oscar.cruz.6781@vimenca-demo.local
6783,Daniel Torres González,Cedula,001-1006782-7,849-882-7782,daniel.torres.6782@correo.com.do
6784,Pablo Ortiz Díaz,Cedula,001-1006783-8,809-883-7783,pablo.ortiz.6783@cliente.test
6785,Camila Cabrera Jiménez,Cedula,001-1006784-9,809-884-7784,camila.cabrera.6784@vimenca-demo.local
6786,María Alvarez Cabrera,Cedula,001-1006785-1,849-885-7785,maria.alvarez.6785@cliente.test
6787,Natalia Ramírez Castillo,Cedula,001-1006786-2,829-886-7786,natalia.ramirez.6786@vimenca-demo.local
6788,Sofía Rojas Romero,Cedula,001-1006787-3,849-887-7787,sofia.rojas.6787@cliente.test
6789,David Rojas Ruiz,Cedula,001-1006788-4,829-888-7788,david.rojas.6788@correo.com.do
6790,José Alvarez Romero,Cedula,001-1006789-5,829-889-7789,jose.alvarez.6789@vimenca-demo.local
6791,Luis Díaz Romero,Cedula,001-1006790-6,849-890-7790,luis.diaz.6790@correo.com.do
6792,Ana Ruiz Flores,Cedula,001-1006791-7,829-891-7791,ana.ruiz.6791@cliente.test
6793,María Romero Guerrero,Cedula,001-1006792-8,809-892-7792,maria.romero.6792@correo.com.do
6794,Pablo Ramírez Flores,Cedula,001-1006793-9,849-893-7793,pablo.ramirez.6793@email.do
6795,Carmen Hernández Rodríguez,Cedula,001-1006794-1,829-894-7794,carmen.hernandez.6794@cliente.test
6796,Patricia Peña Romero,Cedula,001-1006795-2,809-895-7795,patricia.peña.6795@cliente.test
6797,Karina Gómez Flores,Cedula,001-1006796-3,849-896-7796,karina.gomez.6796@vimenca-demo.local
6798,Juan Torres Ruiz,Cedula,001-1006797-4,809-897-7797,juan.torres.6797@correo.com.do
6799,Héctor González Gómez,Cedula,001-1006798-5,809-898-7798,hector.gonzalez.6798@vimenca-demo.local
6800,Jorge Rodríguez Castillo,Cedula,001-1006799-6,849-899-7799,jorge.rodriguez.6799@email.do
6801,Juan Rivera Gómez,Cedula,001-1006800-7,849-500-7800,juan.rivera.6800@correo.com.do
6802,Ana Ruiz Pérez,Cedula,001-1006801-8,809-501-7801,ana.ruiz.6801@vimenca-demo.local
6803,David Torres Cabrera,Cedula,001-1006802-9,809-502-7802,david.torres.6802@correo.com.do
6804,Pablo Jiménez Flores,Cedula,001-1006803-1,809-503-7803,pablo.jimenez.6803@email.do
6805,Isabella Jiménez Rojas,Cedula,001-1006804-2,809-504-7804,isabella.jimenez.6804@vimenca-demo.local
6806,Pedro Medina Romero,Cedula,001-1006805-3,809-505-7805,pedro.medina.6805@correo.com.do
6807,Manuel Torres Castillo,Cedula,001-1006806-4,849-506-7806,manuel.torres.6806@vimenca-demo.local
6808,José Flores Rojas,Cedula,001-1006807-5,829-507-7807,jose.flores.6807@email.do
6809,Jorge Sánchez Cabrera,Cedula,001-1006808-6,829-508-7808,jorge.sanchez.6808@cliente.test
6810,Manuel Ruiz Morales,Cedula,001-1006809-7,809-509-7809,manuel.ruiz.6809@cliente.test
6811,Jorge Pérez Mendoza,Cedula,001-1006810-8,849-510-7810,jorge.perez.6810@correo.com.do
6812,Alejandro Ortiz Torres,Cedula,001-1006811-9,849-511-7811,alejandro.ortiz.6811@email.do
6813,Jorge Díaz Rivera,Cedula,001-1006812-1,809-512-7812,jorge.diaz.6812@vimenca-demo.local
6814,Valeria Vargas Alvarez,Cedula,001-1006813-2,809-513-7813,valeria.vargas.6813@cliente.test
6815,Yolanda Guerrero Peña,Cedula,001-1006814-3,849-514-7814,yolanda.guerrero.6814@correo.com.do
6816,Patricia Gómez Pérez,Cedula,001-1006815-4,829-515-7815,patricia.gomez.6815@correo.com.do
6817,Rosa Díaz Guerrero,Cedula,001-1006816-5,829-516-7816,rosa.diaz.6816@vimenca-demo.local
6818,Patricia Mendoza Reyes,Cedula,001-1006817-6,829-517-7817,patricia.mendoza.6817@correo.com.do
6819,Francisco Ortiz Sánchez,Cedula,001-1006818-7,829-518-7818,francisco.ortiz.6818@correo.com.do
6820,Pablo Ramírez Torres,Cedula,001-1006819-8,829-519-7819,pablo.ramirez.6819@cliente.test
6821,Ricardo Pérez Guerrero,Cedula,001-1006820-9,809-520-7820,ricardo.perez.6820@email.do
6822,Daniel Guerrero Ortiz,Cedula,001-1006821-1,829-521-7821,daniel.guerrero.6821@vimenca-demo.local
6823,María Alvarez Morales,Cedula,001-1006822-2,809-522-7822,maria.alvarez.6822@vimenca-demo.local
6824,Ana Alvarez Morales,Cedula,001-1006823-3,849-523-7823,ana.alvarez.6823@correo.com.do
6825,Valeria Gutiérrez Pérez,Cedula,001-1006824-4,829-524-7824,valeria.gutierrez.6824@cliente.test
6826,María García Hernández,Cedula,001-1006825-5,829-525-7825,maria.garcia.6825@correo.com.do
6827,Paola Torres Martínez,Cedula,001-1006826-6,809-526-7826,paola.torres.6826@cliente.test
6828,José Medina Rojas,Cedula,001-1006827-7,849-527-7827,jose.medina.6827@email.do
6829,Yolanda Gómez Martínez,Cedula,001-1006828-8,849-528-7828,yolanda.gomez.6828@cliente.test
6830,Isabella Rodríguez Rivera,Cedula,001-1006829-9,809-529-7829,isabella.rodriguez.6829@vimenca-demo.local
6831,David Romero Jiménez,Cedula,001-1006830-1,809-530-7830,david.romero.6830@email.do
6832,Héctor Reyes Torres,Cedula,001-1006831-2,809-531-7831,hector.reyes.6831@correo.com.do
6833,Laura Flores Medina,Cedula,001-1006832-3,849-532-7832,laura.flores.6832@email.do
6834,Natalia Gutiérrez Rodríguez,Cedula,001-1006833-4,849-533-7833,natalia.gutierrez.6833@vimenca-demo.local
6835,Jorge Rojas Peña,Cedula,001-1006834-5,849-534-7834,jorge.rojas.6834@correo.com.do
6836,Diana Vargas González,Cedula,001-1006835-6,809-535-7835,diana.vargas.6835@correo.com.do
6837,Alejandro Jiménez Guerrero,Cedula,001-1006836-7,829-536-7836,alejandro.jimenez.6836@email.do
6838,Rosa Díaz Rodríguez,Cedula,001-1006837-8,849-537-7837,rosa.diaz.6837@email.do
6839,Ana Medina Romero,Cedula,001-1006838-9,809-538-7838,ana.medina.6838@email.do
6840,Sofía Flores González,Cedula,001-1006839-1,829-539-7839,sofia.flores.6839@cliente.test
6841,Alejandro Reyes Cruz,Cedula,001-1006840-2,809-540-7840,alejandro.reyes.6840@cliente.test
6842,Yolanda Jiménez Martínez,Cedula,001-1006841-3,849-541-7841,yolanda.jimenez.6841@correo.com.do
6843,David Rivera Hernández,Cedula,001-1006842-4,849-542-7842,david.rivera.6842@correo.com.do
6844,Diana Vargas Flores,Cedula,001-1006843-5,809-543-7843,diana.vargas.6843@email.do
6845,Lucía Rojas Mendoza,Cedula,001-1006844-6,849-544-7844,lucia.rojas.6844@email.do
6846,Rosa Torres Morales,Cedula,001-1006845-7,809-545-7845,rosa.torres.6845@vimenca-demo.local
6847,Pedro Cabrera Rodríguez,Cedula,001-1006846-8,849-546-7846,pedro.cabrera.6846@email.do
6848,Karina Ortiz Ortiz,Cedula,001-1006847-9,849-547-7847,karina.ortiz.6847@correo.com.do
6849,Rafael Gómez García,Cedula,001-1006848-1,809-548-7848,rafael.gomez.6848@cliente.test
6850,Karina Pérez Castillo,Cedula,001-1006849-2,849-549-7849,karina.perez.6849@cliente.test
6851,Francisco Cruz Cabrera,Cedula,001-1006850-3,809-550-7850,francisco.cruz.6850@vimenca-demo.local
6852,Iván Ramírez Rojas,Cedula,001-1006851-4,849-551-7851,ivan.ramirez.6851@email.do
6853,Andrés Guerrero Morales,Cedula,001-1006852-5,849-552-7852,andres.guerrero.6852@email.do
6854,Claudia Martínez Romero,Cedula,001-1006853-6,849-553-7853,claudia.martinez.6853@correo.com.do
6855,Camila Ortiz Torres,Cedula,001-1006854-7,809-554-7854,camila.ortiz.6854@email.do
6856,Rafael Hernández Ruiz,Cedula,001-1006855-8,829-555-7855,rafael.hernandez.6855@email.do
6857,Paola Cabrera Martínez,Cedula,001-1006856-9,829-556-7856,paola.cabrera.6856@vimenca-demo.local
6858,Laura Castillo Reyes,Cedula,001-1006857-1,829-557-7857,laura.castillo.6857@cliente.test
6859,Andrés Alvarez García,Cedula,001-1006858-2,809-558-7858,andres.alvarez.6858@vimenca-demo.local
6860,Paola Gutiérrez Castillo,Cedula,001-1006859-3,829-559-7859,paola.gutierrez.6859@cliente.test
6861,Juan Reyes Vargas,Cedula,001-1006860-4,829-560-7860,juan.reyes.6860@vimenca-demo.local
6862,Yolanda Romero Jiménez,Cedula,001-1006861-5,829-561-7861,yolanda.romero.6861@correo.com.do
6863,Carmen Rodríguez Flores,Cedula,001-1006862-6,829-562-7862,carmen.rodriguez.6862@vimenca-demo.local
6864,Luis García Medina,Cedula,001-1006863-7,809-563-7863,luis.garcia.6863@email.do
6865,Francisco Alvarez Vargas,Cedula,001-1006864-8,849-564-7864,francisco.alvarez.6864@cliente.test
6866,Lucía Torres Ruiz,Cedula,001-1006865-9,849-565-7865,lucia.torres.6865@cliente.test
6867,Claudia Rodríguez Cabrera,Cedula,001-1006866-1,849-566-7866,claudia.rodriguez.6866@email.do
6868,Rosa Vargas Díaz,Cedula,001-1006867-2,809-567-7867,rosa.vargas.6867@correo.com.do
6869,Yolanda Gómez Gutiérrez,Cedula,001-1006868-3,829-568-7868,yolanda.gomez.6868@cliente.test
6870,Fernando Rodríguez Torres,Cedula,001-1006869-4,829-569-7869,fernando.rodriguez.6869@correo.com.do
6871,Juan Jiménez Alvarez,Cedula,001-1006870-5,829-570-7870,juan.jimenez.6870@email.do
6872,Héctor Castillo Mendoza,Cedula,001-1006871-6,849-571-7871,hector.castillo.6871@cliente.test
6873,Jorge Rivera Vargas,Cedula,001-1006872-7,849-572-7872,jorge.rivera.6872@correo.com.do
6874,Manuel Torres Medina,Cedula,001-1006873-8,849-573-7873,manuel.torres.6873@cliente.test
6875,Camila Pérez Rodríguez,Cedula,001-1006874-9,809-574-7874,camila.perez.6874@correo.com.do
6876,Natalia Castillo González,Cedula,001-1006875-1,809-575-7875,natalia.castillo.6875@cliente.test
6877,Miguel Rodríguez Rojas,Cedula,001-1006876-2,809-576-7876,miguel.rodriguez.6876@vimenca-demo.local
6878,Sofía Torres Flores,Cedula,001-1006877-3,809-577-7877,sofia.torres.6877@cliente.test
6879,Rafael Ruiz Rivera,Cedula,001-1006878-4,809-578-7878,rafael.ruiz.6878@email.do
6880,Juan Pérez Torres,Cedula,001-1006879-5,829-579-7879,juan.perez.6879@email.do
6881,Sofía Sánchez Rodríguez,Cedula,001-1006880-6,849-580-7880,sofia.sanchez.6880@email.do
6882,Miguel Cabrera Alvarez,Cedula,001-1006881-7,849-581-7881,miguel.cabrera.6881@cliente.test
6883,Andrés Romero Alvarez,Cedula,001-1006882-8,809-582-7882,andres.romero.6882@cliente.test
6884,Héctor Guerrero García,Cedula,001-1006883-9,849-583-7883,hector.guerrero.6883@email.do
6885,Paola Castillo Castillo,Cedula,001-1006884-1,849-584-7884,paola.castillo.6884@correo.com.do
6886,Gabriela Torres Romero,Cedula,001-1006885-2,849-585-7885,gabriela.torres.6885@cliente.test
6887,Juan Reyes Romero,Cedula,001-1006886-3,849-586-7886,juan.reyes.6886@vimenca-demo.local
6888,Isabella Morales Ortiz,Cedula,001-1006887-4,809-587-7887,isabella.morales.6887@email.do
6889,Carlos García Díaz,Cedula,001-1006888-5,809-588-7888,carlos.garcia.6888@email.do
6890,Valeria Mendoza Mendoza,Cedula,001-1006889-6,809-589-7889,valeria.mendoza.6889@correo.com.do
6891,Gabriela Peña García,Cedula,001-1006890-7,809-590-7890,gabriela.peña.6890@cliente.test
6892,Óscar Torres Flores,Cedula,001-1006891-8,809-591-7891,oscar.torres.6891@vimenca-demo.local
6893,Andrea Guerrero Jiménez,Cedula,001-1006892-9,809-592-7892,andrea.guerrero.6892@vimenca-demo.local
6894,Ana Ramírez Reyes,Cedula,001-1006893-1,849-593-7893,ana.ramirez.6893@correo.com.do
6895,Alejandro Martínez Alvarez,Cedula,001-1006894-2,849-594-7894,alejandro.martinez.6894@correo.com.do
6896,Pedro Jiménez Flores,Cedula,001-1006895-3,829-595-7895,pedro.jimenez.6895@vimenca-demo.local
6897,Valeria Peña Díaz,Cedula,001-1006896-4,849-596-7896,valeria.peña.6896@cliente.test
6898,Gabriela González Jiménez,Cedula,001-1006897-5,829-597-7897,gabriela.gonzalez.6897@cliente.test
6899,David Cruz Guerrero,Cedula,001-1006898-6,849-598-7898,david.cruz.6898@correo.com.do
6900,Ana Reyes Morales,Cedula,001-1006899-7,809-599-7899,ana.reyes.6899@cliente.test
6901,Sofía Reyes Reyes,Cedula,001-1006900-8,849-600-7900,sofia.reyes.6900@correo.com.do
6902,Camila Gutiérrez Morales,Cedula,001-1006901-9,829-601-7901,camila.gutierrez.6901@email.do
6903,Sofía Hernández Díaz,Cedula,001-1006902-1,809-602-7902,sofia.hernandez.6902@cliente.test
6904,Francisco Romero Cruz,Cedula,001-1006903-2,829-603-7903,francisco.romero.6903@cliente.test
6905,Andrea Torres García,Cedula,001-1006904-3,829-604-7904,andrea.torres.6904@vimenca-demo.local
6906,Isabella Ramírez Reyes,Cedula,001-1006905-4,809-605-7905,isabella.ramirez.6905@correo.com.do
6907,Andrea Rojas Rojas,Cedula,001-1006906-5,849-606-7906,andrea.rojas.6906@cliente.test
6908,Diana Guerrero Rodríguez,Cedula,001-1006907-6,849-607-7907,diana.guerrero.6907@email.do
6909,Francisco Ramírez Castillo,Cedula,001-1006908-7,849-608-7908,francisco.ramirez.6908@vimenca-demo.local
6910,Ricardo Martínez Rivera,Cedula,001-1006909-8,829-609-7909,ricardo.martinez.6909@vimenca-demo.local
6911,Ricardo Sánchez Ortiz,Cedula,001-1006910-9,809-610-7910,ricardo.sanchez.6910@cliente.test
6912,Laura García Rivera,Cedula,001-1006911-1,809-611-7911,laura.garcia.6911@correo.com.do
6913,Pablo Morales Alvarez,Cedula,001-1006912-2,849-612-7912,pablo.morales.6912@correo.com.do
6914,Rosa Sánchez Vargas,Cedula,001-1006913-3,829-613-7913,rosa.sanchez.6913@correo.com.do
6915,Ana Rivera Gutiérrez,Cedula,001-1006914-4,809-614-7914,ana.rivera.6914@email.do
6916,Yolanda Cruz Ruiz,Cedula,001-1006915-5,809-615-7915,yolanda.cruz.6915@cliente.test
6917,Héctor Flores Ortiz,Cedula,001-1006916-6,829-616-7916,hector.flores.6916@correo.com.do
6918,Ricardo Gómez Cruz,Cedula,001-1006917-7,849-617-7917,ricardo.gomez.6917@cliente.test
6919,Camila Cabrera Ortiz,Cedula,001-1006918-8,809-618-7918,camila.cabrera.6918@correo.com.do
6920,Ricardo Ruiz Ruiz,Cedula,001-1006919-9,809-619-7919,ricardo.ruiz.6919@email.do
6921,José Flores Ruiz,Cedula,001-1006920-1,829-620-7920,jose.flores.6920@email.do
6922,Yolanda Peña Vargas,Cedula,001-1006921-2,829-621-7921,yolanda.peña.6921@email.do
6923,Patricia Mendoza Guerrero,Cedula,001-1006922-3,829-622-7922,patricia.mendoza.6922@correo.com.do
6924,Paola Sánchez Romero,Cedula,001-1006923-4,849-623-7923,paola.sanchez.6923@email.do
6925,Yolanda Pérez Castillo,Cedula,001-1006924-5,829-624-7924,yolanda.perez.6924@email.do
6926,Luis Cruz Gómez,Cedula,001-1006925-6,829-625-7925,luis.cruz.6925@email.do
6927,Miguel Rodríguez Peña,Cedula,001-1006926-7,809-626-7926,miguel.rodriguez.6926@vimenca-demo.local
6928,Ricardo Romero Peña,Cedula,001-1006927-8,849-627-7927,ricardo.romero.6927@email.do
6929,Rafael Martínez Ruiz,Cedula,001-1006928-9,809-628-7928,rafael.martinez.6928@cliente.test
6930,Francisco Gutiérrez Sánchez,Cedula,001-1006929-1,829-629-7929,francisco.gutierrez.6929@vimenca-demo.local
6931,Andrés Gutiérrez Ramírez,Cedula,001-1006930-2,809-630-7930,andres.gutierrez.6930@correo.com.do
6932,Andrea Pérez Reyes,Cedula,001-1006931-3,849-631-7931,andrea.perez.6931@cliente.test
6933,Luis Rojas Guerrero,Cedula,001-1006932-4,829-632-7932,luis.rojas.6932@cliente.test
6934,Iván Gutiérrez Jiménez,Cedula,001-1006933-5,849-633-7933,ivan.gutierrez.6933@vimenca-demo.local
6935,Gabriela Cabrera Rivera,Cedula,001-1006934-6,849-634-7934,gabriela.cabrera.6934@cliente.test
6936,Yolanda Rodríguez Gómez,Cedula,001-1006935-7,809-635-7935,yolanda.rodriguez.6935@email.do
6937,Rafael Ortiz Pérez,Cedula,001-1006936-8,829-636-7936,rafael.ortiz.6936@correo.com.do
6938,Andrea Rojas Morales,Cedula,001-1006937-9,829-637-7937,andrea.rojas.6937@vimenca-demo.local
6939,Jorge Gutiérrez Romero,Cedula,001-1006938-1,849-638-7938,jorge.gutierrez.6938@correo.com.do
6940,Claudia Ruiz Castillo,Cedula,001-1006939-2,809-639-7939,claudia.ruiz.6939@correo.com.do
6941,Óscar Martínez Ortiz,Cedula,001-1006940-3,849-640-7940,oscar.martinez.6940@email.do
6942,Daniel Morales Rojas,Cedula,001-1006941-4,809-641-7941,daniel.morales.6941@email.do
6943,Héctor Ramírez Guerrero,Cedula,001-1006942-5,809-642-7942,hector.ramirez.6942@correo.com.do
6944,Yolanda Reyes Díaz,Cedula,001-1006943-6,829-643-7943,yolanda.reyes.6943@vimenca-demo.local
6945,Ana Romero Rojas,Cedula,001-1006944-7,809-644-7944,ana.romero.6944@cliente.test
6946,Héctor Jiménez Rivera,Cedula,001-1006945-8,809-645-7945,hector.jimenez.6945@cliente.test
6947,Isabella Peña Ruiz,Cedula,001-1006946-9,809-646-7946,isabella.peña.6946@correo.com.do
6948,Paola Guerrero Cabrera,Cedula,001-1006947-1,849-647-7947,paola.guerrero.6947@email.do
6949,Karina Vargas Hernández,Cedula,001-1006948-2,829-648-7948,karina.vargas.6948@correo.com.do
6950,Lucía Sánchez Mendoza,Cedula,001-1006949-3,809-649-7949,lucia.sanchez.6949@correo.com.do
6951,Laura Vargas Guerrero,Cedula,001-1006950-4,829-650-7950,laura.vargas.6950@correo.com.do
6952,Miguel Morales Ortiz,Cedula,001-1006951-5,809-651-7951,miguel.morales.6951@vimenca-demo.local
6953,María Pérez Cruz,Cedula,001-1006952-6,849-652-7952,maria.perez.6952@email.do
6954,Carmen Morales Peña,Cedula,001-1006953-7,809-653-7953,carmen.morales.6953@correo.com.do
6955,Miguel Ortiz Jiménez,Cedula,001-1006954-8,829-654-7954,miguel.ortiz.6954@vimenca-demo.local
6956,Karina Rodríguez Alvarez,Cedula,001-1006955-9,829-655-7955,karina.rodriguez.6955@correo.com.do
6957,Yolanda Guerrero Rodríguez,Cedula,001-1006956-1,829-656-7956,yolanda.guerrero.6956@email.do
6958,María Jiménez Díaz,Cedula,001-1006957-2,829-657-7957,maria.jimenez.6957@vimenca-demo.local
6959,Lucía Alvarez Gómez,Cedula,001-1006958-3,829-658-7958,lucia.alvarez.6958@email.do
6960,Héctor Cabrera Guerrero,Cedula,001-1006959-4,849-659-7959,hector.cabrera.6959@email.do
6961,Yolanda Peña Hernández,Cedula,001-1006960-5,809-660-7960,yolanda.peña.6960@correo.com.do
6962,Gabriela Rojas Flores,Cedula,001-1006961-6,849-661-7961,gabriela.rojas.6961@email.do
6963,Manuel González Peña,Cedula,001-1006962-7,829-662-7962,manuel.gonzalez.6962@vimenca-demo.local
6964,Rafael Reyes Medina,Cedula,001-1006963-8,809-663-7963,rafael.reyes.6963@vimenca-demo.local
6965,Yolanda Mendoza Romero,Cedula,001-1006964-9,829-664-7964,yolanda.mendoza.6964@email.do
6966,Natalia Cabrera Cabrera,Cedula,001-1006965-1,849-665-7965,natalia.cabrera.6965@correo.com.do
6967,Valeria Guerrero Ortiz,Cedula,001-1006966-2,809-666-7966,valeria.guerrero.6966@cliente.test
6968,Rafael Guerrero Mendoza,Cedula,001-1006967-3,849-667-7967,rafael.guerrero.6967@email.do
6969,Carmen Cruz Medina,Cedula,001-1006968-4,809-668-7968,carmen.cruz.6968@correo.com.do
6970,Andrea Cruz Torres,Cedula,001-1006969-5,829-669-7969,andrea.cruz.6969@vimenca-demo.local
6971,Valeria Pérez Guerrero,Cedula,001-1006970-6,849-670-7970,valeria.perez.6970@email.do
6972,Natalia Flores Gómez,Cedula,001-1006971-7,809-671-7971,natalia.flores.6971@email.do
6973,Daniel Cruz Ramírez,Cedula,001-1006972-8,849-672-7972,daniel.cruz.6972@correo.com.do
6974,Sofía García Cabrera,Cedula,001-1006973-9,849-673-7973,sofia.garcia.6973@cliente.test
6975,Fernando Gutiérrez Castillo,Cedula,001-1006974-1,849-674-7974,fernando.gutierrez.6974@vimenca-demo.local
6976,Carlos Vargas Hernández,Cedula,001-1006975-2,849-675-7975,carlos.vargas.6975@cliente.test
6977,Rosa Díaz Cabrera,Cedula,001-1006976-3,809-676-7976,rosa.diaz.6976@cliente.test
6978,Elena Peña Romero,Cedula,001-1006977-4,849-677-7977,elena.peña.6977@correo.com.do
6979,Claudia Jiménez Rojas,Cedula,001-1006978-5,849-678-7978,claudia.jimenez.6978@email.do
6980,Rafael Reyes Ortiz,Cedula,001-1006979-6,829-679-7979,rafael.reyes.6979@email.do
6981,Pedro Morales Cruz,Cedula,001-1006980-7,809-680-7980,pedro.morales.6980@correo.com.do
6982,Laura Ramírez Jiménez,Cedula,001-1006981-8,809-681-7981,laura.ramirez.6981@cliente.test
6983,Óscar Reyes García,Cedula,001-1006982-9,849-682-7982,oscar.reyes.6982@cliente.test
6984,Francisco Pérez Ortiz,Cedula,001-1006983-1,849-683-7983,francisco.perez.6983@email.do
6985,Diana García Mendoza,Cedula,001-1006984-2,829-684-7984,diana.garcia.6984@email.do
6986,Francisco Vargas Sánchez,Cedula,001-1006985-3,849-685-7985,francisco.vargas.6985@email.do
6987,Elena Pérez Mendoza,Cedula,001-1006986-4,809-686-7986,elena.perez.6986@email.do
6988,Héctor Castillo Peña,Cedula,001-1006987-5,809-687-7987,hector.castillo.6987@email.do
6989,Sofía Morales Gómez,Cedula,001-1006988-6,809-688-7988,sofia.morales.6988@vimenca-demo.local
6990,Rafael Cabrera Ruiz,Cedula,001-1006989-7,849-689-7989,rafael.cabrera.6989@correo.com.do
6991,Rosa Rivera Flores,Cedula,001-1006990-8,829-690-7990,rosa.rivera.6990@email.do
6992,Natalia Rojas Rojas,Cedula,001-1006991-9,809-691-7991,natalia.rojas.6991@vimenca-demo.local
6993,José Sánchez Mendoza,Cedula,001-1006992-1,809-692-7992,jose.sanchez.6992@vimenca-demo.local
6994,Alejandro García Mendoza,Cedula,001-1006993-2,829-693-7993,alejandro.garcia.6993@vimenca-demo.local
6995,Héctor Díaz Mendoza,Cedula,001-1006994-3,809-694-7994,hector.diaz.6994@correo.com.do
6996,Camila Morales Castillo,Cedula,001-1006995-4,829-695-7995,camila.morales.6995@correo.com.do
6997,Héctor Flores García,Cedula,001-1006996-5,809-696-7996,hector.flores.6996@vimenca-demo.local
6998,Rosa Ortiz Díaz,Cedula,001-1006997-6,849-697-7997,rosa.ortiz.6997@email.do
6999,Andrea Jiménez Mendoza,Cedula,001-1006998-7,809-698-7998,andrea.jimenez.6998@correo.com.do
7000,Pablo Rodríguez Gómez,Cedula,001-1006999-8,849-699-7999,pablo.rodriguez.6999@vimenca-demo.local
7001,Francisco Rivera Guerrero,Cedula,001-1007000-9,809-700-8000,francisco.rivera.7000@vimenca-demo.local
7002,Claudia Rodríguez Gutiérrez,Cedula,001-1007001-1,829-701-8001,claudia.rodriguez.7001@email.do
7003,Miguel Castillo Cabrera,Cedula,001-1007002-2,809-702-8002,miguel.castillo.7002@correo.com.do
7004,Carmen Gómez Cruz,Cedula,001-1007003-3,849-703-8003,carmen.gomez.7003@vimenca-demo.local
7005,Elena Sánchez Romero,Cedula,001-1007004-4,809-704-8004,elena.sanchez.7004@email.do
7006,Ana Torres Ortiz,Cedula,001-1007005-5,849-705-8005,ana.torres.7005@cliente.test
7007,Ricardo Morales Hernández,Cedula,001-1007006-6,849-706-8006,ricardo.morales.7006@cliente.test
7008,Ana Alvarez Sánchez,Cedula,001-1007007-7,809-707-8007,ana.alvarez.7007@vimenca-demo.local
7009,Patricia Ruiz Cruz,Cedula,001-1007008-8,849-708-8008,patricia.ruiz.7008@correo.com.do
7010,Valeria Martínez Guerrero,Cedula,001-1007009-9,849-709-8009,valeria.martinez.7009@correo.com.do
7011,Andrea Medina Alvarez,Cedula,001-1007010-1,849-710-8010,andrea.medina.7010@email.do
7012,José Guerrero Jiménez,Cedula,001-1007011-2,829-711-8011,jose.guerrero.7011@email.do
7013,Francisco Flores Vargas,Cedula,001-1007012-3,829-712-8012,francisco.flores.7012@email.do
7014,Juan Cruz Morales,Cedula,001-1007013-4,849-713-8013,juan.cruz.7013@email.do
7015,Carmen Flores Morales,Cedula,001-1007014-5,809-714-8014,carmen.flores.7014@email.do
7016,Rosa Castillo Gutiérrez,Cedula,001-1007015-6,809-715-8015,rosa.castillo.7015@email.do
7017,Valeria Ramírez Ortiz,Cedula,001-1007016-7,809-716-8016,valeria.ramirez.7016@vimenca-demo.local
7018,Lucía Cruz Morales,Cedula,001-1007017-8,849-717-8017,lucia.cruz.7017@vimenca-demo.local
7019,Carlos Gutiérrez Morales,Cedula,001-1007018-9,829-718-8018,carlos.gutierrez.7018@vimenca-demo.local
7020,Ana Rivera Torres,Cedula,001-1007019-1,829-719-8019,ana.rivera.7019@email.do
7021,Claudia González Ruiz,Cedula,001-1007020-2,829-720-8020,claudia.gonzalez.7020@vimenca-demo.local
7022,José Reyes Flores,Cedula,001-1007021-3,829-721-8021,jose.reyes.7021@email.do
7023,José Hernández Rojas,Cedula,001-1007022-4,809-722-8022,jose.hernandez.7022@vimenca-demo.local
7024,Natalia Vargas Cabrera,Cedula,001-1007023-5,849-723-8023,natalia.vargas.7023@vimenca-demo.local
7025,Elena Cabrera Peña,Cedula,001-1007024-6,849-724-8024,elena.cabrera.7024@cliente.test
7026,Juan Torres Hernández,Cedula,001-1007025-7,849-725-8025,juan.torres.7025@cliente.test
7027,Óscar Rivera Gómez,Cedula,001-1007026-8,829-726-8026,oscar.rivera.7026@email.do
7028,Yolanda Pérez Guerrero,Cedula,001-1007027-9,829-727-8027,yolanda.perez.7027@cliente.test
7029,David Rodríguez Flores,Cedula,001-1007028-1,809-728-8028,david.rodriguez.7028@cliente.test
7030,Natalia Gutiérrez Ramírez,Cedula,001-1007029-2,809-729-8029,natalia.gutierrez.7029@correo.com.do
7031,Karina Medina Hernández,Cedula,001-1007030-3,829-730-8030,karina.medina.7030@vimenca-demo.local
7032,Francisco Ruiz Gutiérrez,Cedula,001-1007031-4,809-731-8031,francisco.ruiz.7031@cliente.test
7033,Elena Rivera Romero,Cedula,001-1007032-5,849-732-8032,elena.rivera.7032@cliente.test
7034,Ricardo Gutiérrez Morales,Cedula,001-1007033-6,829-733-8033,ricardo.gutierrez.7033@cliente.test
7035,Karina Ruiz Jiménez,Cedula,001-1007034-7,829-734-8034,karina.ruiz.7034@vimenca-demo.local
7036,José Morales Mendoza,Cedula,001-1007035-8,829-735-8035,jose.morales.7035@correo.com.do
7037,José Rojas Rojas,Cedula,001-1007036-9,849-736-8036,jose.rojas.7036@cliente.test
7038,Luis Martínez Rojas,Cedula,001-1007037-1,849-737-8037,luis.martinez.7037@vimenca-demo.local
7039,Peña & Martínez SRL,RNC,1300007038,809-738-8038,ivan.peña.7038@correo.com.do
7040,Laura Medina Gutiérrez,Cedula,001-1007039-3,849-739-8039,laura.medina.7039@vimenca-demo.local
7041,Iván Pérez Gómez,Cedula,001-1007040-4,829-740-8040,ivan.perez.7040@cliente.test
7042,Jorge Morales Morales,Cedula,001-1007041-5,809-741-8041,jorge.morales.7041@vimenca-demo.local
7043,David Martínez Ruiz,Cedula,001-1007042-6,809-742-8042,david.martinez.7042@cliente.test
7044,Rafael Cruz Ortiz,Cedula,001-1007043-7,829-743-8043,rafael.cruz.7043@vimenca-demo.local
7045,Paola Cabrera Romero,Cedula,001-1007044-8,809-744-8044,paola.cabrera.7044@email.do
7046,Diana Mendoza Ramírez,Cedula,001-1007045-9,849-745-8045,diana.mendoza.7045@vimenca-demo.local
7047,Óscar Hernández Gutiérrez,Cedula,001-1007046-1,809-746-8046,oscar.hernandez.7046@vimenca-demo.local
7048,Elena Gómez Alvarez,Cedula,001-1007047-2,849-747-8047,elena.gomez.7047@correo.com.do
7049,David Medina Morales,Cedula,001-1007048-3,849-748-8048,david.medina.7048@cliente.test
7050,Paola Medina Torres,Cedula,001-1007049-4,829-749-8049,paola.medina.7049@cliente.test
7051,Rosa Rodríguez González,Cedula,001-1007050-5,809-750-8050,rosa.rodriguez.7050@vimenca-demo.local
7052,Natalia Morales Martínez,Cedula,001-1007051-6,849-751-8051,natalia.morales.7051@cliente.test
7053,Andrea Hernández Sánchez,Cedula,001-1007052-7,829-752-8052,andrea.hernandez.7052@vimenca-demo.local
7054,Andrés Rivera Rodríguez,Cedula,001-1007053-8,829-753-8053,andres.rivera.7053@email.do
7055,Luis Rojas Castillo,Cedula,001-1007054-9,849-754-8054,luis.rojas.7054@email.do
7056,Daniel Rojas Mendoza,Cedula,001-1007055-1,829-755-8055,daniel.rojas.7055@cliente.test
7057,Ana Alvarez Cruz,Cedula,001-1007056-2,849-756-8056,ana.alvarez.7056@vimenca-demo.local
7058,Miguel Vargas Morales,Cedula,001-1007057-3,849-757-8057,miguel.vargas.7057@email.do
7059,Diana Hernández Torres,Cedula,001-1007058-4,849-758-8058,diana.hernandez.7058@cliente.test
7060,Luis Castillo Cruz,Cedula,001-1007059-5,829-759-8059,luis.castillo.7059@email.do
7061,Camila Díaz Torres,Cedula,001-1007060-6,849-760-8060,camila.diaz.7060@correo.com.do
7062,Pedro García Alvarez,Cedula,001-1007061-7,809-761-8061,pedro.garcia.7061@correo.com.do
7063,Iván Ruiz Hernández,Cedula,001-1007062-8,849-762-8062,ivan.ruiz.7062@cliente.test
7064,David Martínez Medina,Cedula,001-1007063-9,809-763-8063,david.martinez.7063@email.do
7065,Diana Vargas Peña,Cedula,001-1007064-1,809-764-8064,diana.vargas.7064@vimenca-demo.local
7066,Isabella Reyes Díaz,Cedula,001-1007065-2,829-765-8065,isabella.reyes.7065@cliente.test
7067,Luis Cabrera Ramírez,Cedula,001-1007066-3,829-766-8066,luis.cabrera.7066@cliente.test
7068,Héctor González Rodríguez,Cedula,001-1007067-4,849-767-8067,hector.gonzalez.7067@email.do
7069,Óscar Ramírez Flores,Cedula,001-1007068-5,849-768-8068,oscar.ramirez.7068@vimenca-demo.local
7070,Diana Ramírez Vargas,Cedula,001-1007069-6,829-769-8069,diana.ramirez.7069@vimenca-demo.local
7071,Camila Alvarez Jiménez,Cedula,001-1007070-7,849-770-8070,camila.alvarez.7070@cliente.test
7072,Sofía Torres Pérez,Cedula,001-1007071-8,849-771-8071,sofia.torres.7071@correo.com.do
7073,Manuel Ramírez Torres,Cedula,001-1007072-9,829-772-8072,manuel.ramirez.7072@vimenca-demo.local
7074,Héctor Martínez Ortiz,Cedula,001-1007073-1,829-773-8073,hector.martinez.7073@correo.com.do
7075,Patricia Guerrero Pérez,Cedula,001-1007074-2,829-774-8074,patricia.guerrero.7074@cliente.test
7076,Elena Rojas Díaz,Cedula,001-1007075-3,829-775-8075,elena.rojas.7075@cliente.test
7077,Óscar Sánchez Castillo,Cedula,001-1007076-4,809-776-8076,oscar.sanchez.7076@cliente.test
7078,Ricardo Torres Cruz,Cedula,001-1007077-5,849-777-8077,ricardo.torres.7077@cliente.test
7079,Daniel Mendoza Rodríguez,Cedula,001-1007078-6,829-778-8078,daniel.mendoza.7078@cliente.test
7080,Valeria Medina Ortiz,Cedula,001-1007079-7,849-779-8079,valeria.medina.7079@vimenca-demo.local
7081,Elena Castillo Rivera,Cedula,001-1007080-8,829-780-8080,elena.castillo.7080@email.do
7082,Camila Mendoza Gómez,Cedula,001-1007081-9,849-781-8081,camila.mendoza.7081@email.do
7083,Jorge Rojas Ramírez,Cedula,001-1007082-1,849-782-8082,jorge.rojas.7082@cliente.test
7084,Pablo Medina Flores,Cedula,001-1007083-2,809-783-8083,pablo.medina.7083@correo.com.do
7085,Gabriela Cruz Reyes,Cedula,001-1007084-3,849-784-8084,gabriela.cruz.7084@cliente.test
7086,Gabriela Rivera García,Cedula,001-1007085-4,809-785-8085,gabriela.rivera.7085@vimenca-demo.local
7087,José Rojas Ortiz,Cedula,001-1007086-5,829-786-8086,jose.rojas.7086@cliente.test
7088,Jorge Martínez Rivera,Cedula,001-1007087-6,829-787-8087,jorge.martinez.7087@cliente.test
7089,Carmen Rivera Martínez,Cedula,001-1007088-7,829-788-8088,carmen.rivera.7088@correo.com.do
7090,Gabriela Alvarez Ramírez,Cedula,001-1007089-8,809-789-8089,gabriela.alvarez.7089@email.do
7091,Claudia Hernández Rodríguez,Cedula,001-1007090-9,849-790-8090,claudia.hernandez.7090@correo.com.do
7092,Carlos Hernández Rojas,Cedula,001-1007091-1,849-791-8091,carlos.hernandez.7091@vimenca-demo.local
7093,Carlos Medina Morales,Cedula,001-1007092-2,829-792-8092,carlos.medina.7092@vimenca-demo.local
7094,Jorge Romero Gutiérrez,Cedula,001-1007093-3,809-793-8093,jorge.romero.7093@email.do
7095,Diana Romero Flores,Cedula,001-1007094-4,809-794-8094,diana.romero.7094@vimenca-demo.local
7096,Lucía Medina Gómez,Cedula,001-1007095-5,829-795-8095,lucia.medina.7095@cliente.test
7097,Sofía Gómez Sánchez,Cedula,001-1007096-6,849-796-8096,sofia.gomez.7096@email.do
7098,Francisco Morales Morales,Cedula,001-1007097-7,849-797-8097,francisco.morales.7097@correo.com.do
7099,Juan Rojas Rodríguez,Cedula,001-1007098-8,829-798-8098,juan.rojas.7098@vimenca-demo.local
7100,José Rojas Hernández,Cedula,001-1007099-9,809-799-8099,jose.rojas.7099@correo.com.do
7101,Luis Romero Torres,Cedula,001-1007100-1,849-800-8100,luis.romero.7100@vimenca-demo.local
7102,Alejandro Guerrero Morales,Cedula,001-1007101-2,809-801-8101,alejandro.guerrero.7101@correo.com.do
7103,Yolanda Mendoza Alvarez,Cedula,001-1007102-3,829-802-8102,yolanda.mendoza.7102@cliente.test
7104,Pedro Martínez Ruiz,Cedula,001-1007103-4,849-803-8103,pedro.martinez.7103@correo.com.do
7105,Daniel Gutiérrez Ramírez,Cedula,001-1007104-5,829-804-8104,daniel.gutierrez.7104@cliente.test
7106,Fernando Morales Martínez,Cedula,001-1007105-6,849-805-8105,fernando.morales.7105@vimenca-demo.local
7107,Rosa Ortiz Reyes,Cedula,001-1007106-7,809-806-8106,rosa.ortiz.7106@cliente.test
7108,Camila Vargas Alvarez,Cedula,001-1007107-8,849-807-8107,camila.vargas.7107@cliente.test
7109,Isabella Castillo García,Cedula,001-1007108-9,849-808-8108,isabella.castillo.7108@vimenca-demo.local
7110,Pablo Romero Hernández,Cedula,001-1007109-1,829-809-8109,pablo.romero.7109@cliente.test
7111,Ricardo Ruiz Cabrera,Cedula,001-1007110-2,849-810-8110,ricardo.ruiz.7110@email.do
7112,Claudia García Romero,Cedula,001-1007111-3,849-811-8111,claudia.garcia.7111@vimenca-demo.local
7113,Francisco Díaz Cruz,Cedula,001-1007112-4,849-812-8112,francisco.diaz.7112@vimenca-demo.local
7114,Karina Díaz García,Cedula,001-1007113-5,829-813-8113,karina.diaz.7113@correo.com.do
7115,María Mendoza Torres,Cedula,001-1007114-6,809-814-8114,maria.mendoza.7114@email.do
7116,Ana Hernández Mendoza,Cedula,001-1007115-7,829-815-8115,ana.hernandez.7115@email.do
7117,Óscar Peña Rivera,Cedula,001-1007116-8,829-816-8116,oscar.peña.7116@correo.com.do
7118,Elena Guerrero Ortiz,Cedula,001-1007117-9,849-817-8117,elena.guerrero.7117@email.do
7119,Andrea Morales Sánchez,Cedula,001-1007118-1,809-818-8118,andrea.morales.7118@email.do
7120,Valeria Rodríguez Díaz,Cedula,001-1007119-2,809-819-8119,valeria.rodriguez.7119@correo.com.do
7121,Pedro Ruiz Cruz,Cedula,001-1007120-3,809-820-8120,pedro.ruiz.7120@cliente.test
7122,Rosa Ortiz Rivera,Cedula,001-1007121-4,809-821-8121,rosa.ortiz.7121@cliente.test
7123,Laura Ruiz Hernández,Cedula,001-1007122-5,829-822-8122,laura.ruiz.7122@correo.com.do
7124,Pablo Romero Romero,Cedula,001-1007123-6,809-823-8123,pablo.romero.7123@vimenca-demo.local
7125,Valeria Reyes Rivera,Cedula,001-1007124-7,809-824-8124,valeria.reyes.7124@vimenca-demo.local
7126,Juan Ramírez Gómez,Cedula,001-1007125-8,829-825-8125,juan.ramirez.7125@vimenca-demo.local
7127,Rafael García Peña,Cedula,001-1007126-9,849-826-8126,rafael.garcia.7126@email.do
7128,Patricia Medina Gutiérrez,Cedula,001-1007127-1,849-827-8127,patricia.medina.7127@cliente.test
7129,Patricia Guerrero Díaz,Cedula,001-1007128-2,849-828-8128,patricia.guerrero.7128@correo.com.do
7130,Héctor Morales Rivera,Cedula,001-1007129-3,829-829-8129,hector.morales.7129@cliente.test
7131,Rosa Pérez Ramírez,Cedula,001-1007130-4,809-830-8130,rosa.perez.7130@correo.com.do
7132,Alejandro Martínez Gutiérrez,Cedula,001-1007131-5,809-831-8131,alejandro.martinez.7131@email.do
7133,Manuel Díaz Gutiérrez,Cedula,001-1007132-6,809-832-8132,manuel.diaz.7132@vimenca-demo.local
7134,Elena Cabrera Morales,Cedula,001-1007133-7,849-833-8133,elena.cabrera.7133@vimenca-demo.local
7135,Pedro Díaz Ramírez,Cedula,001-1007134-8,849-834-8134,pedro.diaz.7134@vimenca-demo.local
7136,María Mendoza Pérez,Cedula,001-1007135-9,849-835-8135,maria.mendoza.7135@cliente.test
7137,Yolanda Gómez Gómez,Cedula,001-1007136-1,849-836-8136,yolanda.gomez.7136@correo.com.do
7138,Lucía Rivera Mendoza,Cedula,001-1007137-2,809-837-8137,lucia.rivera.7137@correo.com.do
7139,Natalia Cruz Gómez,Cedula,001-1007138-3,849-838-8138,natalia.cruz.7138@vimenca-demo.local
7140,Andrés Cruz Reyes,Cedula,001-1007139-4,849-839-8139,andres.cruz.7139@vimenca-demo.local
7141,Ana Ramírez Ruiz,Cedula,001-1007140-5,809-840-8140,ana.ramirez.7140@email.do
7142,Karina Torres Rivera,Cedula,001-1007141-6,849-841-8141,karina.torres.7141@correo.com.do
7143,Carlos Romero Rodríguez,Cedula,001-1007142-7,849-842-8142,carlos.romero.7142@email.do
7144,Miguel Guerrero Flores,Cedula,001-1007143-8,809-843-8143,miguel.guerrero.7143@cliente.test
7145,Valeria González Mendoza,Cedula,001-1007144-9,829-844-8144,valeria.gonzalez.7144@email.do
7146,María Pérez Mendoza,Cedula,001-1007145-1,849-845-8145,maria.perez.7145@vimenca-demo.local
7147,Pablo Romero Guerrero,Cedula,001-1007146-2,809-846-8146,pablo.romero.7146@email.do
7148,Karina Romero Peña,Cedula,001-1007147-3,809-847-8147,karina.romero.7147@correo.com.do
7149,Miguel Gutiérrez Gómez,Cedula,001-1007148-4,829-848-8148,miguel.gutierrez.7148@email.do
7150,Carmen Rivera Martínez,Cedula,001-1007149-5,829-849-8149,carmen.rivera.7149@correo.com.do
7151,Fernando Martínez Ramírez,Cedula,001-1007150-6,809-850-8150,fernando.martinez.7150@email.do
7152,David Cabrera Vargas,Cedula,001-1007151-7,829-851-8151,david.cabrera.7151@vimenca-demo.local
7153,Carmen Rojas Rodríguez,Cedula,001-1007152-8,829-852-8152,carmen.rojas.7152@correo.com.do
7154,Patricia Rodríguez Ramírez,Cedula,001-1007153-9,829-853-8153,patricia.rodriguez.7153@correo.com.do
7155,Diana García Reyes,Cedula,001-1007154-1,849-854-8154,diana.garcia.7154@cliente.test
7156,Pedro Castillo Mendoza,Cedula,001-1007155-2,809-855-8155,pedro.castillo.7155@correo.com.do
7157,Claudia Cabrera Romero,Cedula,001-1007156-3,829-856-8156,claudia.cabrera.7156@cliente.test
7158,Claudia Ruiz Rivera,Cedula,001-1007157-4,829-857-8157,claudia.ruiz.7157@vimenca-demo.local
7159,Pablo Morales Romero,Cedula,001-1007158-5,809-858-8158,pablo.morales.7158@cliente.test
7160,Rosa Gómez Cabrera,Cedula,001-1007159-6,809-859-8159,rosa.gomez.7159@vimenca-demo.local
7161,Natalia Romero Sánchez,Cedula,001-1007160-7,809-860-8160,natalia.romero.7160@correo.com.do
7162,Héctor Jiménez Rojas,Cedula,001-1007161-8,829-861-8161,hector.jimenez.7161@vimenca-demo.local
7163,Manuel Rodríguez Morales,Cedula,001-1007162-9,849-862-8162,manuel.rodriguez.7162@vimenca-demo.local
7164,Pedro Peña Jiménez,Cedula,001-1007163-1,809-863-8163,pedro.peña.7163@correo.com.do
7165,Héctor Pérez Peña,Cedula,001-1007164-2,849-864-8164,hector.perez.7164@cliente.test
7166,Ricardo Mendoza Jiménez,Cedula,001-1007165-3,809-865-8165,ricardo.mendoza.7165@correo.com.do
7167,Luis Cabrera Alvarez,Cedula,001-1007166-4,809-866-8166,luis.cabrera.7166@email.do
7168,Valeria González Medina,Cedula,001-1007167-5,829-867-8167,valeria.gonzalez.7167@correo.com.do
7169,Andrea González Morales,Cedula,001-1007168-6,809-868-8168,andrea.gonzalez.7168@email.do
7170,Pedro Vargas Medina,Cedula,001-1007169-7,829-869-8169,pedro.vargas.7169@cliente.test
7171,Fernando Sánchez Vargas,Cedula,001-1007170-8,849-870-8170,fernando.sanchez.7170@cliente.test
7172,Paola Alvarez Cruz,Cedula,001-1007171-9,809-871-8171,paola.alvarez.7171@email.do
7173,Lucía Ramírez Vargas,Cedula,001-1007172-1,829-872-8172,lucia.ramirez.7172@vimenca-demo.local
7174,Paola Medina Peña,Cedula,001-1007173-2,849-873-8173,paola.medina.7173@correo.com.do
7175,Juan García Díaz,Cedula,001-1007174-3,809-874-8174,juan.garcia.7174@email.do
7176,Jorge Ortiz González,Cedula,001-1007175-4,849-875-8175,jorge.ortiz.7175@email.do
7177,Pablo Rodríguez Mendoza,Cedula,001-1007176-5,809-876-8176,pablo.rodriguez.7176@email.do
7178,Manuel García Rodríguez,Cedula,001-1007177-6,829-877-8177,manuel.garcia.7177@cliente.test
7179,Natalia Gómez Jiménez,Cedula,001-1007178-7,849-878-8178,natalia.gomez.7178@cliente.test
7180,Francisco Flores Medina,Cedula,001-1007179-8,849-879-8179,francisco.flores.7179@email.do
7181,Pablo Pérez González,Cedula,001-1007180-9,809-880-8180,pablo.perez.7180@vimenca-demo.local
7182,Diana Gómez Sánchez,Cedula,001-1007181-1,829-881-8181,diana.gomez.7181@correo.com.do
7183,Camila Cabrera Peña,Cedula,001-1007182-2,849-882-8182,camila.cabrera.7182@correo.com.do
7184,Manuel Peña Vargas,Cedula,001-1007183-3,809-883-8183,manuel.peña.7183@cliente.test
7185,Ricardo Rodríguez Rivera,Cedula,001-1007184-4,809-884-8184,ricardo.rodriguez.7184@correo.com.do
7186,Ana Flores García,Cedula,001-1007185-5,829-885-8185,ana.flores.7185@cliente.test
7187,Rosa Cabrera Ortiz,Cedula,001-1007186-6,829-886-8186,rosa.cabrera.7186@vimenca-demo.local
7188,Fernando Mendoza Jiménez,Cedula,001-1007187-7,809-887-8187,fernando.mendoza.7187@vimenca-demo.local
7189,Karina García Flores,Cedula,001-1007188-8,849-888-8188,karina.garcia.7188@correo.com.do
7190,Camila Romero Hernández,Cedula,001-1007189-9,829-889-8189,camila.romero.7189@vimenca-demo.local
7191,Fernando Mendoza Flores,Cedula,001-1007190-1,809-890-8190,fernando.mendoza.7190@email.do
7192,Rafael Cabrera Cruz,Cedula,001-1007191-2,849-891-8191,rafael.cabrera.7191@vimenca-demo.local
7193,Jorge Morales Medina,Cedula,001-1007192-3,809-892-8192,jorge.morales.7192@email.do
7194,Camila Ruiz Ortiz,Cedula,001-1007193-4,849-893-8193,camila.ruiz.7193@cliente.test
7195,Ricardo Díaz Morales,Cedula,001-1007194-5,809-894-8194,ricardo.diaz.7194@email.do
7196,Laura Cruz Castillo,Cedula,001-1007195-6,829-895-8195,laura.cruz.7195@correo.com.do
7197,Francisco Cabrera Peña,Cedula,001-1007196-7,849-896-8196,francisco.cabrera.7196@email.do
7198,José Cabrera Martínez,Cedula,001-1007197-8,849-897-8197,jose.cabrera.7197@correo.com.do
7199,Carmen Ruiz Cruz,Cedula,001-1007198-9,829-898-8198,carmen.ruiz.7198@correo.com.do
7200,Gabriela Guerrero Hernández,Cedula,001-1007199-1,849-899-8199,gabriela.guerrero.7199@vimenca-demo.local
7201,Iván Cabrera Cabrera,Cedula,001-1007200-2,849-500-8200,ivan.cabrera.7200@correo.com.do
7202,Claudia García Ramírez,Cedula,001-1007201-3,809-501-8201,claudia.garcia.7201@correo.com.do
7203,David Pérez Alvarez,Cedula,001-1007202-4,849-502-8202,david.perez.7202@vimenca-demo.local
7204,Karina Medina Alvarez,Cedula,001-1007203-5,849-503-8203,karina.medina.7203@vimenca-demo.local
7205,Sofía Ruiz Sánchez,Cedula,001-1007204-6,829-504-8204,sofia.ruiz.7204@vimenca-demo.local
7206,Miguel Hernández Mendoza,Cedula,001-1007205-7,829-505-8205,miguel.hernandez.7205@correo.com.do
7207,Pablo Medina Hernández,Cedula,001-1007206-8,829-506-8206,pablo.medina.7206@correo.com.do
7208,Patricia Rivera Reyes,Cedula,001-1007207-9,849-507-8207,patricia.rivera.7207@email.do
7209,Sofía Hernández Díaz,Cedula,001-1007208-1,849-508-8208,sofia.hernandez.7208@correo.com.do
7210,Héctor Ortiz Ramírez,Cedula,001-1007209-2,849-509-8209,hector.ortiz.7209@correo.com.do
7211,David Romero Torres,Cedula,001-1007210-3,849-510-8210,david.romero.7210@email.do
7212,Fernando Ortiz García,Cedula,001-1007211-4,849-511-8211,fernando.ortiz.7211@vimenca-demo.local
7213,Lucía Cruz Guerrero,Cedula,001-1007212-5,829-512-8212,lucia.cruz.7212@cliente.test
7214,Ricardo Mendoza Castillo,Cedula,001-1007213-6,849-513-8213,ricardo.mendoza.7213@email.do
7215,María Díaz Alvarez,Cedula,001-1007214-7,809-514-8214,maria.diaz.7214@email.do
7216,Lucía Cabrera Sánchez,Cedula,001-1007215-8,809-515-8215,lucia.cabrera.7215@correo.com.do
7217,Lucía Ramírez González,Cedula,001-1007216-9,829-516-8216,lucia.ramirez.7216@email.do
7218,Laura Rodríguez Morales,Cedula,001-1007217-1,829-517-8217,laura.rodriguez.7217@vimenca-demo.local
7219,Andrea Romero Rivera,Cedula,001-1007218-2,829-518-8218,andrea.romero.7218@cliente.test
7220,Héctor Vargas Ortiz,Cedula,001-1007219-3,849-519-8219,hector.vargas.7219@correo.com.do
7221,Fernando Flores Gómez,Cedula,001-1007220-4,829-520-8220,fernando.flores.7220@email.do
7222,Elena Romero Flores,Cedula,001-1007221-5,849-521-8221,elena.romero.7221@vimenca-demo.local
7223,Gabriela Gómez González,Cedula,001-1007222-6,809-522-8222,gabriela.gomez.7222@correo.com.do
7224,Jorge Vargas Ramírez,Cedula,001-1007223-7,829-523-8223,jorge.vargas.7223@correo.com.do
7225,Daniel Cabrera Díaz,Cedula,001-1007224-8,849-524-8224,daniel.cabrera.7224@vimenca-demo.local
7226,María Peña Gutiérrez,Cedula,001-1007225-9,829-525-8225,maria.peña.7225@cliente.test
7227,Andrea Mendoza Reyes,Cedula,001-1007226-1,809-526-8226,andrea.mendoza.7226@vimenca-demo.local
7228,Miguel Mendoza Vargas,Cedula,001-1007227-2,849-527-8227,miguel.mendoza.7227@vimenca-demo.local
7229,Ricardo Castillo Cabrera,Cedula,001-1007228-3,829-528-8228,ricardo.castillo.7228@email.do
7230,Iván Gómez Alvarez,Cedula,001-1007229-4,849-529-8229,ivan.gomez.7229@correo.com.do
7231,Andrés Medina Jiménez,Cedula,001-1007230-5,829-530-8230,andres.medina.7230@cliente.test
7232,Valeria Gómez Torres,Cedula,001-1007231-6,849-531-8231,valeria.gomez.7231@vimenca-demo.local
7233,Héctor Díaz Medina,Cedula,001-1007232-7,809-532-8232,hector.diaz.7232@vimenca-demo.local
7234,Jorge Alvarez Vargas,Cedula,001-1007233-8,829-533-8233,jorge.alvarez.7233@cliente.test
7235,Andrés Jiménez Cruz,Cedula,001-1007234-9,849-534-8234,andres.jimenez.7234@cliente.test
7236,Yolanda Morales Torres,Cedula,001-1007235-1,809-535-8235,yolanda.morales.7235@correo.com.do
7237,Paola Ramírez Díaz,Cedula,001-1007236-2,809-536-8236,paola.ramirez.7236@email.do
7238,Andrés Cruz Medina,Cedula,001-1007237-3,809-537-8237,andres.cruz.7237@email.do
7239,Pedro Alvarez Romero,Cedula,001-1007238-4,849-538-8238,pedro.alvarez.7238@vimenca-demo.local
7240,Gabriela Vargas Vargas,Cedula,001-1007239-5,809-539-8239,gabriela.vargas.7239@email.do
7241,Elena González González,Cedula,001-1007240-6,849-540-8240,elena.gonzalez.7240@vimenca-demo.local
7242,Laura Rivera Alvarez,Cedula,001-1007241-7,829-541-8241,laura.rivera.7241@email.do
7243,Ricardo Morales Ruiz,Cedula,001-1007242-8,849-542-8242,ricardo.morales.7242@correo.com.do
7244,Lucía Alvarez Flores,Cedula,001-1007243-9,849-543-8243,lucia.alvarez.7243@cliente.test
7245,Luis Martínez Medina,Cedula,001-1007244-1,829-544-8244,luis.martinez.7244@correo.com.do
7246,Juan Medina Ramírez,Cedula,001-1007245-2,829-545-8245,juan.medina.7245@email.do
7247,Natalia García Martínez,Cedula,001-1007246-3,809-546-8246,natalia.garcia.7246@vimenca-demo.local
7248,Iván Romero Torres,Cedula,001-1007247-4,849-547-8247,ivan.romero.7247@vimenca-demo.local
7249,Fernando Cruz Romero,Cedula,001-1007248-5,809-548-8248,fernando.cruz.7248@cliente.test
7250,Jorge Gómez Flores,Cedula,001-1007249-6,829-549-8249,jorge.gomez.7249@vimenca-demo.local
7251,José Díaz Torres,Cedula,001-1007250-7,829-550-8250,jose.diaz.7250@email.do
7252,Carlos Jiménez Cabrera,Cedula,001-1007251-8,829-551-8251,carlos.jimenez.7251@cliente.test
7253,Elena Peña Romero,Cedula,001-1007252-9,849-552-8252,elena.peña.7252@cliente.test
7254,Francisco Ortiz González,Cedula,001-1007253-1,849-553-8253,francisco.ortiz.7253@correo.com.do
7255,David Romero Ramírez,Cedula,001-1007254-2,849-554-8254,david.romero.7254@cliente.test
7256,Rosa Jiménez Hernández,Cedula,001-1007255-3,809-555-8255,rosa.jimenez.7255@correo.com.do
7257,Yolanda Mendoza González,Cedula,001-1007256-4,829-556-8256,yolanda.mendoza.7256@vimenca-demo.local
7258,Iván Romero Vargas,Cedula,001-1007257-5,849-557-8257,ivan.romero.7257@email.do
7259,Alejandro Romero Rodríguez,Cedula,001-1007258-6,809-558-8258,alejandro.romero.7258@email.do
7260,Jorge Gómez Romero,Cedula,001-1007259-7,849-559-8259,jorge.gomez.7259@email.do
7261,Sofía Rojas García,Cedula,001-1007260-8,829-560-8260,sofia.rojas.7260@cliente.test
7262,David Rojas Gómez,Cedula,001-1007261-9,809-561-8261,david.rojas.7261@email.do
7263,María Cruz Sánchez,Cedula,001-1007262-1,829-562-8262,maria.cruz.7262@cliente.test
7264,Laura Jiménez Díaz,Cedula,001-1007263-2,829-563-8263,laura.jimenez.7263@cliente.test
7265,Camila Flores Rivera,Cedula,001-1007264-3,809-564-8264,camila.flores.7264@cliente.test
7266,Iván Ruiz Jiménez,Cedula,001-1007265-4,829-565-8265,ivan.ruiz.7265@correo.com.do
7267,David Martínez Castillo,Cedula,001-1007266-5,849-566-8266,david.martinez.7266@correo.com.do
7268,Camila Martínez Reyes,Cedula,001-1007267-6,829-567-8267,camila.martinez.7267@cliente.test
7269,Alejandro Martínez González,Cedula,001-1007268-7,829-568-8268,alejandro.martinez.7268@vimenca-demo.local
7270,Rafael Medina Rivera,Cedula,001-1007269-8,829-569-8269,rafael.medina.7269@email.do
7271,Laura Castillo Pérez,Cedula,001-1007270-9,829-570-8270,laura.castillo.7270@cliente.test
7272,Claudia Ruiz Sánchez,Cedula,001-1007271-1,849-571-8271,claudia.ruiz.7271@email.do
7273,David Castillo Hernández,Cedula,001-1007272-2,829-572-8272,david.castillo.7272@cliente.test
7274,Iván Reyes Morales,Cedula,001-1007273-3,829-573-8273,ivan.reyes.7273@vimenca-demo.local
7275,Daniel Hernández Cabrera,Cedula,001-1007274-4,829-574-8274,daniel.hernandez.7274@correo.com.do
7276,José Díaz Gómez,Cedula,001-1007275-5,849-575-8275,jose.diaz.7275@vimenca-demo.local
7277,Claudia Flores Vargas,Cedula,001-1007276-6,849-576-8276,claudia.flores.7276@email.do
7278,Rosa Torres Alvarez,Cedula,001-1007277-7,849-577-8277,rosa.torres.7277@cliente.test
7279,Gabriela Castillo Ortiz,Cedula,001-1007278-8,829-578-8278,gabriela.castillo.7278@correo.com.do
7280,Héctor Medina Hernández,Cedula,001-1007279-9,809-579-8279,hector.medina.7279@email.do
7281,Juan Guerrero Hernández,Cedula,001-1007280-1,849-580-8280,juan.guerrero.7280@vimenca-demo.local
7282,Luis Ortiz Cruz,Cedula,001-1007281-2,829-581-8281,luis.ortiz.7281@email.do
7283,Andrés Díaz Ramírez,Cedula,001-1007282-3,849-582-8282,andres.diaz.7282@vimenca-demo.local
7284,Pablo Reyes Pérez,Cedula,001-1007283-4,849-583-8283,pablo.reyes.7283@correo.com.do
7285,Luis Pérez Pérez,Cedula,001-1007284-5,849-584-8284,luis.perez.7284@vimenca-demo.local
7286,Valeria Reyes Reyes,Cedula,001-1007285-6,829-585-8285,valeria.reyes.7285@email.do
7287,Claudia Flores Torres,Cedula,001-1007286-7,849-586-8286,claudia.flores.7286@correo.com.do
7288,Valeria Mendoza Ruiz,Cedula,001-1007287-8,809-587-8287,valeria.mendoza.7287@cliente.test
7289,Ana Díaz Díaz,Cedula,001-1007288-9,849-588-8288,ana.diaz.7288@cliente.test
7290,David Cruz Flores,Cedula,001-1007289-1,809-589-8289,david.cruz.7289@correo.com.do
7291,David Flores Vargas,Cedula,001-1007290-2,829-590-8290,david.flores.7290@cliente.test
7292,Rafael Cruz Ruiz,Cedula,001-1007291-3,849-591-8291,rafael.cruz.7291@vimenca-demo.local
7293,Alejandro Reyes Ramírez,Cedula,001-1007292-4,809-592-8292,alejandro.reyes.7292@vimenca-demo.local
7294,Sofía Rojas González,Cedula,001-1007293-5,829-593-8293,sofia.rojas.7293@vimenca-demo.local
7295,Jorge Ruiz García,Cedula,001-1007294-6,829-594-8294,jorge.ruiz.7294@vimenca-demo.local
7296,Yolanda Rivera Guerrero,Cedula,001-1007295-7,829-595-8295,yolanda.rivera.7295@cliente.test
7297,Camila Pérez Vargas,Cedula,001-1007296-8,829-596-8296,camila.perez.7296@cliente.test
7298,Carlos González Medina,Cedula,001-1007297-9,849-597-8297,carlos.gonzalez.7297@vimenca-demo.local
7299,Andrés Alvarez Ramírez,Cedula,001-1007298-1,809-598-8298,andres.alvarez.7298@cliente.test
7300,Sofía Ramírez Romero,Cedula,001-1007299-2,829-599-8299,sofia.ramirez.7299@vimenca-demo.local
7301,Juan Rivera García,Cedula,001-1007300-3,809-600-8300,juan.rivera.7300@cliente.test
7302,Valeria Cruz Medina,Cedula,001-1007301-4,849-601-8301,valeria.cruz.7301@cliente.test
7303,Rafael Flores Romero,Cedula,001-1007302-5,849-602-8302,rafael.flores.7302@cliente.test
7304,Karina Ortiz Romero,Cedula,001-1007303-6,829-603-8303,karina.ortiz.7303@email.do
7305,Andrés Ruiz Díaz,Cedula,001-1007304-7,849-604-8304,andres.ruiz.7304@vimenca-demo.local
7306,David Rodríguez Gutiérrez,Cedula,001-1007305-8,829-605-8305,david.rodriguez.7305@email.do
7307,Diana Díaz Mendoza,Cedula,001-1007306-9,809-606-8306,diana.diaz.7306@cliente.test
7308,Andrés Reyes García,Cedula,001-1007307-1,849-607-8307,andres.reyes.7307@email.do
7309,Ricardo Pérez García,Cedula,001-1007308-2,829-608-8308,ricardo.perez.7308@correo.com.do
7310,Jorge Jiménez Castillo,Cedula,001-1007309-3,849-609-8309,jorge.jimenez.7309@correo.com.do
7311,Carlos Alvarez Pérez,Cedula,001-1007310-4,849-610-8310,carlos.alvarez.7310@cliente.test
7312,Carlos Cruz Reyes,Cedula,001-1007311-5,849-611-8311,carlos.cruz.7311@vimenca-demo.local
7313,Carlos Ortiz Ruiz,Cedula,001-1007312-6,849-612-8312,carlos.ortiz.7312@cliente.test
7314,Yolanda Sánchez Gutiérrez,Cedula,001-1007313-7,829-613-8313,yolanda.sanchez.7313@vimenca-demo.local
7315,Rafael Cruz Cabrera,Cedula,001-1007314-8,809-614-8314,rafael.cruz.7314@email.do
7316,Alejandro Hernández Medina,Cedula,001-1007315-9,849-615-8315,alejandro.hernandez.7315@email.do
7317,Natalia Alvarez Medina,Cedula,001-1007316-1,829-616-8316,natalia.alvarez.7316@cliente.test
7318,Fernando Castillo Torres,Cedula,001-1007317-2,809-617-8317,fernando.castillo.7317@vimenca-demo.local
7319,Óscar Ortiz Torres,Cedula,001-1007318-3,849-618-8318,oscar.ortiz.7318@vimenca-demo.local
7320,Jorge Mendoza Gutiérrez,Cedula,001-1007319-4,809-619-8319,jorge.mendoza.7319@cliente.test
7321,Isabella Rodríguez Reyes,Cedula,001-1007320-5,809-620-8320,isabella.rodriguez.7320@email.do
7322,Andrea Ruiz Ramírez,Cedula,001-1007321-6,809-621-8321,andrea.ruiz.7321@vimenca-demo.local
7323,Laura Torres Medina,Cedula,001-1007322-7,809-622-8322,laura.torres.7322@vimenca-demo.local
7324,Carmen Jiménez García,Cedula,001-1007323-8,829-623-8323,carmen.jimenez.7323@correo.com.do
7325,Carmen Rodríguez Jiménez,Cedula,001-1007324-9,829-624-8324,carmen.rodriguez.7324@cliente.test
7326,María Ortiz Vargas,Cedula,001-1007325-1,849-625-8325,maria.ortiz.7325@vimenca-demo.local
7327,Patricia Morales Cruz,Cedula,001-1007326-2,829-626-8326,patricia.morales.7326@email.do
7328,Gabriela Mendoza Alvarez,Cedula,001-1007327-3,829-627-8327,gabriela.mendoza.7327@cliente.test
7329,Miguel Mendoza Flores,Cedula,001-1007328-4,809-628-8328,miguel.mendoza.7328@correo.com.do
7330,Juan Castillo Rodríguez,Cedula,001-1007329-5,849-629-8329,juan.castillo.7329@cliente.test
7331,Patricia Medina Díaz,Cedula,001-1007330-6,829-630-8330,patricia.medina.7330@cliente.test
7332,Natalia Guerrero González,Cedula,001-1007331-7,809-631-8331,natalia.guerrero.7331@cliente.test
7333,Camila Sánchez Rojas,Cedula,001-1007332-8,809-632-8332,camila.sanchez.7332@vimenca-demo.local
7334,Héctor Torres Cabrera,Cedula,001-1007333-9,849-633-8333,hector.torres.7333@cliente.test
7335,Valeria Mendoza Alvarez,Cedula,001-1007334-1,809-634-8334,valeria.mendoza.7334@correo.com.do
7336,Camila Rojas Alvarez,Cedula,001-1007335-2,829-635-8335,camila.rojas.7335@cliente.test
7337,Karina Pérez Martínez,Cedula,001-1007336-3,849-636-8336,karina.perez.7336@email.do
7338,Francisco Ramírez Medina,Cedula,001-1007337-4,809-637-8337,francisco.ramirez.7337@email.do
7339,Valeria Vargas Castillo,Cedula,001-1007338-5,829-638-8338,valeria.vargas.7338@email.do
7340,María Medina Cruz,Cedula,001-1007339-6,809-639-8339,maria.medina.7339@correo.com.do
7341,Karina Ortiz Medina,Cedula,001-1007340-7,829-640-8340,karina.ortiz.7340@email.do
7342,Claudia Rojas Rivera,Cedula,001-1007341-8,829-641-8341,claudia.rojas.7341@cliente.test
7343,Iván Flores Vargas,Cedula,001-1007342-9,829-642-8342,ivan.flores.7342@vimenca-demo.local
7344,Alejandro Mendoza Ramírez,Cedula,001-1007343-1,829-643-8343,alejandro.mendoza.7343@email.do
7345,Daniel Flores Rivera,Cedula,001-1007344-2,809-644-8344,daniel.flores.7344@correo.com.do
7346,Lucía Pérez Medina,Cedula,001-1007345-3,809-645-8345,lucia.perez.7345@vimenca-demo.local
7347,Laura Cruz Peña,Cedula,001-1007346-4,809-646-8346,laura.cruz.7346@cliente.test
7348,Camila García Castillo,Cedula,001-1007347-5,809-647-8347,camila.garcia.7347@vimenca-demo.local
7349,Luis Ramírez Ruiz,Cedula,001-1007348-6,849-648-8348,luis.ramirez.7348@correo.com.do
7350,Karina Ramírez Reyes,Cedula,001-1007349-7,849-649-8349,karina.ramirez.7349@cliente.test
7351,Rosa Alvarez Pérez,Cedula,001-1007350-8,829-650-8350,rosa.alvarez.7350@vimenca-demo.local
7352,Pedro Flores Cruz,Cedula,001-1007351-9,809-651-8351,pedro.flores.7351@email.do
7353,José Martínez Flores,Cedula,001-1007352-1,809-652-8352,jose.martinez.7352@email.do
7354,Sofía Gómez Flores,Cedula,001-1007353-2,809-653-8353,sofia.gomez.7353@correo.com.do
7355,Andrés Sánchez Reyes,Cedula,001-1007354-3,849-654-8354,andres.sanchez.7354@email.do
7356,Laura Peña Cruz,Cedula,001-1007355-4,809-655-8355,laura.peña.7355@correo.com.do
7357,Juan Gutiérrez Ortiz,Cedula,001-1007356-5,829-656-8356,juan.gutierrez.7356@cliente.test
7358,Pablo Peña Ortiz,Cedula,001-1007357-6,849-657-8357,pablo.peña.7357@correo.com.do
7359,Paola García Morales,Cedula,001-1007358-7,829-658-8358,paola.garcia.7358@cliente.test
7360,Rafael Ruiz Torres,Cedula,001-1007359-8,829-659-8359,rafael.ruiz.7359@cliente.test
7361,Manuel Romero Jiménez,Cedula,001-1007360-9,809-660-8360,manuel.romero.7360@vimenca-demo.local
7362,Gabriela Morales Vargas,Cedula,001-1007361-1,849-661-8361,gabriela.morales.7361@cliente.test
7363,Miguel Vargas Morales,Cedula,001-1007362-2,809-662-8362,miguel.vargas.7362@email.do
7364,Isabella González Rodríguez,Cedula,001-1007363-3,849-663-8363,isabella.gonzalez.7363@vimenca-demo.local
7365,Lucía Rojas Gutiérrez,Cedula,001-1007364-4,849-664-8364,lucia.rojas.7364@cliente.test
7366,Luis Castillo Rivera,Cedula,001-1007365-5,849-665-8365,luis.castillo.7365@correo.com.do
7367,Ricardo Guerrero Hernández,Cedula,001-1007366-6,809-666-8366,ricardo.guerrero.7366@email.do
7368,Patricia Cabrera Guerrero,Cedula,001-1007367-7,829-667-8367,patricia.cabrera.7367@email.do
7369,Rosa Vargas Gómez,Cedula,001-1007368-8,829-668-8368,rosa.vargas.7368@cliente.test
7370,Claudia Morales Reyes,Cedula,001-1007369-9,809-669-8369,claudia.morales.7369@vimenca-demo.local
7371,Karina Jiménez Martínez,Cedula,001-1007370-1,809-670-8370,karina.jimenez.7370@cliente.test
7372,Daniel Mendoza Cabrera,Cedula,001-1007371-2,849-671-8371,daniel.mendoza.7371@email.do
7373,José Cruz Medina,Cedula,001-1007372-3,849-672-8372,jose.cruz.7372@vimenca-demo.local
7374,Carlos Hernández Romero,Cedula,001-1007373-4,849-673-8373,carlos.hernandez.7373@cliente.test
7375,Juan Torres Rivera,Cedula,001-1007374-5,829-674-8374,juan.torres.7374@email.do
7376,Andrés Mendoza Jiménez,Cedula,001-1007375-6,849-675-8375,andres.mendoza.7375@cliente.test
7377,Luis Pérez Ruiz,Cedula,001-1007376-7,849-676-8376,luis.perez.7376@correo.com.do
7378,Alejandro Ruiz Hernández,Cedula,001-1007377-8,809-677-8377,alejandro.ruiz.7377@correo.com.do
7379,Fernando Ruiz González,Cedula,001-1007378-9,829-678-8378,fernando.ruiz.7378@cliente.test
7380,Juan Reyes Flores,Cedula,001-1007379-1,809-679-8379,juan.reyes.7379@email.do
7381,David Peña Torres,Cedula,001-1007380-2,849-680-8380,david.peña.7380@correo.com.do
7382,Sofía Vargas Cabrera,Cedula,001-1007381-3,849-681-8381,sofia.vargas.7381@cliente.test
7383,Francisco Alvarez Rojas,Cedula,001-1007382-4,809-682-8382,francisco.alvarez.7382@vimenca-demo.local
7384,Fernando Medina García,Cedula,001-1007383-5,809-683-8383,fernando.medina.7383@email.do
7385,Andrés Morales Hernández,Cedula,001-1007384-6,849-684-8384,andres.morales.7384@correo.com.do
7386,Camila Reyes Díaz,Cedula,001-1007385-7,849-685-8385,camila.reyes.7385@vimenca-demo.local
7387,Juan González Rojas,Cedula,001-1007386-8,809-686-8386,juan.gonzalez.7386@email.do
7388,Alejandro Ruiz Torres,Cedula,001-1007387-9,809-687-8387,alejandro.ruiz.7387@vimenca-demo.local
7389,Claudia Vargas Martínez,Cedula,001-1007388-1,829-688-8388,claudia.vargas.7388@correo.com.do
7390,Alejandro Reyes Torres,Cedula,001-1007389-2,809-689-8389,alejandro.reyes.7389@vimenca-demo.local
7391,Gabriela Rivera Gómez,Cedula,001-1007390-3,829-690-8390,gabriela.rivera.7390@vimenca-demo.local
7392,Paola Ramírez Alvarez,Cedula,001-1007391-4,809-691-8391,paola.ramirez.7391@vimenca-demo.local
7393,José Cabrera Sánchez,Cedula,001-1007392-5,829-692-8392,jose.cabrera.7392@correo.com.do
7394,Luis Peña Medina,Cedula,001-1007393-6,809-693-8393,luis.peña.7393@correo.com.do
7395,Andrea Torres Ramírez,Cedula,001-1007394-7,849-694-8394,andrea.torres.7394@correo.com.do
7396,David Díaz Gutiérrez,Cedula,001-1007395-8,849-695-8395,david.diaz.7395@cliente.test
7397,Karina García Peña,Cedula,001-1007396-9,829-696-8396,karina.garcia.7396@email.do
7398,Yolanda Reyes Pérez,Cedula,001-1007397-1,829-697-8397,yolanda.reyes.7397@cliente.test
7399,Pedro Rojas Ortiz,Cedula,001-1007398-2,809-698-8398,pedro.rojas.7398@correo.com.do
7400,Carlos Díaz Morales,Cedula,001-1007399-3,809-699-8399,carlos.diaz.7399@cliente.test
7401,Paola Rivera Martínez,Cedula,001-1007400-4,829-700-8400,paola.rivera.7400@email.do
7402,Ricardo García Gómez,Cedula,001-1007401-5,829-701-8401,ricardo.garcia.7401@correo.com.do
7403,Valeria Ruiz Medina,Cedula,001-1007402-6,849-702-8402,valeria.ruiz.7402@email.do
7404,Natalia Hernández Gómez,Cedula,001-1007403-7,809-703-8403,natalia.hernandez.7403@email.do
7405,Iván Cruz Ruiz,Cedula,001-1007404-8,809-704-8404,ivan.cruz.7404@vimenca-demo.local
7406,Natalia Reyes Alvarez,Cedula,001-1007405-9,829-705-8405,natalia.reyes.7405@cliente.test
7407,Pablo Rojas Castillo,Cedula,001-1007406-1,809-706-8406,pablo.rojas.7406@cliente.test
7408,Juan Cruz Flores,Cedula,001-1007407-2,829-707-8407,juan.cruz.7407@email.do
7409,Daniel Vargas Guerrero,Cedula,001-1007408-3,849-708-8408,daniel.vargas.7408@cliente.test
7410,Patricia Guerrero Martínez,Cedula,001-1007409-4,809-709-8409,patricia.guerrero.7409@cliente.test
7411,Carlos Torres Torres,Cedula,001-1007410-5,829-710-8410,carlos.torres.7410@email.do
7412,Karina Medina Morales,Cedula,001-1007411-6,829-711-8411,karina.medina.7411@cliente.test
7413,Isabella Cabrera Flores,Cedula,001-1007412-7,809-712-8412,isabella.cabrera.7412@vimenca-demo.local
7414,Juan Rivera Ruiz,Cedula,001-1007413-8,849-713-8413,juan.rivera.7413@vimenca-demo.local
7415,Carlos Hernández Rivera,Cedula,001-1007414-9,849-714-8414,carlos.hernandez.7414@cliente.test
7416,Laura Guerrero Pérez,Cedula,001-1007415-1,829-715-8415,laura.guerrero.7415@correo.com.do
7417,Ricardo García Rojas,Cedula,001-1007416-2,829-716-8416,ricardo.garcia.7416@vimenca-demo.local
7418,María Ortiz Rodríguez,Cedula,001-1007417-3,849-717-8417,maria.ortiz.7417@cliente.test
7419,Karina Cabrera Díaz,Cedula,001-1007418-4,829-718-8418,karina.cabrera.7418@vimenca-demo.local
7420,Héctor Guerrero Pérez,Cedula,001-1007419-5,809-719-8419,hector.guerrero.7419@correo.com.do
7421,Luis Ortiz Hernández,Cedula,001-1007420-6,829-720-8420,luis.ortiz.7420@cliente.test
7422,Rosa Cabrera Reyes,Cedula,001-1007421-7,829-721-8421,rosa.cabrera.7421@vimenca-demo.local
7423,Jorge Morales Gómez,Cedula,001-1007422-8,809-722-8422,jorge.morales.7422@cliente.test
7424,Camila Hernández Medina,Cedula,001-1007423-9,809-723-8423,camila.hernandez.7423@cliente.test
7425,María Cruz Castillo,Cedula,001-1007424-1,829-724-8424,maria.cruz.7424@email.do
7426,Camila Gómez Flores,Cedula,001-1007425-2,809-725-8425,camila.gomez.7425@correo.com.do
7427,Karina García Jiménez,Cedula,001-1007426-3,849-726-8426,karina.garcia.7426@vimenca-demo.local
7428,Ricardo Gutiérrez Rojas,Cedula,001-1007427-4,849-727-8427,ricardo.gutierrez.7427@vimenca-demo.local
7429,Héctor García Guerrero,Cedula,001-1007428-5,829-728-8428,hector.garcia.7428@cliente.test
7430,Romero & Jiménez SRL,RNC,1300007429,849-729-8429,karina.romero.7429@email.do
7431,Héctor Martínez Ramírez,Cedula,001-1007430-7,829-730-8430,hector.martinez.7430@email.do
7432,Natalia Ortiz Rodríguez,Cedula,001-1007431-8,829-731-8431,natalia.ortiz.7431@cliente.test
7433,Pablo Reyes Jiménez,Cedula,001-1007432-9,829-732-8432,pablo.reyes.7432@vimenca-demo.local
7434,Carlos Alvarez Vargas,Cedula,001-1007433-1,849-733-8433,carlos.alvarez.7433@email.do
7435,Paola Cabrera Guerrero,Cedula,001-1007434-2,809-734-8434,paola.cabrera.7434@cliente.test
7436,Ricardo Torres Ortiz,Cedula,001-1007435-3,849-735-8435,ricardo.torres.7435@cliente.test
7437,Ana Cabrera Romero,Cedula,001-1007436-4,809-736-8436,ana.cabrera.7436@cliente.test
7438,Pedro Rodríguez Reyes,Cedula,001-1007437-5,829-737-8437,pedro.rodriguez.7437@email.do
7439,Andrés González Ruiz,Cedula,001-1007438-6,809-738-8438,andres.gonzalez.7438@cliente.test
7440,Ana Castillo Medina,Cedula,001-1007439-7,829-739-8439,ana.castillo.7439@correo.com.do
7441,Andrea Cabrera Vargas,Cedula,001-1007440-8,829-740-8440,andrea.cabrera.7440@email.do
7442,Carmen Sánchez Torres,Cedula,001-1007441-9,849-741-8441,carmen.sanchez.7441@email.do
7443,Sofía Rodríguez Medina,Cedula,001-1007442-1,809-742-8442,sofia.rodriguez.7442@email.do
7444,Claudia Hernández Peña,Cedula,001-1007443-2,829-743-8443,claudia.hernandez.7443@email.do
7445,Elena Cruz García,Cedula,001-1007444-3,849-744-8444,elena.cruz.7444@cliente.test
7446,José Guerrero Rojas,Cedula,001-1007445-4,849-745-8445,jose.guerrero.7445@cliente.test
7447,Valeria Mendoza Torres,Cedula,001-1007446-5,829-746-8446,valeria.mendoza.7446@correo.com.do
7448,Claudia Díaz Vargas,Cedula,001-1007447-6,809-747-8447,claudia.diaz.7447@email.do
7449,David Reyes Ruiz,Cedula,001-1007448-7,829-748-8448,david.reyes.7448@cliente.test
7450,Francisco Jiménez Rivera,Cedula,001-1007449-8,809-749-8449,francisco.jimenez.7449@correo.com.do
7451,Camila Gómez Torres,Cedula,001-1007450-9,849-750-8450,camila.gomez.7450@cliente.test
7452,Luis Rodríguez Medina,Cedula,001-1007451-1,829-751-8451,luis.rodriguez.7451@cliente.test
7453,Valeria Gutiérrez Cabrera,Cedula,001-1007452-2,829-752-8452,valeria.gutierrez.7452@vimenca-demo.local
7454,Andrea Ortiz Alvarez,Cedula,001-1007453-3,809-753-8453,andrea.ortiz.7453@vimenca-demo.local
7455,Rafael Pérez Hernández,Cedula,001-1007454-4,829-754-8454,rafael.perez.7454@correo.com.do
7456,María Díaz Díaz,Cedula,001-1007455-5,809-755-8455,maria.diaz.7455@vimenca-demo.local
7457,Lucía Medina García,Cedula,001-1007456-6,809-756-8456,lucia.medina.7456@vimenca-demo.local
7458,Iván Morales Alvarez,Cedula,001-1007457-7,809-757-8457,ivan.morales.7457@vimenca-demo.local
7459,Alejandro Gómez Medina,Cedula,001-1007458-8,829-758-8458,alejandro.gomez.7458@correo.com.do
7460,Natalia Rojas Morales,Cedula,001-1007459-9,849-759-8459,natalia.rojas.7459@cliente.test
7461,Fernando García Castillo,Cedula,001-1007460-1,809-760-8460,fernando.garcia.7460@email.do
7462,Patricia Romero Hernández,Cedula,001-1007461-2,809-761-8461,patricia.romero.7461@email.do
7463,Andrés Torres Cabrera,Cedula,001-1007462-3,829-762-8462,andres.torres.7462@correo.com.do
7464,Carlos Cabrera Cabrera,Cedula,001-1007463-4,849-763-8463,carlos.cabrera.7463@correo.com.do
7465,Daniel Ruiz Cruz,Cedula,001-1007464-5,809-764-8464,daniel.ruiz.7464@cliente.test
7466,Karina Alvarez Hernández,Cedula,001-1007465-6,849-765-8465,karina.alvarez.7465@email.do
7467,Gabriela Hernández Gutiérrez,Cedula,001-1007466-7,809-766-8466,gabriela.hernandez.7466@cliente.test
7468,Lucía Ortiz Ramírez,Cedula,001-1007467-8,829-767-8467,lucia.ortiz.7467@correo.com.do
7469,María Medina Rivera,Cedula,001-1007468-9,829-768-8468,maria.medina.7468@vimenca-demo.local
7470,Ana Hernández Guerrero,Cedula,001-1007469-1,829-769-8469,ana.hernandez.7469@correo.com.do
7471,Paola Cruz Rivera,Cedula,001-1007470-2,809-770-8470,paola.cruz.7470@vimenca-demo.local
7472,Óscar García Torres,Cedula,001-1007471-3,809-771-8471,oscar.garcia.7471@email.do
7473,Andrea Ruiz Gutiérrez,Cedula,001-1007472-4,829-772-8472,andrea.ruiz.7472@correo.com.do
7474,Juan García Gómez,Cedula,001-1007473-5,849-773-8473,juan.garcia.7473@correo.com.do
7475,Carlos Sánchez Gutiérrez,Cedula,001-1007474-6,829-774-8474,carlos.sanchez.7474@cliente.test
7476,David Castillo Martínez,Cedula,001-1007475-7,809-775-8475,david.castillo.7475@email.do
7477,Manuel Castillo Sánchez,Cedula,001-1007476-8,809-776-8476,manuel.castillo.7476@correo.com.do
7478,Isabella Díaz Rivera,Cedula,001-1007477-9,829-777-8477,isabella.diaz.7477@vimenca-demo.local
7479,Miguel Cruz Flores,Cedula,001-1007478-1,849-778-8478,miguel.cruz.7478@cliente.test
7480,Francisco Castillo Rojas,Cedula,001-1007479-2,809-779-8479,francisco.castillo.7479@correo.com.do
7481,Elena Cruz Morales,Cedula,001-1007480-3,829-780-8480,elena.cruz.7480@email.do
7482,Daniel Vargas Romero,Cedula,001-1007481-4,809-781-8481,daniel.vargas.7481@correo.com.do
7483,Jorge Sánchez Cruz,Cedula,001-1007482-5,829-782-8482,jorge.sanchez.7482@cliente.test
7484,Elena Sánchez Guerrero,Cedula,001-1007483-6,809-783-8483,elena.sanchez.7483@correo.com.do
7485,Fernando Rodríguez Ortiz,Cedula,001-1007484-7,829-784-8484,fernando.rodriguez.7484@vimenca-demo.local
7486,Andrea Peña Medina,Cedula,001-1007485-8,809-785-8485,andrea.peña.7485@email.do
7487,Juan Hernández Díaz,Cedula,001-1007486-9,809-786-8486,juan.hernandez.7486@cliente.test
7488,Sofía Mendoza Ruiz,Cedula,001-1007487-1,829-787-8487,sofia.mendoza.7487@email.do
7489,Andrea Mendoza Vargas,Cedula,001-1007488-2,829-788-8488,andrea.mendoza.7488@correo.com.do
7490,Luis Medina Martínez,Cedula,001-1007489-3,829-789-8489,luis.medina.7489@vimenca-demo.local
7491,Iván Jiménez González,Cedula,001-1007490-4,809-790-8490,ivan.jimenez.7490@email.do
7492,Fernando Ortiz Martínez,Cedula,001-1007491-5,849-791-8491,fernando.ortiz.7491@vimenca-demo.local
7493,Andrea Gómez Gutiérrez,Cedula,001-1007492-6,849-792-8492,andrea.gomez.7492@correo.com.do
7494,Pablo García Pérez,Cedula,001-1007493-7,809-793-8493,pablo.garcia.7493@vimenca-demo.local
7495,Rafael Hernández Morales,Cedula,001-1007494-8,849-794-8494,rafael.hernandez.7494@cliente.test
7496,Gabriela Castillo González,Cedula,001-1007495-9,849-795-8495,gabriela.castillo.7495@correo.com.do
7497,Francisco Díaz Martínez,Cedula,001-1007496-1,809-796-8496,francisco.diaz.7496@email.do
7498,Andrés Rojas Ruiz,Cedula,001-1007497-2,849-797-8497,andres.rojas.7497@email.do
7499,Jorge González Torres,Cedula,001-1007498-3,849-798-8498,jorge.gonzalez.7498@email.do
7500,Manuel Hernández Reyes,Cedula,001-1007499-4,829-799-8499,manuel.hernandez.7499@correo.com.do
7501,Paola Vargas Rojas,Cedula,001-1007500-5,829-800-8500,paola.vargas.7500@email.do
7502,Karina Gómez Gutiérrez,Cedula,001-1007501-6,849-801-8501,karina.gomez.7501@email.do
7503,Rafael Gómez Ruiz,Cedula,001-1007502-7,829-802-8502,rafael.gomez.7502@vimenca-demo.local
7504,Andrés Martínez Morales,Cedula,001-1007503-8,849-803-8503,andres.martinez.7503@email.do
7505,Iván Martínez Rivera,Cedula,001-1007504-9,809-804-8504,ivan.martinez.7504@email.do
7506,Pablo Gómez Guerrero,Cedula,001-1007505-1,829-805-8505,pablo.gomez.7505@cliente.test
7507,Andrés Medina Rivera,Cedula,001-1007506-2,829-806-8506,andres.medina.7506@email.do
7508,Natalia Medina Reyes,Cedula,001-1007507-3,849-807-8507,natalia.medina.7507@email.do
7509,Héctor Sánchez Cruz,Cedula,001-1007508-4,829-808-8508,hector.sanchez.7508@email.do
7510,Yolanda Martínez Gutiérrez,Cedula,001-1007509-5,849-809-8509,yolanda.martinez.7509@email.do
7511,Miguel Sánchez Rivera,Cedula,001-1007510-6,849-810-8510,miguel.sanchez.7510@cliente.test
7512,Iván Torres Alvarez,Cedula,001-1007511-7,849-811-8511,ivan.torres.7511@cliente.test
7513,Pablo Ortiz Sánchez,Cedula,001-1007512-8,829-812-8512,pablo.ortiz.7512@vimenca-demo.local
7514,Carmen Vargas Rivera,Cedula,001-1007513-9,849-813-8513,carmen.vargas.7513@email.do
7515,David Rojas Rivera,Cedula,001-1007514-1,849-814-8514,david.rojas.7514@cliente.test
7516,Isabella Sánchez Jiménez,Cedula,001-1007515-2,829-815-8515,isabella.sanchez.7515@cliente.test
7517,Gabriela Pérez Gómez,Cedula,001-1007516-3,849-816-8516,gabriela.perez.7516@cliente.test
7518,Rosa Torres Cabrera,Cedula,001-1007517-4,809-817-8517,rosa.torres.7517@correo.com.do
7519,Claudia Peña Hernández,Cedula,001-1007518-5,809-818-8518,claudia.peña.7518@correo.com.do
7520,Elena Peña Ruiz,Cedula,001-1007519-6,849-819-8519,elena.peña.7519@correo.com.do
7521,Diana González Rivera,Cedula,001-1007520-7,849-820-8520,diana.gonzalez.7520@cliente.test
7522,Héctor Rodríguez Vargas,Cedula,001-1007521-8,849-821-8521,hector.rodriguez.7521@correo.com.do
7523,Luis Hernández Rivera,Cedula,001-1007522-9,849-822-8522,luis.hernandez.7522@correo.com.do
7524,Miguel Morales Mendoza,Cedula,001-1007523-1,829-823-8523,miguel.morales.7523@vimenca-demo.local
7525,Patricia Ortiz Morales,Cedula,001-1007524-2,829-824-8524,patricia.ortiz.7524@email.do
7526,María Cruz Cruz,Cedula,001-1007525-3,809-825-8525,maria.cruz.7525@email.do
7527,Alejandro Flores Jiménez,Cedula,001-1007526-4,809-826-8526,alejandro.flores.7526@email.do
7528,Patricia Morales Medina,Cedula,001-1007527-5,809-827-8527,patricia.morales.7527@email.do
7529,Yolanda Alvarez Martínez,Cedula,001-1007528-6,849-828-8528,yolanda.alvarez.7528@vimenca-demo.local
7530,Luis Peña Pérez,Cedula,001-1007529-7,809-829-8529,luis.peña.7529@vimenca-demo.local
7531,Pablo Torres Pérez,Cedula,001-1007530-8,829-830-8530,pablo.torres.7530@correo.com.do
7532,Ana Guerrero Sánchez,Cedula,001-1007531-9,829-831-8531,ana.guerrero.7531@cliente.test
7533,Miguel Flores Ortiz,Cedula,001-1007532-1,829-832-8532,miguel.flores.7532@vimenca-demo.local
7534,Paola Medina García,Cedula,001-1007533-2,849-833-8533,paola.medina.7533@correo.com.do
7535,Miguel Gutiérrez Flores,Cedula,001-1007534-3,849-834-8534,miguel.gutierrez.7534@email.do
7536,Patricia Ramírez Gómez,Cedula,001-1007535-4,829-835-8535,patricia.ramirez.7535@vimenca-demo.local
7537,Rosa Sánchez Sánchez,Cedula,001-1007536-5,849-836-8536,rosa.sanchez.7536@email.do
7538,Daniel Jiménez Morales,Cedula,001-1007537-6,849-837-8537,daniel.jimenez.7537@cliente.test
7539,Gabriela Medina Ortiz,Cedula,001-1007538-7,829-838-8538,gabriela.medina.7538@correo.com.do
7540,Sofía Rojas Jiménez,Cedula,001-1007539-8,809-839-8539,sofia.rojas.7539@correo.com.do
7541,María Morales Alvarez,Cedula,001-1007540-9,849-840-8540,maria.morales.7540@email.do
7542,Rosa Reyes Romero,Cedula,001-1007541-1,829-841-8541,rosa.reyes.7541@email.do
7543,Daniel García Rodríguez,Cedula,001-1007542-2,809-842-8542,daniel.garcia.7542@email.do
7544,Yolanda Hernández García,Cedula,001-1007543-3,849-843-8543,yolanda.hernandez.7543@correo.com.do
7545,Luis Morales Rivera,Cedula,001-1007544-4,829-844-8544,luis.morales.7544@cliente.test
7546,Miguel Rojas Guerrero,Cedula,001-1007545-5,829-845-8545,miguel.rojas.7545@vimenca-demo.local
7547,Manuel Reyes Gutiérrez,Cedula,001-1007546-6,809-846-8546,manuel.reyes.7546@cliente.test
7548,Daniel Gómez Flores,Cedula,001-1007547-7,849-847-8547,daniel.gomez.7547@correo.com.do
7549,Diana Sánchez Vargas,Cedula,001-1007548-8,809-848-8548,diana.sanchez.7548@email.do
7550,Fernando Jiménez Ortiz,Cedula,001-1007549-9,849-849-8549,fernando.jimenez.7549@email.do
7551,Luis Romero Morales,Cedula,001-1007550-1,829-850-8550,luis.romero.7550@cliente.test
7552,Elena Hernández Torres,Cedula,001-1007551-2,829-851-8551,elena.hernandez.7551@email.do
7553,Patricia Castillo Hernández,Cedula,001-1007552-3,849-852-8552,patricia.castillo.7552@cliente.test
7554,José Flores Gómez,Cedula,001-1007553-4,849-853-8553,jose.flores.7553@email.do
7555,Karina Rojas Sánchez,Cedula,001-1007554-5,809-854-8554,karina.rojas.7554@vimenca-demo.local
7556,Camila Ortiz Ruiz,Cedula,001-1007555-6,829-855-8555,camila.ortiz.7555@email.do
7557,Pablo Ramírez Torres,Cedula,001-1007556-7,809-856-8556,pablo.ramirez.7556@correo.com.do
7558,Sofía García Peña,Cedula,001-1007557-8,809-857-8557,sofia.garcia.7557@cliente.test
7559,Elena Gómez Torres,Cedula,001-1007558-9,809-858-8558,elena.gomez.7558@email.do
7560,Ana Torres Morales,Cedula,001-1007559-1,809-859-8559,ana.torres.7559@vimenca-demo.local
7561,Ana González Rivera,Cedula,001-1007560-2,829-860-8560,ana.gonzalez.7560@cliente.test
7562,José Vargas Hernández,Cedula,001-1007561-3,809-861-8561,jose.vargas.7561@vimenca-demo.local
7563,Pablo Sánchez Rodríguez,Cedula,001-1007562-4,809-862-8562,pablo.sanchez.7562@email.do
7564,Jorge Rodríguez Gómez,Cedula,001-1007563-5,829-863-8563,jorge.rodriguez.7563@correo.com.do
7565,Luis González Torres,Cedula,001-1007564-6,829-864-8564,luis.gonzalez.7564@email.do
7566,Rafael Guerrero García,Cedula,001-1007565-7,849-865-8565,rafael.guerrero.7565@cliente.test
7567,Pedro Díaz Díaz,Cedula,001-1007566-8,849-866-8566,pedro.diaz.7566@vimenca-demo.local
7568,Isabella Rodríguez Medina,Cedula,001-1007567-9,849-867-8567,isabella.rodriguez.7567@vimenca-demo.local
7569,Luis Flores González,Cedula,001-1007568-1,849-868-8568,luis.flores.7568@email.do
7570,Rosa Gómez Cruz,Cedula,001-1007569-2,809-869-8569,rosa.gomez.7569@vimenca-demo.local
7571,Pedro Hernández Jiménez,Cedula,001-1007570-3,829-870-8570,pedro.hernandez.7570@email.do
7572,Alejandro Rojas Martínez,Cedula,001-1007571-4,829-871-8571,alejandro.rojas.7571@email.do
7573,Patricia Gutiérrez Medina,Cedula,001-1007572-5,829-872-8572,patricia.gutierrez.7572@correo.com.do
7574,Lucía Martínez Hernández,Cedula,001-1007573-6,809-873-8573,lucia.martinez.7573@correo.com.do
7575,Jorge Cabrera García,Cedula,001-1007574-7,849-874-8574,jorge.cabrera.7574@vimenca-demo.local
7576,Patricia Romero Mendoza,Cedula,001-1007575-8,849-875-8575,patricia.romero.7575@vimenca-demo.local
7577,Valeria Peña Alvarez,Cedula,001-1007576-9,849-876-8576,valeria.peña.7576@correo.com.do
7578,Gabriela Pérez Gómez,Cedula,001-1007577-1,829-877-8577,gabriela.perez.7577@cliente.test
7579,Jorge Ortiz Pérez,Cedula,001-1007578-2,829-878-8578,jorge.ortiz.7578@cliente.test
7580,Patricia Sánchez Gutiérrez,Cedula,001-1007579-3,829-879-8579,patricia.sanchez.7579@email.do
7581,Héctor Torres García,Cedula,001-1007580-4,809-880-8580,hector.torres.7580@cliente.test
7582,Héctor González Rojas,Cedula,001-1007581-5,849-881-8581,hector.gonzalez.7581@correo.com.do
7583,Andrea Castillo Díaz,Cedula,001-1007582-6,809-882-8582,andrea.castillo.7582@cliente.test
7584,Daniel González García,Cedula,001-1007583-7,829-883-8583,daniel.gonzalez.7583@correo.com.do
7585,Óscar Martínez Gómez,Cedula,001-1007584-8,829-884-8584,oscar.martinez.7584@correo.com.do
7586,Manuel Rodríguez Gómez,Cedula,001-1007585-9,849-885-8585,manuel.rodriguez.7585@cliente.test
7587,Jorge Castillo Vargas,Cedula,001-1007586-1,849-886-8586,jorge.castillo.7586@cliente.test
7588,Iván Reyes Cabrera,Cedula,001-1007587-2,829-887-8587,ivan.reyes.7587@correo.com.do
7589,Carmen Castillo Ramírez,Cedula,001-1007588-3,809-888-8588,carmen.castillo.7588@cliente.test
7590,Camila Rodríguez Romero,Cedula,001-1007589-4,809-889-8589,camila.rodriguez.7589@correo.com.do
7591,Carlos Martínez Peña,Cedula,001-1007590-5,829-890-8590,carlos.martinez.7590@vimenca-demo.local
7592,Rafael Rojas Rodríguez,Cedula,001-1007591-6,849-891-8591,rafael.rojas.7591@email.do
7593,Manuel Ortiz Guerrero,Cedula,001-1007592-7,849-892-8592,manuel.ortiz.7592@correo.com.do
7594,Yolanda Ramírez Rodríguez,Cedula,001-1007593-8,829-893-8593,yolanda.ramirez.7593@vimenca-demo.local
7595,Andrés Cruz Torres,Cedula,001-1007594-9,829-894-8594,andres.cruz.7594@correo.com.do
7596,Camila Ortiz Mendoza,Cedula,001-1007595-1,809-895-8595,camila.ortiz.7595@vimenca-demo.local
7597,Lucía Guerrero Castillo,Cedula,001-1007596-2,829-896-8596,lucia.guerrero.7596@vimenca-demo.local
7598,Yolanda Rodríguez Díaz,Cedula,001-1007597-3,849-897-8597,yolanda.rodriguez.7597@correo.com.do
7599,Karina Cruz Gómez,Cedula,001-1007598-4,849-898-8598,karina.cruz.7598@cliente.test
7600,Andrea Alvarez Sánchez,Cedula,001-1007599-5,829-899-8599,andrea.alvarez.7599@cliente.test
7601,Ana Gutiérrez Rodríguez,Cedula,001-1007600-6,829-500-8600,ana.gutierrez.7600@correo.com.do
7602,Manuel Mendoza Ortiz,Cedula,001-1007601-7,809-501-8601,manuel.mendoza.7601@email.do
7603,Natalia Pérez Castillo,Cedula,001-1007602-8,829-502-8602,natalia.perez.7602@vimenca-demo.local
7604,Manuel Vargas Ramírez,Cedula,001-1007603-9,809-503-8603,manuel.vargas.7603@cliente.test
7605,Jorge Morales Rivera,Cedula,001-1007604-1,829-504-8604,jorge.morales.7604@correo.com.do
7606,Lucía Torres Romero,Cedula,001-1007605-2,849-505-8605,lucia.torres.7605@correo.com.do
7607,Patricia Rodríguez Alvarez,Cedula,001-1007606-3,849-506-8606,patricia.rodriguez.7606@cliente.test
7608,Iván Cabrera Gutiérrez,Cedula,001-1007607-4,809-507-8607,ivan.cabrera.7607@vimenca-demo.local
7609,Valeria Díaz Rivera,Cedula,001-1007608-5,829-508-8608,valeria.diaz.7608@email.do
7610,Pablo Cabrera Martínez,Cedula,001-1007609-6,829-509-8609,pablo.cabrera.7609@vimenca-demo.local
7611,Gabriela Flores Hernández,Cedula,001-1007610-7,829-510-8610,gabriela.flores.7610@correo.com.do
7612,Ricardo Gutiérrez Gutiérrez,Cedula,001-1007611-8,829-511-8611,ricardo.gutierrez.7611@cliente.test
7613,Alejandro Martínez Rojas,Cedula,001-1007612-9,829-512-8612,alejandro.martinez.7612@vimenca-demo.local
7614,Rafael Martínez Morales,Cedula,001-1007613-1,829-513-8613,rafael.martinez.7613@vimenca-demo.local
7615,Óscar Rodríguez Díaz,Cedula,001-1007614-2,829-514-8614,oscar.rodriguez.7614@vimenca-demo.local
7616,Laura Rivera Torres,Cedula,001-1007615-3,849-515-8615,laura.rivera.7615@correo.com.do
7617,Luis Peña Vargas,Cedula,001-1007616-4,809-516-8616,luis.peña.7616@cliente.test
7618,Karina Peña González,Cedula,001-1007617-5,849-517-8617,karina.peña.7617@correo.com.do
7619,Carlos González Díaz,Cedula,001-1007618-6,829-518-8618,carlos.gonzalez.7618@vimenca-demo.local
7620,David Alvarez Medina,Cedula,001-1007619-7,809-519-8619,david.alvarez.7619@email.do
7621,Gabriela Mendoza Ortiz,Cedula,001-1007620-8,809-520-8620,gabriela.mendoza.7620@cliente.test
7622,José Castillo Ramírez,Cedula,001-1007621-9,829-521-8621,jose.castillo.7621@correo.com.do
7623,Isabella Mendoza Ruiz,Cedula,001-1007622-1,809-522-8622,isabella.mendoza.7622@cliente.test
7624,Karina Medina Sánchez,Cedula,001-1007623-2,809-523-8623,karina.medina.7623@cliente.test
7625,Alejandro Rivera Ruiz,Cedula,001-1007624-3,849-524-8624,alejandro.rivera.7624@cliente.test
7626,Manuel García Rojas,Cedula,001-1007625-4,809-525-8625,manuel.garcia.7625@correo.com.do
7627,Valeria Castillo Rodríguez,Cedula,001-1007626-5,829-526-8626,valeria.castillo.7626@email.do
7628,Diana Gómez Gómez,Cedula,001-1007627-6,849-527-8627,diana.gomez.7627@correo.com.do
7629,Luis Gómez Rivera,Cedula,001-1007628-7,849-528-8628,luis.gomez.7628@correo.com.do
7630,Carlos Castillo Hernández,Cedula,001-1007629-8,849-529-8629,carlos.castillo.7629@email.do
7631,Isabella Cruz Vargas,Cedula,001-1007630-9,809-530-8630,isabella.cruz.7630@cliente.test
7632,Lucía Gutiérrez Ortiz,Cedula,001-1007631-1,829-531-8631,lucia.gutierrez.7631@email.do
7633,Ricardo Pérez Cruz,Cedula,001-1007632-2,809-532-8632,ricardo.perez.7632@email.do
7634,Carmen Medina Medina,Cedula,001-1007633-3,809-533-8633,carmen.medina.7633@vimenca-demo.local
7635,Lucía Torres Alvarez,Cedula,001-1007634-4,809-534-8634,lucia.torres.7634@correo.com.do
7636,José Hernández Martínez,Cedula,001-1007635-5,809-535-8635,jose.hernandez.7635@vimenca-demo.local
7637,Daniel Sánchez Jiménez,Cedula,001-1007636-6,849-536-8636,daniel.sanchez.7636@vimenca-demo.local
7638,Patricia García Ortiz,Cedula,001-1007637-7,809-537-8637,patricia.garcia.7637@vimenca-demo.local
7639,Iván Hernández Hernández,Cedula,001-1007638-8,829-538-8638,ivan.hernandez.7638@cliente.test
7640,Elena Morales Alvarez,Cedula,001-1007639-9,809-539-8639,elena.morales.7639@cliente.test
7641,Camila Jiménez Ortiz,Cedula,001-1007640-1,829-540-8640,camila.jimenez.7640@email.do
7642,Rafael Gutiérrez Jiménez,Cedula,001-1007641-2,809-541-8641,rafael.gutierrez.7641@cliente.test
7643,Manuel Gómez González,Cedula,001-1007642-3,829-542-8642,manuel.gomez.7642@cliente.test
7644,Fernando Rodríguez García,Cedula,001-1007643-4,809-543-8643,fernando.rodriguez.7643@email.do
7645,Sofía Rodríguez González,Cedula,001-1007644-5,829-544-8644,sofia.rodriguez.7644@email.do
7646,Carlos Díaz Cruz,Cedula,001-1007645-6,829-545-8645,carlos.diaz.7645@cliente.test
7647,Rafael Sánchez Díaz,Cedula,001-1007646-7,849-546-8646,rafael.sanchez.7646@correo.com.do
7648,Alejandro Gutiérrez Hernández,Cedula,001-1007647-8,829-547-8647,alejandro.gutierrez.7647@correo.com.do
7649,Rafael Peña Gutiérrez,Cedula,001-1007648-9,849-548-8648,rafael.peña.7648@email.do
7650,Juan Gómez Martínez,Cedula,001-1007649-1,829-549-8649,juan.gomez.7649@cliente.test
7651,Óscar Rodríguez Mendoza,Cedula,001-1007650-2,809-550-8650,oscar.rodriguez.7650@correo.com.do
7652,Laura Hernández González,Cedula,001-1007651-3,849-551-8651,laura.hernandez.7651@cliente.test
7653,Natalia Rivera Alvarez,Cedula,001-1007652-4,829-552-8652,natalia.rivera.7652@vimenca-demo.local
7654,Claudia Rodríguez Hernández,Cedula,001-1007653-5,809-553-8653,claudia.rodriguez.7653@cliente.test
7655,Héctor Martínez Gómez,Cedula,001-1007654-6,829-554-8654,hector.martinez.7654@email.do
7656,Fernando Jiménez Gómez,Cedula,001-1007655-7,829-555-8655,fernando.jimenez.7655@vimenca-demo.local
7657,Rosa González García,Cedula,001-1007656-8,809-556-8656,rosa.gonzalez.7656@email.do
7658,Valeria Mendoza Ruiz,Cedula,001-1007657-9,829-557-8657,valeria.mendoza.7657@email.do
7659,Andrea Ruiz Guerrero,Cedula,001-1007658-1,809-558-8658,andrea.ruiz.7658@cliente.test
7660,Miguel Torres Rojas,Cedula,001-1007659-2,809-559-8659,miguel.torres.7659@cliente.test
7661,Pablo Martínez Rivera,Cedula,001-1007660-3,809-560-8660,pablo.martinez.7660@vimenca-demo.local
7662,Patricia Martínez Guerrero,Cedula,001-1007661-4,849-561-8661,patricia.martinez.7661@correo.com.do
7663,Carlos Mendoza González,Cedula,001-1007662-5,849-562-8662,carlos.mendoza.7662@cliente.test
7664,Ricardo Vargas Hernández,Cedula,001-1007663-6,829-563-8663,ricardo.vargas.7663@correo.com.do
7665,Andrés Jiménez Alvarez,Cedula,001-1007664-7,849-564-8664,andres.jimenez.7664@email.do
7666,Paola Morales García,Cedula,001-1007665-8,809-565-8665,paola.morales.7665@cliente.test
7667,José Flores Reyes,Cedula,001-1007666-9,849-566-8666,jose.flores.7666@correo.com.do
7668,Paola Guerrero Romero,Cedula,001-1007667-1,809-567-8667,paola.guerrero.7667@correo.com.do
7669,Karina Medina Medina,Cedula,001-1007668-2,849-568-8668,karina.medina.7668@email.do
7670,Daniel Rojas Cruz,Cedula,001-1007669-3,829-569-8669,daniel.rojas.7669@email.do
7671,Isabella Morales Ruiz,Cedula,001-1007670-4,829-570-8670,isabella.morales.7670@email.do
7672,Miguel Rodríguez Torres,Cedula,001-1007671-5,809-571-8671,miguel.rodriguez.7671@vimenca-demo.local
7673,Elena Martínez Ramírez,Cedula,001-1007672-6,849-572-8672,elena.martinez.7672@correo.com.do
7674,Rafael Pérez Rojas,Cedula,001-1007673-7,829-573-8673,rafael.perez.7673@correo.com.do
7675,Juan Gómez Peña,Cedula,001-1007674-8,849-574-8674,juan.gomez.7674@correo.com.do
7676,Patricia Sánchez Gómez,Cedula,001-1007675-9,829-575-8675,patricia.sanchez.7675@correo.com.do
7677,Karina Castillo García,Cedula,001-1007676-1,829-576-8676,karina.castillo.7676@vimenca-demo.local
7678,Iván Rodríguez Gutiérrez,Cedula,001-1007677-2,829-577-8677,ivan.rodriguez.7677@vimenca-demo.local
7679,Juan Hernández Romero,Cedula,001-1007678-3,809-578-8678,juan.hernandez.7678@vimenca-demo.local
7680,Ricardo Reyes Pérez,Cedula,001-1007679-4,849-579-8679,ricardo.reyes.7679@vimenca-demo.local
7681,Camila Reyes Gutiérrez,Cedula,001-1007680-5,809-580-8680,camila.reyes.7680@email.do
7682,José Ramírez Pérez,Cedula,001-1007681-6,829-581-8681,jose.ramirez.7681@vimenca-demo.local
7683,Ricardo Flores Gómez,Cedula,001-1007682-7,809-582-8682,ricardo.flores.7682@cliente.test
7684,Manuel Reyes Gómez,Cedula,001-1007683-8,849-583-8683,manuel.reyes.7683@cliente.test
7685,Elena Medina Rodríguez,Cedula,001-1007684-9,849-584-8684,elena.medina.7684@cliente.test
7686,Elena García Torres,Cedula,001-1007685-1,829-585-8685,elena.garcia.7685@email.do
7687,Valeria Flores Jiménez,Cedula,001-1007686-2,809-586-8686,valeria.flores.7686@cliente.test
7688,Yolanda Torres Torres,Cedula,001-1007687-3,849-587-8687,yolanda.torres.7687@correo.com.do
7689,Patricia Cruz Romero,Cedula,001-1007688-4,809-588-8688,patricia.cruz.7688@vimenca-demo.local
7690,Ana Guerrero Vargas,Cedula,001-1007689-5,829-589-8689,ana.guerrero.7689@cliente.test
7691,Miguel García Guerrero,Cedula,001-1007690-6,809-590-8690,miguel.garcia.7690@cliente.test
7692,Patricia Sánchez Morales,Cedula,001-1007691-7,829-591-8691,patricia.sanchez.7691@cliente.test
7693,Patricia Martínez Mendoza,Cedula,001-1007692-8,829-592-8692,patricia.martinez.7692@correo.com.do
7694,Isabella Peña Cruz,Cedula,001-1007693-9,809-593-8693,isabella.peña.7693@email.do
7695,Carlos Martínez García,Cedula,001-1007694-1,849-594-8694,carlos.martinez.7694@cliente.test
7696,David Rivera Morales,Cedula,001-1007695-2,809-595-8695,david.rivera.7695@correo.com.do
7697,Daniel Torres Cruz,Cedula,001-1007696-3,829-596-8696,daniel.torres.7696@correo.com.do
7698,Diana García Rodríguez,Cedula,001-1007697-4,829-597-8697,diana.garcia.7697@vimenca-demo.local
7699,Diana Gutiérrez Cruz,Cedula,001-1007698-5,849-598-8698,diana.gutierrez.7698@cliente.test
7700,Rosa Cabrera Ruiz,Cedula,001-1007699-6,849-599-8699,rosa.cabrera.7699@cliente.test
7701,Karina Guerrero Gutiérrez,Cedula,001-1007700-7,849-600-8700,karina.guerrero.7700@vimenca-demo.local
7702,Valeria Gutiérrez Martínez,Cedula,001-1007701-8,809-601-8701,valeria.gutierrez.7701@cliente.test
7703,Sofía Cruz Medina,Cedula,001-1007702-9,809-602-8702,sofia.cruz.7702@correo.com.do
7704,Luis Peña Cabrera,Cedula,001-1007703-1,829-603-8703,luis.peña.7703@cliente.test
7705,Juan Alvarez Martínez,Cedula,001-1007704-2,829-604-8704,juan.alvarez.7704@cliente.test
7706,Patricia Vargas Ortiz,Cedula,001-1007705-3,849-605-8705,patricia.vargas.7705@vimenca-demo.local
7707,Rosa Jiménez Ramírez,Cedula,001-1007706-4,809-606-8706,rosa.jimenez.7706@email.do
7708,Iván Gutiérrez Pérez,Cedula,001-1007707-5,809-607-8707,ivan.gutierrez.7707@correo.com.do
7709,Iván Pérez Hernández,Cedula,001-1007708-6,809-608-8708,ivan.perez.7708@cliente.test
7710,Carlos Flores Jiménez,Cedula,001-1007709-7,809-609-8709,carlos.flores.7709@correo.com.do
7711,Pedro Flores Rivera,Cedula,001-1007710-8,809-610-8710,pedro.flores.7710@vimenca-demo.local
7712,Jorge Gómez Rojas,Cedula,001-1007711-9,829-611-8711,jorge.gomez.7711@cliente.test
7713,Elena Torres Torres,Cedula,001-1007712-1,849-612-8712,elena.torres.7712@email.do
7714,Lucía Rivera Castillo,Cedula,001-1007713-2,849-613-8713,lucia.rivera.7713@cliente.test
7715,David Díaz Sánchez,Cedula,001-1007714-3,849-614-8714,david.diaz.7714@email.do
7716,Rafael Ortiz Alvarez,Cedula,001-1007715-4,809-615-8715,rafael.ortiz.7715@correo.com.do
7717,Patricia Díaz Torres,Cedula,001-1007716-5,809-616-8716,patricia.diaz.7716@correo.com.do
7718,Rosa Jiménez Mendoza,Cedula,001-1007717-6,829-617-8717,rosa.jimenez.7717@email.do
7719,Fernando Díaz Ramírez,Cedula,001-1007718-7,849-618-8718,fernando.diaz.7718@cliente.test
7720,Andrés Romero Jiménez,Cedula,001-1007719-8,849-619-8719,andres.romero.7719@cliente.test
7721,Pablo Torres Pérez,Cedula,001-1007720-9,809-620-8720,pablo.torres.7720@cliente.test
7722,Paola Rojas Rivera,Cedula,001-1007721-1,849-621-8721,paola.rojas.7721@cliente.test
7723,Manuel Flores Gutiérrez,Cedula,001-1007722-2,849-622-8722,manuel.flores.7722@cliente.test
7724,Manuel Peña Peña,Cedula,001-1007723-3,849-623-8723,manuel.peña.7723@email.do
7725,Natalia Guerrero Díaz,Cedula,001-1007724-4,829-624-8724,natalia.guerrero.7724@cliente.test
7726,Sofía Guerrero Jiménez,Cedula,001-1007725-5,829-625-8725,sofia.guerrero.7725@email.do
7727,Ricardo Ruiz Reyes,Cedula,001-1007726-6,829-626-8726,ricardo.ruiz.7726@correo.com.do
7728,Pedro Peña Torres,Cedula,001-1007727-7,849-627-8727,pedro.peña.7727@vimenca-demo.local
7729,Carmen Medina Pérez,Cedula,001-1007728-8,849-628-8728,carmen.medina.7728@cliente.test
7730,Ricardo Reyes Peña,Cedula,001-1007729-9,829-629-8729,ricardo.reyes.7729@correo.com.do
7731,Juan Díaz Díaz,Cedula,001-1007730-1,829-630-8730,juan.diaz.7730@correo.com.do
7732,Patricia Guerrero Gómez,Cedula,001-1007731-2,849-631-8731,patricia.guerrero.7731@cliente.test
7733,Francisco Pérez Cabrera,Cedula,001-1007732-3,829-632-8732,francisco.perez.7732@correo.com.do
7734,Francisco Gómez García,Cedula,001-1007733-4,849-633-8733,francisco.gomez.7733@cliente.test
7735,Karina Ruiz Jiménez,Cedula,001-1007734-5,829-634-8734,karina.ruiz.7734@email.do
7736,Valeria Cruz Rivera,Cedula,001-1007735-6,809-635-8735,valeria.cruz.7735@cliente.test
7737,Karina Ruiz Mendoza,Cedula,001-1007736-7,809-636-8736,karina.ruiz.7736@cliente.test
7738,Rafael Rivera Castillo,Cedula,001-1007737-8,829-637-8737,rafael.rivera.7737@vimenca-demo.local
7739,Isabella García Rojas,Cedula,001-1007738-9,849-638-8738,isabella.garcia.7738@email.do
7740,Sofía Flores Castillo,Cedula,001-1007739-1,829-639-8739,sofia.flores.7739@email.do
7741,Rafael Romero Ruiz,Cedula,001-1007740-2,829-640-8740,rafael.romero.7740@cliente.test
7742,Karina González Díaz,Cedula,001-1007741-3,809-641-8741,karina.gonzalez.7741@vimenca-demo.local
7743,Yolanda Guerrero Rojas,Cedula,001-1007742-4,829-642-8742,yolanda.guerrero.7742@correo.com.do
7744,José Jiménez Peña,Cedula,001-1007743-5,829-643-8743,jose.jimenez.7743@email.do
7745,Luis García Rodríguez,Cedula,001-1007744-6,809-644-8744,luis.garcia.7744@correo.com.do
7746,Luis Martínez Guerrero,Cedula,001-1007745-7,829-645-8745,luis.martinez.7745@vimenca-demo.local
7747,Miguel Morales Martínez,Cedula,001-1007746-8,809-646-8746,miguel.morales.7746@cliente.test
7748,Natalia Flores Medina,Cedula,001-1007747-9,849-647-8747,natalia.flores.7747@vimenca-demo.local
7749,Claudia Vargas Gutiérrez,Cedula,001-1007748-1,809-648-8748,claudia.vargas.7748@correo.com.do
7750,Pedro Rojas Torres,Cedula,001-1007749-2,809-649-8749,pedro.rojas.7749@correo.com.do
7751,Natalia Gutiérrez González,Cedula,001-1007750-3,849-650-8750,natalia.gutierrez.7750@email.do
7752,Rosa Castillo Cruz,Cedula,001-1007751-4,849-651-8751,rosa.castillo.7751@correo.com.do
7753,Natalia Rojas Cruz,Cedula,001-1007752-5,809-652-8752,natalia.rojas.7752@cliente.test
7754,Carmen Castillo Peña,Cedula,001-1007753-6,809-653-8753,carmen.castillo.7753@email.do
7755,Luis Flores Castillo,Cedula,001-1007754-7,849-654-8754,luis.flores.7754@vimenca-demo.local
7756,Andrés Ortiz Castillo,Cedula,001-1007755-8,849-655-8755,andres.ortiz.7755@cliente.test
7757,Sofía Vargas Morales,Cedula,001-1007756-9,829-656-8756,sofia.vargas.7756@vimenca-demo.local
7758,Héctor Martínez Jiménez,Cedula,001-1007757-1,809-657-8757,hector.martinez.7757@email.do
7759,Miguel Alvarez Gutiérrez,Cedula,001-1007758-2,809-658-8758,miguel.alvarez.7758@email.do
7760,José Morales Ramírez,Cedula,001-1007759-3,849-659-8759,jose.morales.7759@correo.com.do
7761,Fernando Guerrero Rivera,Cedula,001-1007760-4,829-660-8760,fernando.guerrero.7760@correo.com.do
7762,Ricardo Martínez Vargas,Cedula,001-1007761-5,809-661-8761,ricardo.martinez.7761@email.do
7763,Manuel Ramírez Morales,Cedula,001-1007762-6,809-662-8762,manuel.ramirez.7762@vimenca-demo.local
7764,Óscar Jiménez Torres,Cedula,001-1007763-7,849-663-8763,oscar.jimenez.7763@cliente.test
7765,Carmen Gómez Peña,Cedula,001-1007764-8,829-664-8764,carmen.gomez.7764@correo.com.do
7766,Pablo Morales Flores,Cedula,001-1007765-9,809-665-8765,pablo.morales.7765@correo.com.do
7767,Manuel Torres Medina,Cedula,001-1007766-1,849-666-8766,manuel.torres.7766@correo.com.do
7768,Paola Romero Torres,Cedula,001-1007767-2,829-667-8767,paola.romero.7767@email.do
7769,Francisco Medina Cabrera,Cedula,001-1007768-3,849-668-8768,francisco.medina.7768@email.do
7770,Fernando Medina Reyes,Cedula,001-1007769-4,809-669-8769,fernando.medina.7769@correo.com.do
7771,Ricardo Cabrera Jiménez,Cedula,001-1007770-5,829-670-8770,ricardo.cabrera.7770@email.do
7772,Karina Flores Jiménez,Cedula,001-1007771-6,809-671-8771,karina.flores.7771@vimenca-demo.local
7773,Ana Gómez Sánchez,Cedula,001-1007772-7,829-672-8772,ana.gomez.7772@cliente.test
7774,Valeria Rivera Castillo,Cedula,001-1007773-8,809-673-8773,valeria.rivera.7773@vimenca-demo.local
7775,Óscar Alvarez Mendoza,Cedula,001-1007774-9,849-674-8774,oscar.alvarez.7774@cliente.test
7776,Andrés Rojas Cabrera,Cedula,001-1007775-1,809-675-8775,andres.rojas.7775@correo.com.do
7777,Rosa Medina Torres,Cedula,001-1007776-2,809-676-8776,rosa.medina.7776@email.do
7778,Óscar Flores García,Cedula,001-1007777-3,829-677-8777,oscar.flores.7777@correo.com.do
7779,Natalia Ortiz Ortiz,Cedula,001-1007778-4,829-678-8778,natalia.ortiz.7778@correo.com.do
7780,Daniel Mendoza Díaz,Cedula,001-1007779-5,849-679-8779,daniel.mendoza.7779@correo.com.do
7781,Ricardo Mendoza Cabrera,Cedula,001-1007780-6,829-680-8780,ricardo.mendoza.7780@email.do
7782,Lucía Ortiz Peña,Cedula,001-1007781-7,809-681-8781,lucia.ortiz.7781@correo.com.do
7783,Jorge Hernández Pérez,Cedula,001-1007782-8,809-682-8782,jorge.hernandez.7782@email.do
7784,Elena Cruz Torres,Cedula,001-1007783-9,809-683-8783,elena.cruz.7783@cliente.test
7785,Andrés Morales Sánchez,Cedula,001-1007784-1,829-684-8784,andres.morales.7784@cliente.test
7786,José Ramírez González,Cedula,001-1007785-2,829-685-8785,jose.ramirez.7785@email.do
7787,Camila Rivera Martínez,Cedula,001-1007786-3,809-686-8786,camila.rivera.7786@correo.com.do
7788,Claudia Gómez Díaz,Cedula,001-1007787-4,829-687-8787,claudia.gomez.7787@cliente.test
7789,Patricia Romero Reyes,Cedula,001-1007788-5,849-688-8788,patricia.romero.7788@email.do
7790,Jorge Ortiz Rojas,Cedula,001-1007789-6,829-689-8789,jorge.ortiz.7789@vimenca-demo.local
7791,Miguel Hernández Vargas,Cedula,001-1007790-7,829-690-8790,miguel.hernandez.7790@email.do
7792,Iván Flores Castillo,Cedula,001-1007791-8,809-691-8791,ivan.flores.7791@correo.com.do
7793,Miguel Ortiz Castillo,Cedula,001-1007792-9,829-692-8792,miguel.ortiz.7792@email.do
7794,Pablo García Ramírez,Cedula,001-1007793-1,809-693-8793,pablo.garcia.7793@cliente.test
7795,Jorge Cruz Vargas,Cedula,001-1007794-2,829-694-8794,jorge.cruz.7794@cliente.test
7796,Rafael Pérez Sánchez,Cedula,001-1007795-3,849-695-8795,rafael.perez.7795@vimenca-demo.local
7797,Diana Romero Rojas,Cedula,001-1007796-4,809-696-8796,diana.romero.7796@email.do
7798,Laura García Medina,Cedula,001-1007797-5,849-697-8797,laura.garcia.7797@correo.com.do
7799,Carlos Díaz Cruz,Cedula,001-1007798-6,809-698-8798,carlos.diaz.7798@email.do
7800,Camila Mendoza González,Cedula,001-1007799-7,849-699-8799,camila.mendoza.7799@email.do
7801,Valeria Vargas Ruiz,Cedula,001-1007800-8,849-700-8800,valeria.vargas.7800@email.do
7802,Pablo Torres Peña,Cedula,001-1007801-9,809-701-8801,pablo.torres.7801@email.do
7803,Carlos Cabrera Ortiz,Cedula,001-1007802-1,809-702-8802,carlos.cabrera.7802@email.do
7804,María Vargas Reyes,Cedula,001-1007803-2,849-703-8803,maria.vargas.7803@email.do
7805,Óscar Díaz Alvarez,Cedula,001-1007804-3,849-704-8804,oscar.diaz.7804@vimenca-demo.local
7806,Jorge González Sánchez,Cedula,001-1007805-4,829-705-8805,jorge.gonzalez.7805@correo.com.do
7807,Francisco García Martínez,Cedula,001-1007806-5,809-706-8806,francisco.garcia.7806@cliente.test
7808,Natalia Rivera González,Cedula,001-1007807-6,829-707-8807,natalia.rivera.7807@cliente.test
7809,Miguel Morales Castillo,Cedula,001-1007808-7,829-708-8808,miguel.morales.7808@email.do
7810,Claudia Mendoza Morales,Cedula,001-1007809-8,849-709-8809,claudia.mendoza.7809@email.do
7811,Fernando Gómez Martínez,Cedula,001-1007810-9,849-710-8810,fernando.gomez.7810@email.do
7812,Daniel Díaz Gómez,Cedula,001-1007811-1,849-711-8811,daniel.diaz.7811@correo.com.do
7813,José García Díaz,Cedula,001-1007812-2,809-712-8812,jose.garcia.7812@correo.com.do
7814,Camila Pérez Jiménez,Cedula,001-1007813-3,849-713-8813,camila.perez.7813@vimenca-demo.local
7815,Andrea Alvarez Flores,Cedula,001-1007814-4,809-714-8814,andrea.alvarez.7814@email.do
7816,Óscar Cabrera Sánchez,Cedula,001-1007815-5,849-715-8815,oscar.cabrera.7815@email.do
7817,Luis García Ramírez,Cedula,001-1007816-6,809-716-8816,luis.garcia.7816@cliente.test
7818,Iván González González,Cedula,001-1007817-7,829-717-8817,ivan.gonzalez.7817@email.do
7819,Carlos González Romero,Cedula,001-1007818-8,809-718-8818,carlos.gonzalez.7818@email.do
7820,Carmen Castillo Flores,Cedula,001-1007819-9,849-719-8819,carmen.castillo.7819@email.do
7821,Ramírez & Reyes SRL,RNC,1300007820,809-720-8820,elena.ramirez.7820@vimenca-demo.local
7822,Paola Pérez Morales,Cedula,001-1007821-2,849-721-8821,paola.perez.7821@email.do
7823,José Rojas Jiménez,Cedula,001-1007822-3,829-722-8822,jose.rojas.7822@correo.com.do
7824,Fernando Torres Pérez,Cedula,001-1007823-4,829-723-8823,fernando.torres.7823@cliente.test
7825,Claudia Cruz Guerrero,Cedula,001-1007824-5,849-724-8824,claudia.cruz.7824@cliente.test
7826,Rosa García Torres,Cedula,001-1007825-6,809-725-8825,rosa.garcia.7825@email.do
7827,Valeria Díaz Flores,Cedula,001-1007826-7,809-726-8826,valeria.diaz.7826@vimenca-demo.local
7828,José Cruz Pérez,Cedula,001-1007827-8,829-727-8827,jose.cruz.7827@cliente.test
7829,Valeria Hernández Reyes,Cedula,001-1007828-9,809-728-8828,valeria.hernandez.7828@correo.com.do
7830,Andrea Rivera Rivera,Cedula,001-1007829-1,849-729-8829,andrea.rivera.7829@vimenca-demo.local
7831,José Pérez Gómez,Cedula,001-1007830-2,829-730-8830,jose.perez.7830@correo.com.do
7832,Héctor Rivera González,Cedula,001-1007831-3,849-731-8831,hector.rivera.7831@cliente.test
7833,María Gutiérrez García,Cedula,001-1007832-4,829-732-8832,maria.gutierrez.7832@email.do
7834,Rafael Pérez Díaz,Cedula,001-1007833-5,829-733-8833,rafael.perez.7833@correo.com.do
7835,José Vargas Jiménez,Cedula,001-1007834-6,849-734-8834,jose.vargas.7834@cliente.test
7836,Paola Mendoza Morales,Cedula,001-1007835-7,849-735-8835,paola.mendoza.7835@correo.com.do
7837,Carmen Pérez Gómez,Cedula,001-1007836-8,849-736-8836,carmen.perez.7836@email.do
7838,David Díaz Sánchez,Cedula,001-1007837-9,849-737-8837,david.diaz.7837@email.do
7839,María González Castillo,Cedula,001-1007838-1,829-738-8838,maria.gonzalez.7838@correo.com.do
7840,Camila Guerrero Ruiz,Cedula,001-1007839-2,829-739-8839,camila.guerrero.7839@email.do
7841,Iván Vargas Rivera,Cedula,001-1007840-3,829-740-8840,ivan.vargas.7840@email.do
7842,Elena Romero Rodríguez,Cedula,001-1007841-4,829-741-8841,elena.romero.7841@vimenca-demo.local
7843,Fernando Sánchez Gómez,Cedula,001-1007842-5,849-742-8842,fernando.sanchez.7842@email.do
7844,Alejandro Rodríguez Alvarez,Cedula,001-1007843-6,809-743-8843,alejandro.rodriguez.7843@correo.com.do
7845,Andrés Peña Gómez,Cedula,001-1007844-7,829-744-8844,andres.peña.7844@email.do
7846,Daniel Gutiérrez Castillo,Cedula,001-1007845-8,809-745-8845,daniel.gutierrez.7845@cliente.test
7847,Pablo Reyes Mendoza,Cedula,001-1007846-9,829-746-8846,pablo.reyes.7846@email.do
7848,Carlos Torres Martínez,Cedula,001-1007847-1,829-747-8847,carlos.torres.7847@cliente.test
7849,Andrea Hernández García,Cedula,001-1007848-2,809-748-8848,andrea.hernandez.7848@email.do
7850,Valeria Peña Díaz,Cedula,001-1007849-3,849-749-8849,valeria.peña.7849@correo.com.do
7851,Karina Ortiz Pérez,Cedula,001-1007850-4,809-750-8850,karina.ortiz.7850@cliente.test
7852,Rosa Guerrero Cabrera,Cedula,001-1007851-5,809-751-8851,rosa.guerrero.7851@email.do
7853,Yolanda Cabrera Torres,Cedula,001-1007852-6,849-752-8852,yolanda.cabrera.7852@vimenca-demo.local
7854,David Mendoza Alvarez,Cedula,001-1007853-7,849-753-8853,david.mendoza.7853@vimenca-demo.local
7855,Alejandro Jiménez Cabrera,Cedula,001-1007854-8,809-754-8854,alejandro.jimenez.7854@email.do
7856,Daniel Romero Medina,Cedula,001-1007855-9,849-755-8855,daniel.romero.7855@vimenca-demo.local
7857,Héctor Reyes Gómez,Cedula,001-1007856-1,829-756-8856,hector.reyes.7856@cliente.test
7858,Yolanda Jiménez Rojas,Cedula,001-1007857-2,809-757-8857,yolanda.jimenez.7857@correo.com.do
7859,Carmen Medina Reyes,Cedula,001-1007858-3,809-758-8858,carmen.medina.7858@email.do
7860,Rosa Alvarez Gómez,Cedula,001-1007859-4,829-759-8859,rosa.alvarez.7859@cliente.test
7861,Manuel Reyes Rojas,Cedula,001-1007860-5,829-760-8860,manuel.reyes.7860@vimenca-demo.local
7862,Rafael Martínez Cruz,Cedula,001-1007861-6,849-761-8861,rafael.martinez.7861@correo.com.do
7863,Paola Cabrera Rojas,Cedula,001-1007862-7,849-762-8862,paola.cabrera.7862@vimenca-demo.local
7864,Paola Reyes Peña,Cedula,001-1007863-8,809-763-8863,paola.reyes.7863@correo.com.do
7865,Jorge Castillo Peña,Cedula,001-1007864-9,809-764-8864,jorge.castillo.7864@email.do
7866,Andrés Alvarez Ramírez,Cedula,001-1007865-1,829-765-8865,andres.alvarez.7865@email.do
7867,Lucía Jiménez Alvarez,Cedula,001-1007866-2,809-766-8866,lucia.jimenez.7866@cliente.test
7868,Juan Peña Gutiérrez,Cedula,001-1007867-3,829-767-8867,juan.peña.7867@email.do
7869,Pablo Morales Castillo,Cedula,001-1007868-4,809-768-8868,pablo.morales.7868@correo.com.do
7870,Camila Vargas Hernández,Cedula,001-1007869-5,809-769-8869,camila.vargas.7869@email.do
7871,Isabella Flores Cruz,Cedula,001-1007870-6,849-770-8870,isabella.flores.7870@correo.com.do
7872,Andrés Romero Torres,Cedula,001-1007871-7,849-771-8871,andres.romero.7871@cliente.test
7873,Yolanda González Reyes,Cedula,001-1007872-8,849-772-8872,yolanda.gonzalez.7872@correo.com.do
7874,David Mendoza Cruz,Cedula,001-1007873-9,809-773-8873,david.mendoza.7873@correo.com.do
7875,Laura Gutiérrez Castillo,Cedula,001-1007874-1,849-774-8874,laura.gutierrez.7874@cliente.test
7876,Andrea Cabrera Gutiérrez,Cedula,001-1007875-2,809-775-8875,andrea.cabrera.7875@vimenca-demo.local
7877,Camila Díaz Romero,Cedula,001-1007876-3,849-776-8876,camila.diaz.7876@cliente.test
7878,Rafael Ruiz Alvarez,Cedula,001-1007877-4,809-777-8877,rafael.ruiz.7877@vimenca-demo.local
7879,Paola Reyes Cruz,Cedula,001-1007878-5,809-778-8878,paola.reyes.7878@email.do
7880,Paola García Vargas,Cedula,001-1007879-6,829-779-8879,paola.garcia.7879@correo.com.do
7881,Sofía Ortiz Hernández,Cedula,001-1007880-7,849-780-8880,sofia.ortiz.7880@vimenca-demo.local
7882,Karina Jiménez Rojas,Cedula,001-1007881-8,829-781-8881,karina.jimenez.7881@vimenca-demo.local
7883,Daniel Reyes Castillo,Cedula,001-1007882-9,829-782-8882,daniel.reyes.7882@vimenca-demo.local
7884,Elena Pérez Rojas,Cedula,001-1007883-1,829-783-8883,elena.perez.7883@correo.com.do
7885,Fernando Hernández Cabrera,Cedula,001-1007884-2,849-784-8884,fernando.hernandez.7884@email.do
7886,Óscar González Cruz,Cedula,001-1007885-3,829-785-8885,oscar.gonzalez.7885@vimenca-demo.local
7887,Patricia Rivera Alvarez,Cedula,001-1007886-4,829-786-8886,patricia.rivera.7886@cliente.test
7888,Paola Pérez Mendoza,Cedula,001-1007887-5,809-787-8887,paola.perez.7887@cliente.test
7889,Valeria Torres Gómez,Cedula,001-1007888-6,849-788-8888,valeria.torres.7888@email.do
7890,Lucía Gómez Vargas,Cedula,001-1007889-7,829-789-8889,lucia.gomez.7889@correo.com.do
7891,Yolanda Mendoza Medina,Cedula,001-1007890-8,829-790-8890,yolanda.mendoza.7890@cliente.test
7892,Camila Rojas Gómez,Cedula,001-1007891-9,849-791-8891,camila.rojas.7891@cliente.test
7893,Patricia Peña Castillo,Cedula,001-1007892-1,829-792-8892,patricia.peña.7892@cliente.test
7894,Héctor Castillo Medina,Cedula,001-1007893-2,829-793-8893,hector.castillo.7893@correo.com.do
7895,Gabriela Gutiérrez Rivera,Cedula,001-1007894-3,829-794-8894,gabriela.gutierrez.7894@email.do
7896,Carlos Ortiz Guerrero,Cedula,001-1007895-4,809-795-8895,carlos.ortiz.7895@email.do
7897,Iván Vargas Castillo,Cedula,001-1007896-5,849-796-8896,ivan.vargas.7896@correo.com.do
7898,Pablo Reyes Cruz,Cedula,001-1007897-6,849-797-8897,pablo.reyes.7897@correo.com.do
7899,Carmen Gómez Castillo,Cedula,001-1007898-7,849-798-8898,carmen.gomez.7898@correo.com.do
7900,Juan Ortiz Gutiérrez,Cedula,001-1007899-8,829-799-8899,juan.ortiz.7899@email.do
7901,Karina Sánchez González,Cedula,001-1007900-9,809-800-8900,karina.sanchez.7900@email.do
7902,Camila Gómez Rivera,Cedula,001-1007901-1,809-801-8901,camila.gomez.7901@correo.com.do
7903,Carmen Morales Hernández,Cedula,001-1007902-2,809-802-8902,carmen.morales.7902@vimenca-demo.local
7904,Natalia Gómez Castillo,Cedula,001-1007903-3,849-803-8903,natalia.gomez.7903@correo.com.do
7905,Ana Torres Martínez,Cedula,001-1007904-4,849-804-8904,ana.torres.7904@email.do
7906,Fernando Gómez Ramírez,Cedula,001-1007905-5,829-805-8905,fernando.gomez.7905@email.do
7907,Sofía Gómez Mendoza,Cedula,001-1007906-6,809-806-8906,sofia.gomez.7906@vimenca-demo.local
7908,Diana Jiménez Reyes,Cedula,001-1007907-7,829-807-8907,diana.jimenez.7907@email.do
7909,Yolanda Mendoza Rodríguez,Cedula,001-1007908-8,809-808-8908,yolanda.mendoza.7908@email.do
7910,Francisco Torres Flores,Cedula,001-1007909-9,829-809-8909,francisco.torres.7909@cliente.test
7911,Miguel Rivera Morales,Cedula,001-1007910-1,809-810-8910,miguel.rivera.7910@vimenca-demo.local
7912,Karina Torres Mendoza,Cedula,001-1007911-2,829-811-8911,karina.torres.7911@vimenca-demo.local
7913,Alejandro Díaz Mendoza,Cedula,001-1007912-3,809-812-8912,alejandro.diaz.7912@cliente.test
7914,Manuel Rodríguez Rodríguez,Cedula,001-1007913-4,809-813-8913,manuel.rodriguez.7913@cliente.test
7915,Gabriela Flores Martínez,Cedula,001-1007914-5,829-814-8914,gabriela.flores.7914@email.do
7916,Rosa Flores Peña,Cedula,001-1007915-6,849-815-8915,rosa.flores.7915@vimenca-demo.local
7917,Elena Medina Ortiz,Cedula,001-1007916-7,809-816-8916,elena.medina.7916@cliente.test
7918,María Pérez Ruiz,Cedula,001-1007917-8,849-817-8917,maria.perez.7917@email.do
7919,Yolanda Martínez Vargas,Cedula,001-1007918-9,829-818-8918,yolanda.martinez.7918@email.do
7920,Juan Guerrero Morales,Cedula,001-1007919-1,809-819-8919,juan.guerrero.7919@vimenca-demo.local
7921,Iván Romero Cruz,Cedula,001-1007920-2,809-820-8920,ivan.romero.7920@correo.com.do
7922,María Rojas González,Cedula,001-1007921-3,849-821-8921,maria.rojas.7921@email.do
7923,José Díaz Cruz,Cedula,001-1007922-4,829-822-8922,jose.diaz.7922@vimenca-demo.local
7924,Héctor Ruiz Mendoza,Cedula,001-1007923-5,809-823-8923,hector.ruiz.7923@vimenca-demo.local
7925,Juan Peña Flores,Cedula,001-1007924-6,829-824-8924,juan.peña.7924@vimenca-demo.local
7926,Daniel Medina Gómez,Cedula,001-1007925-7,809-825-8925,daniel.medina.7925@vimenca-demo.local
7927,Francisco Morales Ramírez,Cedula,001-1007926-8,829-826-8926,francisco.morales.7926@vimenca-demo.local
7928,Juan Ortiz Ortiz,Cedula,001-1007927-9,849-827-8927,juan.ortiz.7927@cliente.test
7929,Yolanda Medina Castillo,Cedula,001-1007928-1,809-828-8928,yolanda.medina.7928@vimenca-demo.local
7930,Patricia Vargas González,Cedula,001-1007929-2,829-829-8929,patricia.vargas.7929@cliente.test
7931,Carmen Hernández Romero,Cedula,001-1007930-3,829-830-8930,carmen.hernandez.7930@correo.com.do
7932,Héctor Rodríguez García,Cedula,001-1007931-4,849-831-8931,hector.rodriguez.7931@email.do
7933,Sofía Cruz Hernández,Cedula,001-1007932-5,849-832-8932,sofia.cruz.7932@cliente.test
7934,Manuel Morales Cabrera,Cedula,001-1007933-6,809-833-8933,manuel.morales.7933@correo.com.do
7935,Ana González Rodríguez,Cedula,001-1007934-7,829-834-8934,ana.gonzalez.7934@cliente.test
7936,David Castillo García,Cedula,001-1007935-8,809-835-8935,david.castillo.7935@cliente.test
7937,Pablo Alvarez Jiménez,Cedula,001-1007936-9,829-836-8936,pablo.alvarez.7936@correo.com.do
7938,Pablo García Peña,Cedula,001-1007937-1,829-837-8937,pablo.garcia.7937@correo.com.do
7939,Rafael Sánchez Rodríguez,Cedula,001-1007938-2,809-838-8938,rafael.sanchez.7938@correo.com.do
7940,Karina Rojas Ramírez,Cedula,001-1007939-3,829-839-8939,karina.rojas.7939@vimenca-demo.local
7941,Claudia Rodríguez Reyes,Cedula,001-1007940-4,849-840-8940,claudia.rodriguez.7940@cliente.test
7942,Gabriela Cabrera Sánchez,Cedula,001-1007941-5,829-841-8941,gabriela.cabrera.7941@correo.com.do
7943,Ana Romero Martínez,Cedula,001-1007942-6,849-842-8942,ana.romero.7942@email.do
7944,Sofía Alvarez Castillo,Cedula,001-1007943-7,849-843-8943,sofia.alvarez.7943@email.do
7945,Miguel Romero Jiménez,Cedula,001-1007944-8,849-844-8944,miguel.romero.7944@email.do
7946,Ricardo Medina Vargas,Cedula,001-1007945-9,809-845-8945,ricardo.medina.7945@email.do
7947,Juan Rojas Gómez,Cedula,001-1007946-1,809-846-8946,juan.rojas.7946@email.do
7948,Gabriela Martínez Sánchez,Cedula,001-1007947-2,829-847-8947,gabriela.martinez.7947@email.do
7949,Carlos Rojas Rodríguez,Cedula,001-1007948-3,809-848-8948,carlos.rojas.7948@email.do
7950,Camila Torres Vargas,Cedula,001-1007949-4,829-849-8949,camila.torres.7949@cliente.test
7951,Elena Sánchez Reyes,Cedula,001-1007950-5,829-850-8950,elena.sanchez.7950@correo.com.do
7952,Diana Jiménez Ruiz,Cedula,001-1007951-6,829-851-8951,diana.jimenez.7951@vimenca-demo.local
7953,Andrea Ruiz Cabrera,Cedula,001-1007952-7,809-852-8952,andrea.ruiz.7952@cliente.test
7954,Natalia Peña González,Cedula,001-1007953-8,829-853-8953,natalia.peña.7953@correo.com.do
7955,Carmen González Sánchez,Cedula,001-1007954-9,809-854-8954,carmen.gonzalez.7954@correo.com.do
7956,María Morales Hernández,Cedula,001-1007955-1,829-855-8955,maria.morales.7955@correo.com.do
7957,Valeria Morales Mendoza,Cedula,001-1007956-2,829-856-8956,valeria.morales.7956@cliente.test
7958,Camila Hernández Gómez,Cedula,001-1007957-3,849-857-8957,camila.hernandez.7957@email.do
7959,Elena Ortiz Morales,Cedula,001-1007958-4,849-858-8958,elena.ortiz.7958@correo.com.do
7960,Héctor Guerrero Mendoza,Cedula,001-1007959-5,849-859-8959,hector.guerrero.7959@correo.com.do
7961,Óscar Cabrera Guerrero,Cedula,001-1007960-6,829-860-8960,oscar.cabrera.7960@vimenca-demo.local
7962,Manuel Mendoza Vargas,Cedula,001-1007961-7,829-861-8961,manuel.mendoza.7961@vimenca-demo.local
7963,Ana Díaz Reyes,Cedula,001-1007962-8,829-862-8962,ana.diaz.7962@email.do
7964,Natalia Reyes Mendoza,Cedula,001-1007963-9,829-863-8963,natalia.reyes.7963@vimenca-demo.local
7965,Isabella Ruiz Cabrera,Cedula,001-1007964-1,809-864-8964,isabella.ruiz.7964@vimenca-demo.local
7966,Iván García Medina,Cedula,001-1007965-2,829-865-8965,ivan.garcia.7965@vimenca-demo.local
7967,Daniel Ortiz Reyes,Cedula,001-1007966-3,809-866-8966,daniel.ortiz.7966@cliente.test
7968,Óscar Martínez González,Cedula,001-1007967-4,809-867-8967,oscar.martinez.7967@cliente.test
7969,Andrea Rivera González,Cedula,001-1007968-5,849-868-8968,andrea.rivera.7968@cliente.test
7970,Luis Medina Jiménez,Cedula,001-1007969-6,849-869-8969,luis.medina.7969@email.do
7971,Manuel Cabrera Cruz,Cedula,001-1007970-7,849-870-8970,manuel.cabrera.7970@correo.com.do
7972,Ricardo Flores Pérez,Cedula,001-1007971-8,809-871-8971,ricardo.flores.7971@cliente.test
7973,Juan Gómez Ramírez,Cedula,001-1007972-9,809-872-8972,juan.gomez.7972@cliente.test
7974,Lucía Morales Rodríguez,Cedula,001-1007973-1,829-873-8973,lucia.morales.7973@vimenca-demo.local
7975,Fernando Ruiz Gutiérrez,Cedula,001-1007974-2,809-874-8974,fernando.ruiz.7974@correo.com.do
7976,Miguel Mendoza Guerrero,Cedula,001-1007975-3,829-875-8975,miguel.mendoza.7975@cliente.test
7977,Rosa Ortiz Rojas,Cedula,001-1007976-4,849-876-8976,rosa.ortiz.7976@vimenca-demo.local
7978,Miguel González Reyes,Cedula,001-1007977-5,809-877-8977,miguel.gonzalez.7977@email.do
7979,Ana Alvarez Alvarez,Cedula,001-1007978-6,809-878-8978,ana.alvarez.7978@vimenca-demo.local
7980,Natalia Castillo Díaz,Cedula,001-1007979-7,829-879-8979,natalia.castillo.7979@email.do
7981,Elena Martínez Guerrero,Cedula,001-1007980-8,809-880-8980,elena.martinez.7980@cliente.test
7982,Pedro Hernández Jiménez,Cedula,001-1007981-9,849-881-8981,pedro.hernandez.7981@correo.com.do
7983,Natalia Castillo Flores,Cedula,001-1007982-1,849-882-8982,natalia.castillo.7982@correo.com.do
7984,Iván García Peña,Cedula,001-1007983-2,829-883-8983,ivan.garcia.7983@correo.com.do
7985,Juan Mendoza Gutiérrez,Cedula,001-1007984-3,829-884-8984,juan.mendoza.7984@cliente.test
7986,Rafael Díaz Sánchez,Cedula,001-1007985-4,829-885-8985,rafael.diaz.7985@correo.com.do
7987,Pablo Vargas Pérez,Cedula,001-1007986-5,829-886-8986,pablo.vargas.7986@correo.com.do
7988,Diana Rodríguez Rivera,Cedula,001-1007987-6,809-887-8987,diana.rodriguez.7987@email.do
7989,Óscar Ruiz Hernández,Cedula,001-1007988-7,849-888-8988,oscar.ruiz.7988@vimenca-demo.local
7990,Iván Jiménez Cruz,Cedula,001-1007989-8,849-889-8989,ivan.jimenez.7989@cliente.test
7991,Manuel Vargas Peña,Cedula,001-1007990-9,829-890-8990,manuel.vargas.7990@vimenca-demo.local
7992,Pedro Castillo Rodríguez,Cedula,001-1007991-1,809-891-8991,pedro.castillo.7991@vimenca-demo.local
7993,Pedro Rodríguez Peña,Cedula,001-1007992-2,809-892-8992,pedro.rodriguez.7992@correo.com.do
7994,Gabriela Rodríguez Guerrero,Cedula,001-1007993-3,829-893-8993,gabriela.rodriguez.7993@correo.com.do
7995,Natalia Romero Díaz,Cedula,001-1007994-4,849-894-8994,natalia.romero.7994@correo.com.do
7996,Ana García Díaz,Cedula,001-1007995-5,809-895-8995,ana.garcia.7995@correo.com.do
7997,Jorge Castillo Rivera,Cedula,001-1007996-6,809-896-8996,jorge.castillo.7996@cliente.test
7998,Patricia Mendoza Castillo,Cedula,001-1007997-7,809-897-8997,patricia.mendoza.7997@email.do
7999,Pedro García Castillo,Cedula,001-1007998-8,849-898-8998,pedro.garcia.7998@email.do
8000,Gabriela Díaz Cabrera,Cedula,001-1007999-9,829-899-8999,gabriela.diaz.7999@cliente.test
8001,Pablo Castillo Mendoza,Cedula,001-1008000-1,849-500-9000,pablo.castillo.8000@vimenca-demo.local
8002,Patricia Rojas Jiménez,Cedula,001-1008001-2,829-501-9001,patricia.rojas.8001@cliente.test
8003,Yolanda Rojas Romero,Cedula,001-1008002-3,849-502-9002,yolanda.rojas.8002@cliente.test
8004,Rosa Flores Guerrero,Cedula,001-1008003-4,829-503-9003,rosa.flores.8003@email.do
8005,Manuel Cruz Castillo,Cedula,001-1008004-5,849-504-9004,manuel.cruz.8004@vimenca-demo.local
8006,María Rodríguez Rivera,Cedula,001-1008005-6,829-505-9005,maria.rodriguez.8005@correo.com.do
8007,Diana Pérez Díaz,Cedula,001-1008006-7,829-506-9006,diana.perez.8006@email.do
8008,Diana Rodríguez Medina,Cedula,001-1008007-8,809-507-9007,diana.rodriguez.8007@vimenca-demo.local
8009,Carmen Torres Reyes,Cedula,001-1008008-9,829-508-9008,carmen.torres.8008@email.do
8010,Óscar Medina Alvarez,Cedula,001-1008009-1,849-509-9009,oscar.medina.8009@cliente.test
8011,Paola Alvarez Medina,Cedula,001-1008010-2,829-510-9010,paola.alvarez.8010@cliente.test
8012,Andrea Pérez Romero,Cedula,001-1008011-3,809-511-9011,andrea.perez.8011@cliente.test
8013,Lucía Gómez Gómez,Cedula,001-1008012-4,809-512-9012,lucia.gomez.8012@cliente.test
8014,Pablo Rivera Jiménez,Cedula,001-1008013-5,829-513-9013,pablo.rivera.8013@correo.com.do
8015,Lucía Rivera Jiménez,Cedula,001-1008014-6,849-514-9014,lucia.rivera.8014@cliente.test
8016,Camila Martínez Flores,Cedula,001-1008015-7,849-515-9015,camila.martinez.8015@vimenca-demo.local
8017,Claudia Rodríguez Gutiérrez,Cedula,001-1008016-8,809-516-9016,claudia.rodriguez.8016@correo.com.do
8018,David Gutiérrez Cruz,Cedula,001-1008017-9,829-517-9017,david.gutierrez.8017@email.do
8019,Carlos Castillo Díaz,Cedula,001-1008018-1,829-518-9018,carlos.castillo.8018@cliente.test
8020,Valeria Gómez García,Cedula,001-1008019-2,809-519-9019,valeria.gomez.8019@cliente.test
8021,Ana Flores Díaz,Cedula,001-1008020-3,829-520-9020,ana.flores.8020@email.do
8022,Manuel Reyes Romero,Cedula,001-1008021-4,809-521-9021,manuel.reyes.8021@correo.com.do
8023,Andrés Martínez Mendoza,Cedula,001-1008022-5,849-522-9022,andres.martinez.8022@correo.com.do
8024,Lucía Díaz Medina,Cedula,001-1008023-6,849-523-9023,lucia.diaz.8023@correo.com.do
8025,Valeria Morales Castillo,Cedula,001-1008024-7,849-524-9024,valeria.morales.8024@cliente.test
8026,Claudia Ruiz Castillo,Cedula,001-1008025-8,849-525-9025,claudia.ruiz.8025@vimenca-demo.local
8027,Patricia Guerrero Sánchez,Cedula,001-1008026-9,809-526-9026,patricia.guerrero.8026@correo.com.do
8028,Jorge Guerrero Hernández,Cedula,001-1008027-1,809-527-9027,jorge.guerrero.8027@cliente.test
8029,Camila Castillo Ramírez,Cedula,001-1008028-2,849-528-9028,camila.castillo.8028@correo.com.do
8030,Pablo Romero Mendoza,Cedula,001-1008029-3,849-529-9029,pablo.romero.8029@email.do
8031,Elena Mendoza Peña,Cedula,001-1008030-4,809-530-9030,elena.mendoza.8030@correo.com.do
8032,Manuel González Castillo,Cedula,001-1008031-5,829-531-9031,manuel.gonzalez.8031@cliente.test
8033,Manuel Díaz Jiménez,Cedula,001-1008032-6,849-532-9032,manuel.diaz.8032@cliente.test
8034,Francisco García Gómez,Cedula,001-1008033-7,829-533-9033,francisco.garcia.8033@vimenca-demo.local
8035,Andrea Guerrero Sánchez,Cedula,001-1008034-8,849-534-9034,andrea.guerrero.8034@cliente.test
8036,Rafael Mendoza Jiménez,Cedula,001-1008035-9,809-535-9035,rafael.mendoza.8035@email.do
8037,Diana Ortiz Castillo,Cedula,001-1008036-1,849-536-9036,diana.ortiz.8036@vimenca-demo.local
8038,Andrea Flores Reyes,Cedula,001-1008037-2,829-537-9037,andrea.flores.8037@vimenca-demo.local
8039,Juan Rivera Sánchez,Cedula,001-1008038-3,829-538-9038,juan.rivera.8038@email.do
8040,Rafael Ortiz Romero,Cedula,001-1008039-4,849-539-9039,rafael.ortiz.8039@vimenca-demo.local
8041,Gabriela Medina Cabrera,Cedula,001-1008040-5,809-540-9040,gabriela.medina.8040@email.do
8042,Valeria Morales Martínez,Cedula,001-1008041-6,809-541-9041,valeria.morales.8041@cliente.test
8043,Isabella Gómez Ruiz,Cedula,001-1008042-7,829-542-9042,isabella.gomez.8042@correo.com.do
8044,Jorge Medina González,Cedula,001-1008043-8,829-543-9043,jorge.medina.8043@email.do
8045,Iván Rojas Guerrero,Cedula,001-1008044-9,849-544-9044,ivan.rojas.8044@cliente.test
8046,Camila Gutiérrez Vargas,Cedula,001-1008045-1,849-545-9045,camila.gutierrez.8045@cliente.test
8047,Andrea Gutiérrez Reyes,Cedula,001-1008046-2,829-546-9046,andrea.gutierrez.8046@cliente.test
8048,Diana Flores Gómez,Cedula,001-1008047-3,829-547-9047,diana.flores.8047@vimenca-demo.local
8049,Diana Martínez Torres,Cedula,001-1008048-4,809-548-9048,diana.martinez.8048@vimenca-demo.local
8050,Andrés Peña Jiménez,Cedula,001-1008049-5,849-549-9049,andres.peña.8049@email.do
8051,Karina Mendoza Ramírez,Cedula,001-1008050-6,809-550-9050,karina.mendoza.8050@cliente.test
8052,David Jiménez Morales,Cedula,001-1008051-7,849-551-9051,david.jimenez.8051@email.do
8053,Pablo Gómez Castillo,Cedula,001-1008052-8,849-552-9052,pablo.gomez.8052@correo.com.do
8054,Karina Ramírez Flores,Cedula,001-1008053-9,809-553-9053,karina.ramirez.8053@cliente.test
8055,Lucía Jiménez García,Cedula,001-1008054-1,809-554-9054,lucia.jimenez.8054@correo.com.do
8056,Elena Guerrero Gutiérrez,Cedula,001-1008055-2,829-555-9055,elena.guerrero.8055@vimenca-demo.local
8057,Gabriela Jiménez Torres,Cedula,001-1008056-3,849-556-9056,gabriela.jimenez.8056@cliente.test
8058,Jorge Morales Pérez,Cedula,001-1008057-4,829-557-9057,jorge.morales.8057@correo.com.do
8059,Héctor Ruiz Medina,Cedula,001-1008058-5,809-558-9058,hector.ruiz.8058@cliente.test
8060,Francisco Mendoza Peña,Cedula,001-1008059-6,809-559-9059,francisco.mendoza.8059@email.do
8061,Pablo García Castillo,Cedula,001-1008060-7,829-560-9060,pablo.garcia.8060@cliente.test
8062,Claudia Flores Gutiérrez,Cedula,001-1008061-8,829-561-9061,claudia.flores.8061@correo.com.do
8063,Patricia Pérez Cruz,Cedula,001-1008062-9,809-562-9062,patricia.perez.8062@correo.com.do
8064,Francisco Reyes Vargas,Cedula,001-1008063-1,809-563-9063,francisco.reyes.8063@vimenca-demo.local
8065,Sofía Rodríguez Ramírez,Cedula,001-1008064-2,849-564-9064,sofia.rodriguez.8064@cliente.test
8066,Ana Medina Cabrera,Cedula,001-1008065-3,809-565-9065,ana.medina.8065@cliente.test
8067,Andrea Morales Vargas,Cedula,001-1008066-4,829-566-9066,andrea.morales.8066@email.do
8068,Rosa Reyes Rojas,Cedula,001-1008067-5,829-567-9067,rosa.reyes.8067@vimenca-demo.local
8069,Carmen Rojas Martínez,Cedula,001-1008068-6,809-568-9068,carmen.rojas.8068@correo.com.do
8070,Miguel Ramírez Ruiz,Cedula,001-1008069-7,829-569-9069,miguel.ramirez.8069@correo.com.do
8071,Andrea Rojas Sánchez,Cedula,001-1008070-8,849-570-9070,andrea.rojas.8070@cliente.test
8072,Luis Cabrera Cruz,Cedula,001-1008071-9,809-571-9071,luis.cabrera.8071@cliente.test
8073,Daniel Mendoza Cabrera,Cedula,001-1008072-1,829-572-9072,daniel.mendoza.8072@vimenca-demo.local
8074,Claudia Rojas Gutiérrez,Cedula,001-1008073-2,849-573-9073,claudia.rojas.8073@vimenca-demo.local
8075,Fernando Cruz Torres,Cedula,001-1008074-3,829-574-9074,fernando.cruz.8074@vimenca-demo.local
8076,Daniel Mendoza Guerrero,Cedula,001-1008075-4,809-575-9075,daniel.mendoza.8075@vimenca-demo.local
8077,Lucía Peña García,Cedula,001-1008076-5,849-576-9076,lucia.peña.8076@email.do
8078,Natalia Castillo Gutiérrez,Cedula,001-1008077-6,829-577-9077,natalia.castillo.8077@email.do
8079,Francisco Martínez Sánchez,Cedula,001-1008078-7,829-578-9078,francisco.martinez.8078@cliente.test
8080,Karina Rodríguez Peña,Cedula,001-1008079-8,849-579-9079,karina.rodriguez.8079@vimenca-demo.local
8081,Elena Cruz Hernández,Cedula,001-1008080-9,809-580-9080,elena.cruz.8080@vimenca-demo.local
8082,Andrea Gutiérrez Cabrera,Cedula,001-1008081-1,849-581-9081,andrea.gutierrez.8081@email.do
8083,Andrea Rivera Reyes,Cedula,001-1008082-2,829-582-9082,andrea.rivera.8082@correo.com.do
8084,Manuel Rodríguez Torres,Cedula,001-1008083-3,849-583-9083,manuel.rodriguez.8083@correo.com.do
8085,Patricia Guerrero Castillo,Cedula,001-1008084-4,849-584-9084,patricia.guerrero.8084@email.do
8086,Andrea Ruiz Rojas,Cedula,001-1008085-5,809-585-9085,andrea.ruiz.8085@cliente.test
8087,María Ramírez Romero,Cedula,001-1008086-6,809-586-9086,maria.ramirez.8086@email.do
8088,Laura Rojas Morales,Cedula,001-1008087-7,849-587-9087,laura.rojas.8087@cliente.test
8089,Óscar Rivera González,Cedula,001-1008088-8,849-588-9088,oscar.rivera.8088@cliente.test
8090,Gabriela Ruiz Cruz,Cedula,001-1008089-9,829-589-9089,gabriela.ruiz.8089@email.do
8091,Andrea Mendoza Castillo,Cedula,001-1008090-1,809-590-9090,andrea.mendoza.8090@vimenca-demo.local
8092,Gabriela González Gutiérrez,Cedula,001-1008091-2,849-591-9091,gabriela.gonzalez.8091@cliente.test
8093,Ricardo García Romero,Cedula,001-1008092-3,809-592-9092,ricardo.garcia.8092@email.do
8094,Juan Gutiérrez Peña,Cedula,001-1008093-4,829-593-9093,juan.gutierrez.8093@cliente.test
8095,Natalia Torres Guerrero,Cedula,001-1008094-5,829-594-9094,natalia.torres.8094@vimenca-demo.local
8096,Pedro Romero García,Cedula,001-1008095-6,809-595-9095,pedro.romero.8095@cliente.test
8097,Andrea Torres Guerrero,Cedula,001-1008096-7,829-596-9096,andrea.torres.8096@email.do
8098,Jorge Guerrero Rojas,Cedula,001-1008097-8,829-597-9097,jorge.guerrero.8097@vimenca-demo.local
8099,Sofía Gómez Cabrera,Cedula,001-1008098-9,809-598-9098,sofia.gomez.8098@cliente.test
8100,Carmen Vargas González,Cedula,001-1008099-1,829-599-9099,carmen.vargas.8099@cliente.test
8101,Carlos Rodríguez Flores,Cedula,001-1008100-2,809-600-9100,carlos.rodriguez.8100@vimenca-demo.local
8102,David Gutiérrez Díaz,Cedula,001-1008101-3,809-601-9101,david.gutierrez.8101@cliente.test
8103,Luis González Alvarez,Cedula,001-1008102-4,809-602-9102,luis.gonzalez.8102@cliente.test
8104,Francisco Sánchez Ruiz,Cedula,001-1008103-5,829-603-9103,francisco.sanchez.8103@vimenca-demo.local
8105,José Rivera Mendoza,Cedula,001-1008104-6,829-604-9104,jose.rivera.8104@email.do
8106,Carlos Alvarez Romero,Cedula,001-1008105-7,829-605-9105,carlos.alvarez.8105@email.do
8107,David Gómez Rivera,Cedula,001-1008106-8,849-606-9106,david.gomez.8106@cliente.test
8108,Yolanda Romero Medina,Cedula,001-1008107-9,849-607-9107,yolanda.romero.8107@email.do
8109,Iván Cabrera Peña,Cedula,001-1008108-1,849-608-9108,ivan.cabrera.8108@cliente.test
8110,Carlos Rivera Pérez,Cedula,001-1008109-2,829-609-9109,carlos.rivera.8109@correo.com.do
8111,Gabriela Ruiz Ruiz,Cedula,001-1008110-3,829-610-9110,gabriela.ruiz.8110@correo.com.do
8112,Karina Morales Vargas,Cedula,001-1008111-4,829-611-9111,karina.morales.8111@vimenca-demo.local
8113,Pablo Torres Gutiérrez,Cedula,001-1008112-5,829-612-9112,pablo.torres.8112@cliente.test
8114,Ricardo Jiménez García,Cedula,001-1008113-6,829-613-9113,ricardo.jimenez.8113@vimenca-demo.local
8115,Camila Castillo Peña,Cedula,001-1008114-7,849-614-9114,camila.castillo.8114@vimenca-demo.local
8116,Óscar Ortiz Romero,Cedula,001-1008115-8,809-615-9115,oscar.ortiz.8115@email.do
8117,Ana Mendoza Sánchez,Cedula,001-1008116-9,849-616-9116,ana.mendoza.8116@correo.com.do
8118,María Rivera Ruiz,Cedula,001-1008117-1,829-617-9117,maria.rivera.8117@vimenca-demo.local
8119,Andrea Reyes Peña,Cedula,001-1008118-2,809-618-9118,andrea.reyes.8118@cliente.test
8120,Juan Castillo Rojas,Cedula,001-1008119-3,809-619-9119,juan.castillo.8119@cliente.test
8121,Sofía Castillo Jiménez,Cedula,001-1008120-4,829-620-9120,sofia.castillo.8120@vimenca-demo.local
8122,Karina Guerrero Hernández,Cedula,001-1008121-5,809-621-9121,karina.guerrero.8121@vimenca-demo.local
8123,Héctor Flores Rodríguez,Cedula,001-1008122-6,829-622-9122,hector.flores.8122@cliente.test
8124,José Vargas Ruiz,Cedula,001-1008123-7,809-623-9123,jose.vargas.8123@vimenca-demo.local
8125,Luis Martínez González,Cedula,001-1008124-8,809-624-9124,luis.martinez.8124@correo.com.do
8126,Sofía Hernández Gutiérrez,Cedula,001-1008125-9,849-625-9125,sofia.hernandez.8125@correo.com.do
8127,Andrés Torres Romero,Cedula,001-1008126-1,809-626-9126,andres.torres.8126@cliente.test
8128,Ricardo González Ruiz,Cedula,001-1008127-2,809-627-9127,ricardo.gonzalez.8127@email.do
8129,Jorge Morales Ruiz,Cedula,001-1008128-3,829-628-9128,jorge.morales.8128@correo.com.do
8130,Natalia Alvarez Martínez,Cedula,001-1008129-4,849-629-9129,natalia.alvarez.8129@correo.com.do
8131,José Pérez Díaz,Cedula,001-1008130-5,809-630-9130,jose.perez.8130@email.do
8132,Pablo Flores Guerrero,Cedula,001-1008131-6,829-631-9131,pablo.flores.8131@email.do
8133,Fernando Reyes García,Cedula,001-1008132-7,849-632-9132,fernando.reyes.8132@email.do
8134,Iván Ortiz Sánchez,Cedula,001-1008133-8,809-633-9133,ivan.ortiz.8133@cliente.test
8135,Daniel Peña Cruz,Cedula,001-1008134-9,849-634-9134,daniel.peña.8134@vimenca-demo.local
8136,Óscar Castillo Jiménez,Cedula,001-1008135-1,829-635-9135,oscar.castillo.8135@vimenca-demo.local
8137,Karina Castillo Cabrera,Cedula,001-1008136-2,829-636-9136,karina.castillo.8136@vimenca-demo.local
8138,Isabella Gómez Hernández,Cedula,001-1008137-3,849-637-9137,isabella.gomez.8137@vimenca-demo.local
8139,Paola Díaz Díaz,Cedula,001-1008138-4,829-638-9138,paola.diaz.8138@correo.com.do
8140,Daniel Cabrera Vargas,Cedula,001-1008139-5,849-639-9139,daniel.cabrera.8139@email.do
8141,Ricardo González Hernández,Cedula,001-1008140-6,829-640-9140,ricardo.gonzalez.8140@correo.com.do
8142,Andrés Rivera Gutiérrez,Cedula,001-1008141-7,829-641-9141,andres.rivera.8141@vimenca-demo.local
8143,Miguel Ruiz Torres,Cedula,001-1008142-8,809-642-9142,miguel.ruiz.8142@vimenca-demo.local
8144,Daniel González Romero,Cedula,001-1008143-9,809-643-9143,daniel.gonzalez.8143@vimenca-demo.local
8145,Luis Reyes Cabrera,Cedula,001-1008144-1,809-644-9144,luis.reyes.8144@email.do
8146,Fernando Vargas Gómez,Cedula,001-1008145-2,809-645-9145,fernando.vargas.8145@correo.com.do
8147,Claudia Vargas Mendoza,Cedula,001-1008146-3,809-646-9146,claudia.vargas.8146@email.do
8148,Rosa Guerrero Peña,Cedula,001-1008147-4,829-647-9147,rosa.guerrero.8147@vimenca-demo.local
8149,Diana Mendoza Rivera,Cedula,001-1008148-5,809-648-9148,diana.mendoza.8148@vimenca-demo.local
8150,Luis Medina Ramírez,Cedula,001-1008149-6,849-649-9149,luis.medina.8149@correo.com.do
8151,Francisco Ortiz Vargas,Cedula,001-1008150-7,849-650-9150,francisco.ortiz.8150@cliente.test
8152,Valeria Reyes Ramírez,Cedula,001-1008151-8,849-651-9151,valeria.reyes.8151@correo.com.do
8153,Natalia González Rivera,Cedula,001-1008152-9,809-652-9152,natalia.gonzalez.8152@correo.com.do
8154,Alejandro Castillo Rojas,Cedula,001-1008153-1,809-653-9153,alejandro.castillo.8153@email.do
8155,Pedro Medina Sánchez,Cedula,001-1008154-2,829-654-9154,pedro.medina.8154@vimenca-demo.local
8156,Juan Romero Mendoza,Cedula,001-1008155-3,849-655-9155,juan.romero.8155@email.do
8157,Carmen Alvarez Morales,Cedula,001-1008156-4,829-656-9156,carmen.alvarez.8156@email.do
8158,José Hernández Flores,Cedula,001-1008157-5,809-657-9157,jose.hernandez.8157@correo.com.do
8159,Pedro Guerrero Ruiz,Cedula,001-1008158-6,829-658-9158,pedro.guerrero.8158@correo.com.do
8160,María Díaz Ortiz,Cedula,001-1008159-7,849-659-9159,maria.diaz.8159@vimenca-demo.local
8161,Paola Rodríguez Mendoza,Cedula,001-1008160-8,829-660-9160,paola.rodriguez.8160@correo.com.do
8162,Gabriela Jiménez Peña,Cedula,001-1008161-9,809-661-9161,gabriela.jimenez.8161@vimenca-demo.local
8163,Francisco Medina Peña,Cedula,001-1008162-1,809-662-9162,francisco.medina.8162@email.do
8164,Daniel Rivera Morales,Cedula,001-1008163-2,809-663-9163,daniel.rivera.8163@correo.com.do
8165,Natalia Cabrera Jiménez,Cedula,001-1008164-3,809-664-9164,natalia.cabrera.8164@correo.com.do
8166,Laura Medina Rivera,Cedula,001-1008165-4,829-665-9165,laura.medina.8165@email.do
8167,Camila Mendoza Díaz,Cedula,001-1008166-5,809-666-9166,camila.mendoza.8166@cliente.test
8168,Carmen Ramírez Jiménez,Cedula,001-1008167-6,849-667-9167,carmen.ramirez.8167@cliente.test
8169,Ana Cabrera Reyes,Cedula,001-1008168-7,849-668-9168,ana.cabrera.8168@cliente.test
8170,Héctor Martínez Sánchez,Cedula,001-1008169-8,809-669-9169,hector.martinez.8169@cliente.test
8171,Diana Guerrero González,Cedula,001-1008170-9,809-670-9170,diana.guerrero.8170@correo.com.do
8172,Manuel García Alvarez,Cedula,001-1008171-1,849-671-9171,manuel.garcia.8171@email.do
8173,Pedro Cabrera Mendoza,Cedula,001-1008172-2,849-672-9172,pedro.cabrera.8172@email.do
8174,Pedro Torres Rodríguez,Cedula,001-1008173-3,829-673-9173,pedro.torres.8173@correo.com.do
8175,Karina Rojas Rivera,Cedula,001-1008174-4,809-674-9174,karina.rojas.8174@correo.com.do
8176,Claudia Gutiérrez Jiménez,Cedula,001-1008175-5,849-675-9175,claudia.gutierrez.8175@correo.com.do
8177,Andrea Vargas Gutiérrez,Cedula,001-1008176-6,849-676-9176,andrea.vargas.8176@correo.com.do
8178,Ricardo Castillo Morales,Cedula,001-1008177-7,829-677-9177,ricardo.castillo.8177@vimenca-demo.local
8179,María Ramírez Pérez,Cedula,001-1008178-8,849-678-9178,maria.ramirez.8178@correo.com.do
8180,Paola Rojas Hernández,Cedula,001-1008179-9,849-679-9179,paola.rojas.8179@correo.com.do
8181,Manuel Martínez Castillo,Cedula,001-1008180-1,809-680-9180,manuel.martinez.8180@email.do
8182,Daniel Cruz Ruiz,Cedula,001-1008181-2,809-681-9181,daniel.cruz.8181@email.do
8183,Iván González Torres,Cedula,001-1008182-3,849-682-9182,ivan.gonzalez.8182@cliente.test
8184,Fernando Ortiz Rodríguez,Cedula,001-1008183-4,849-683-9183,fernando.ortiz.8183@vimenca-demo.local
8185,Miguel Peña Ortiz,Cedula,001-1008184-5,809-684-9184,miguel.peña.8184@correo.com.do
8186,Laura Mendoza Ruiz,Cedula,001-1008185-6,849-685-9185,laura.mendoza.8185@correo.com.do
8187,Andrés Cabrera Gutiérrez,Cedula,001-1008186-7,829-686-9186,andres.cabrera.8186@cliente.test
8188,Carlos Gómez Guerrero,Cedula,001-1008187-8,809-687-9187,carlos.gomez.8187@correo.com.do
8189,Sofía Romero Ramírez,Cedula,001-1008188-9,809-688-9188,sofia.romero.8188@email.do
8190,Sofía Flores Medina,Cedula,001-1008189-1,849-689-9189,sofia.flores.8189@vimenca-demo.local
8191,Alejandro Morales García,Cedula,001-1008190-2,809-690-9190,alejandro.morales.8190@cliente.test
8192,Valeria Cabrera Gutiérrez,Cedula,001-1008191-3,829-691-9191,valeria.cabrera.8191@cliente.test
8193,Jorge Rodríguez Guerrero,Cedula,001-1008192-4,829-692-9192,jorge.rodriguez.8192@cliente.test
8194,Jorge Alvarez Mendoza,Cedula,001-1008193-5,829-693-9193,jorge.alvarez.8193@email.do
8195,Pablo González Torres,Cedula,001-1008194-6,829-694-9194,pablo.gonzalez.8194@correo.com.do
8196,Laura Pérez Cruz,Cedula,001-1008195-7,809-695-9195,laura.perez.8195@correo.com.do
8197,Isabella Vargas Gutiérrez,Cedula,001-1008196-8,809-696-9196,isabella.vargas.8196@correo.com.do
8198,Luis Gómez Alvarez,Cedula,001-1008197-9,809-697-9197,luis.gomez.8197@cliente.test
8199,Carmen Alvarez Rojas,Cedula,001-1008198-1,809-698-9198,carmen.alvarez.8198@cliente.test
8200,Luis Morales Cruz,Cedula,001-1008199-2,809-699-9199,luis.morales.8199@cliente.test
8201,Juan Díaz Jiménez,Cedula,001-1008200-3,829-700-9200,juan.diaz.8200@vimenca-demo.local
8202,Yolanda Rojas Guerrero,Cedula,001-1008201-4,829-701-9201,yolanda.rojas.8201@cliente.test
8203,Yolanda Torres Rojas,Cedula,001-1008202-5,809-702-9202,yolanda.torres.8202@email.do
8204,Laura Mendoza Reyes,Cedula,001-1008203-6,809-703-9203,laura.mendoza.8203@correo.com.do
8205,Isabella Pérez Romero,Cedula,001-1008204-7,849-704-9204,isabella.perez.8204@vimenca-demo.local
8206,Juan Medina García,Cedula,001-1008205-8,809-705-9205,juan.medina.8205@cliente.test
8207,Elena Vargas Rodríguez,Cedula,001-1008206-9,809-706-9206,elena.vargas.8206@cliente.test
8208,Sofía Sánchez Ramírez,Cedula,001-1008207-1,809-707-9207,sofia.sanchez.8207@vimenca-demo.local
8209,José Medina Alvarez,Cedula,001-1008208-2,829-708-9208,jose.medina.8208@cliente.test
8210,Andrea Alvarez Ortiz,Cedula,001-1008209-3,829-709-9209,andrea.alvarez.8209@vimenca-demo.local
8211,Andrea Mendoza Gutiérrez,Cedula,001-1008210-4,849-710-9210,andrea.mendoza.8210@email.do
8212,Torres & Reyes SRL,RNC,1300008211,849-711-9211,maria.torres.8211@vimenca-demo.local
8213,Juan Guerrero Hernández,Cedula,001-1008212-6,809-712-9212,juan.guerrero.8212@cliente.test
8214,Manuel Gutiérrez Rojas,Cedula,001-1008213-7,849-713-9213,manuel.gutierrez.8213@vimenca-demo.local
8215,Manuel Castillo Díaz,Cedula,001-1008214-8,849-714-9214,manuel.castillo.8214@vimenca-demo.local
8216,Elena Díaz Gómez,Cedula,001-1008215-9,809-715-9215,elena.diaz.8215@correo.com.do
8217,Claudia Alvarez Pérez,Cedula,001-1008216-1,809-716-9216,claudia.alvarez.8216@cliente.test
8218,Laura Peña Rivera,Cedula,001-1008217-2,809-717-9217,laura.peña.8217@email.do
8219,Óscar Ortiz Ruiz,Cedula,001-1008218-3,849-718-9218,oscar.ortiz.8218@email.do
8220,Isabella Ramírez Cruz,Cedula,001-1008219-4,809-719-9219,isabella.ramirez.8219@email.do
8221,Sofía Ruiz García,Cedula,001-1008220-5,829-720-9220,sofia.ruiz.8220@correo.com.do
8222,Sofía Morales Flores,Cedula,001-1008221-6,829-721-9221,sofia.morales.8221@cliente.test
8223,Lucía Rivera Morales,Cedula,001-1008222-7,829-722-9222,lucia.rivera.8222@cliente.test
8224,Lucía Morales Romero,Cedula,001-1008223-8,849-723-9223,lucia.morales.8223@cliente.test
8225,Elena Pérez Cruz,Cedula,001-1008224-9,829-724-9224,elena.perez.8224@email.do
8226,Pedro González Rodríguez,Cedula,001-1008225-1,809-725-9225,pedro.gonzalez.8225@cliente.test
8227,Rafael Reyes Gómez,Cedula,001-1008226-2,809-726-9226,rafael.reyes.8226@vimenca-demo.local
8228,Paola Reyes Ortiz,Cedula,001-1008227-3,809-727-9227,paola.reyes.8227@cliente.test
8229,Andrés Flores Díaz,Cedula,001-1008228-4,809-728-9228,andres.flores.8228@vimenca-demo.local
8230,Camila Pérez Pérez,Cedula,001-1008229-5,829-729-9229,camila.perez.8229@vimenca-demo.local
8231,Pedro Díaz Reyes,Cedula,001-1008230-6,849-730-9230,pedro.diaz.8230@email.do
8232,Andrés Mendoza Rivera,Cedula,001-1008231-7,849-731-9231,andres.mendoza.8231@email.do
8233,Ricardo Cabrera Martínez,Cedula,001-1008232-8,829-732-9232,ricardo.cabrera.8232@correo.com.do
8234,Andrea Cruz Pérez,Cedula,001-1008233-9,829-733-9233,andrea.cruz.8233@correo.com.do
8235,Ricardo Peña García,Cedula,001-1008234-1,829-734-9234,ricardo.peña.8234@email.do
8236,Miguel Martínez Gutiérrez,Cedula,001-1008235-2,829-735-9235,miguel.martinez.8235@email.do
8237,José Medina Gómez,Cedula,001-1008236-3,829-736-9236,jose.medina.8236@vimenca-demo.local
8238,Elena Cruz Díaz,Cedula,001-1008237-4,809-737-9237,elena.cruz.8237@vimenca-demo.local
8239,Fernando Gutiérrez Torres,Cedula,001-1008238-5,849-738-9238,fernando.gutierrez.8238@cliente.test
8240,Valeria Peña Rojas,Cedula,001-1008239-6,829-739-9239,valeria.peña.8239@email.do
8241,Iván Martínez Flores,Cedula,001-1008240-7,809-740-9240,ivan.martinez.8240@correo.com.do
8242,Diana Cabrera Medina,Cedula,001-1008241-8,849-741-9241,diana.cabrera.8241@vimenca-demo.local
8243,Daniel Flores Gómez,Cedula,001-1008242-9,849-742-9242,daniel.flores.8242@vimenca-demo.local
8244,Héctor Medina Morales,Cedula,001-1008243-1,809-743-9243,hector.medina.8243@correo.com.do
8245,Patricia García Rojas,Cedula,001-1008244-2,809-744-9244,patricia.garcia.8244@correo.com.do
8246,Yolanda Morales Vargas,Cedula,001-1008245-3,809-745-9245,yolanda.morales.8245@email.do
8247,Isabella Alvarez González,Cedula,001-1008246-4,849-746-9246,isabella.alvarez.8246@email.do
8248,Ricardo Medina Hernández,Cedula,001-1008247-5,829-747-9247,ricardo.medina.8247@cliente.test
8249,Francisco Mendoza Pérez,Cedula,001-1008248-6,849-748-9248,francisco.mendoza.8248@cliente.test
8250,Laura Cruz Medina,Cedula,001-1008249-7,849-749-9249,laura.cruz.8249@email.do
8251,Alejandro Castillo Medina,Cedula,001-1008250-8,849-750-9250,alejandro.castillo.8250@correo.com.do
8252,Daniel Guerrero Castillo,Cedula,001-1008251-9,809-751-9251,daniel.guerrero.8251@cliente.test
8253,Karina Ramírez Flores,Cedula,001-1008252-1,849-752-9252,karina.ramirez.8252@correo.com.do
8254,Yolanda Hernández Martínez,Cedula,001-1008253-2,849-753-9253,yolanda.hernandez.8253@cliente.test
8255,Alejandro Rodríguez Ruiz,Cedula,001-1008254-3,809-754-9254,alejandro.rodriguez.8254@correo.com.do
8256,Carmen Morales Medina,Cedula,001-1008255-4,809-755-9255,carmen.morales.8255@vimenca-demo.local
8257,Sofía Flores Guerrero,Cedula,001-1008256-5,849-756-9256,sofia.flores.8256@vimenca-demo.local
8258,Elena Ramírez Rojas,Cedula,001-1008257-6,829-757-9257,elena.ramirez.8257@cliente.test
8259,Carlos García Mendoza,Cedula,001-1008258-7,809-758-9258,carlos.garcia.8258@cliente.test
8260,Isabella Peña Hernández,Cedula,001-1008259-8,849-759-9259,isabella.peña.8259@vimenca-demo.local
8261,Paola Gómez Cabrera,Cedula,001-1008260-9,829-760-9260,paola.gomez.8260@correo.com.do
8262,Ana Jiménez Díaz,Cedula,001-1008261-1,829-761-9261,ana.jimenez.8261@vimenca-demo.local
8263,Claudia Romero Cruz,Cedula,001-1008262-2,849-762-9262,claudia.romero.8262@cliente.test
8264,David Rivera González,Cedula,001-1008263-3,849-763-9263,david.rivera.8263@correo.com.do
8265,Gabriela Guerrero Mendoza,Cedula,001-1008264-4,829-764-9264,gabriela.guerrero.8264@vimenca-demo.local
8266,Francisco Ortiz Gómez,Cedula,001-1008265-5,849-765-9265,francisco.ortiz.8265@email.do
8267,Juan García Pérez,Cedula,001-1008266-6,849-766-9266,juan.garcia.8266@cliente.test
8268,Miguel Vargas Reyes,Cedula,001-1008267-7,829-767-9267,miguel.vargas.8267@email.do
8269,Rosa Reyes Hernández,Cedula,001-1008268-8,849-768-9268,rosa.reyes.8268@vimenca-demo.local
8270,Daniel Hernández Sánchez,Cedula,001-1008269-9,829-769-9269,daniel.hernandez.8269@email.do
8271,Andrés Guerrero Morales,Cedula,001-1008270-1,849-770-9270,andres.guerrero.8270@email.do
8272,Patricia Guerrero Sánchez,Cedula,001-1008271-2,829-771-9271,patricia.guerrero.8271@cliente.test
8273,Camila Jiménez Ortiz,Cedula,001-1008272-3,849-772-9272,camila.jimenez.8272@correo.com.do
8274,Carlos Rodríguez Martínez,Cedula,001-1008273-4,809-773-9273,carlos.rodriguez.8273@cliente.test
8275,Pablo Ruiz Pérez,Cedula,001-1008274-5,849-774-9274,pablo.ruiz.8274@email.do
8276,Claudia Rivera Vargas,Cedula,001-1008275-6,829-775-9275,claudia.rivera.8275@vimenca-demo.local
8277,Fernando Martínez Romero,Cedula,001-1008276-7,809-776-9276,fernando.martinez.8276@email.do
8278,Elena Rojas Alvarez,Cedula,001-1008277-8,849-777-9277,elena.rojas.8277@vimenca-demo.local
8279,Diana Martínez Mendoza,Cedula,001-1008278-9,809-778-9278,diana.martinez.8278@vimenca-demo.local
8280,Sofía Gómez Mendoza,Cedula,001-1008279-1,809-779-9279,sofia.gomez.8279@vimenca-demo.local
8281,Andrea Ramírez Vargas,Cedula,001-1008280-2,829-780-9280,andrea.ramirez.8280@email.do
8282,María Castillo Ruiz,Cedula,001-1008281-3,849-781-9281,maria.castillo.8281@cliente.test
8283,Jorge Rojas Cruz,Cedula,001-1008282-4,849-782-9282,jorge.rojas.8282@cliente.test
8284,Natalia Pérez Castillo,Cedula,001-1008283-5,809-783-9283,natalia.perez.8283@email.do
8285,Francisco Morales Cabrera,Cedula,001-1008284-6,829-784-9284,francisco.morales.8284@vimenca-demo.local
8286,Elena Vargas Reyes,Cedula,001-1008285-7,809-785-9285,elena.vargas.8285@cliente.test
8287,Pedro Gómez Gutiérrez,Cedula,001-1008286-8,849-786-9286,pedro.gomez.8286@email.do
8288,Miguel Guerrero Gutiérrez,Cedula,001-1008287-9,809-787-9287,miguel.guerrero.8287@cliente.test
8289,Lucía Medina Jiménez,Cedula,001-1008288-1,809-788-9288,lucia.medina.8288@vimenca-demo.local
8290,Juan Ortiz Romero,Cedula,001-1008289-2,809-789-9289,juan.ortiz.8289@correo.com.do
8291,Héctor Pérez Martínez,Cedula,001-1008290-3,829-790-9290,hector.perez.8290@vimenca-demo.local
8292,Valeria Flores Cruz,Cedula,001-1008291-4,809-791-9291,valeria.flores.8291@correo.com.do
8293,Karina Rojas Gutiérrez,Cedula,001-1008292-5,809-792-9292,karina.rojas.8292@email.do
8294,Paola Reyes Díaz,Cedula,001-1008293-6,809-793-9293,paola.reyes.8293@vimenca-demo.local
8295,Rosa Rojas Peña,Cedula,001-1008294-7,809-794-9294,rosa.rojas.8294@cliente.test
8296,Lucía Peña Ruiz,Cedula,001-1008295-8,849-795-9295,lucia.peña.8295@vimenca-demo.local
8297,Ana Torres Ortiz,Cedula,001-1008296-9,829-796-9296,ana.torres.8296@cliente.test
8298,Natalia Castillo Guerrero,Cedula,001-1008297-1,829-797-9297,natalia.castillo.8297@cliente.test
8299,Juan Rodríguez Ortiz,Cedula,001-1008298-2,849-798-9298,juan.rodriguez.8298@correo.com.do
8300,Manuel Gómez Torres,Cedula,001-1008299-3,829-799-9299,manuel.gomez.8299@email.do
8301,Rafael Sánchez Martínez,Cedula,001-1008300-4,849-800-9300,rafael.sanchez.8300@correo.com.do
8302,María Alvarez Sánchez,Cedula,001-1008301-5,829-801-9301,maria.alvarez.8301@cliente.test
8303,Paola Hernández Rodríguez,Cedula,001-1008302-6,849-802-9302,paola.hernandez.8302@cliente.test
8304,Fernando Morales Romero,Cedula,001-1008303-7,809-803-9303,fernando.morales.8303@correo.com.do
8305,Andrea Morales Díaz,Cedula,001-1008304-8,849-804-9304,andrea.morales.8304@email.do
8306,Laura Guerrero Hernández,Cedula,001-1008305-9,829-805-9305,laura.guerrero.8305@vimenca-demo.local
8307,Miguel Morales Rivera,Cedula,001-1008306-1,849-806-9306,miguel.morales.8306@cliente.test
8308,Lucía González Pérez,Cedula,001-1008307-2,809-807-9307,lucia.gonzalez.8307@correo.com.do
8309,Carmen Castillo Romero,Cedula,001-1008308-3,809-808-9308,carmen.castillo.8308@cliente.test
8310,Karina Guerrero García,Cedula,001-1008309-4,809-809-9309,karina.guerrero.8309@cliente.test
8311,Sofía Ortiz Gutiérrez,Cedula,001-1008310-5,849-810-9310,sofia.ortiz.8310@correo.com.do
8312,Camila Alvarez Romero,Cedula,001-1008311-6,849-811-9311,camila.alvarez.8311@cliente.test
8313,Óscar Alvarez Medina,Cedula,001-1008312-7,809-812-9312,oscar.alvarez.8312@email.do
8314,Carlos Ortiz Medina,Cedula,001-1008313-8,849-813-9313,carlos.ortiz.8313@correo.com.do
8315,Camila Torres Flores,Cedula,001-1008314-9,849-814-9314,camila.torres.8314@vimenca-demo.local
8316,Manuel Castillo Mendoza,Cedula,001-1008315-1,829-815-9315,manuel.castillo.8315@cliente.test
8317,Rosa Ruiz Reyes,Cedula,001-1008316-2,849-816-9316,rosa.ruiz.8316@cliente.test
8318,Ana Jiménez Morales,Cedula,001-1008317-3,809-817-9317,ana.jimenez.8317@vimenca-demo.local
8319,Gabriela Medina Rivera,Cedula,001-1008318-4,829-818-9318,gabriela.medina.8318@vimenca-demo.local
8320,Fernando Gómez Reyes,Cedula,001-1008319-5,829-819-9319,fernando.gomez.8319@email.do
8321,Gabriela Cruz Díaz,Cedula,001-1008320-6,809-820-9320,gabriela.cruz.8320@vimenca-demo.local
8322,Yolanda Gutiérrez Sánchez,Cedula,001-1008321-7,829-821-9321,yolanda.gutierrez.8321@correo.com.do
8323,Karina Flores Ortiz,Cedula,001-1008322-8,849-822-9322,karina.flores.8322@cliente.test
8324,Jorge García Rojas,Cedula,001-1008323-9,809-823-9323,jorge.garcia.8323@correo.com.do
8325,Rosa Gómez Alvarez,Cedula,001-1008324-1,809-824-9324,rosa.gomez.8324@email.do
8326,Luis Sánchez Morales,Cedula,001-1008325-2,829-825-9325,luis.sanchez.8325@email.do
8327,Claudia Torres Rodríguez,Cedula,001-1008326-3,809-826-9326,claudia.torres.8326@email.do
8328,Ricardo Castillo Cabrera,Cedula,001-1008327-4,829-827-9327,ricardo.castillo.8327@vimenca-demo.local
8329,María Peña Díaz,Cedula,001-1008328-5,809-828-9328,maria.peña.8328@cliente.test
8330,Sofía García Jiménez,Cedula,001-1008329-6,829-829-9329,sofia.garcia.8329@correo.com.do
8331,Valeria Alvarez Alvarez,Cedula,001-1008330-7,849-830-9330,valeria.alvarez.8330@correo.com.do
8332,Ricardo Torres Gómez,Cedula,001-1008331-8,829-831-9331,ricardo.torres.8331@correo.com.do
8333,Camila Gómez González,Cedula,001-1008332-9,829-832-9332,camila.gomez.8332@email.do
8334,Pablo Cruz Romero,Cedula,001-1008333-1,829-833-9333,pablo.cruz.8333@cliente.test
8335,Andrés González Gómez,Cedula,001-1008334-2,829-834-9334,andres.gonzalez.8334@email.do
8336,Paola Hernández García,Cedula,001-1008335-3,849-835-9335,paola.hernandez.8335@correo.com.do
8337,Jorge Guerrero Guerrero,Cedula,001-1008336-4,829-836-9336,jorge.guerrero.8336@email.do
8338,Héctor Jiménez Peña,Cedula,001-1008337-5,809-837-9337,hector.jimenez.8337@email.do
8339,Francisco Ortiz Morales,Cedula,001-1008338-6,809-838-9338,francisco.ortiz.8338@email.do
8340,Valeria González González,Cedula,001-1008339-7,849-839-9339,valeria.gonzalez.8339@vimenca-demo.local
8341,Fernando Sánchez Alvarez,Cedula,001-1008340-8,829-840-9340,fernando.sanchez.8340@email.do
8342,Francisco Cabrera Medina,Cedula,001-1008341-9,829-841-9341,francisco.cabrera.8341@email.do
8343,Ana Sánchez Gómez,Cedula,001-1008342-1,809-842-9342,ana.sanchez.8342@email.do
8344,Carlos Torres Medina,Cedula,001-1008343-2,849-843-9343,carlos.torres.8343@email.do
8345,Gabriela Guerrero Alvarez,Cedula,001-1008344-3,809-844-9344,gabriela.guerrero.8344@correo.com.do
8346,Andrea Mendoza Hernández,Cedula,001-1008345-4,809-845-9345,andrea.mendoza.8345@vimenca-demo.local
8347,Laura Flores Peña,Cedula,001-1008346-5,809-846-9346,laura.flores.8346@correo.com.do
8348,Iván García Flores,Cedula,001-1008347-6,809-847-9347,ivan.garcia.8347@email.do
8349,Patricia Cabrera Alvarez,Cedula,001-1008348-7,849-848-9348,patricia.cabrera.8348@email.do
8350,Andrés Vargas Vargas,Cedula,001-1008349-8,849-849-9349,andres.vargas.8349@email.do
8351,Elena Díaz Cruz,Cedula,001-1008350-9,809-850-9350,elena.diaz.8350@correo.com.do
8352,Alejandro Vargas Ortiz,Cedula,001-1008351-1,829-851-9351,alejandro.vargas.8351@correo.com.do
8353,Pablo Torres Reyes,Cedula,001-1008352-2,849-852-9352,pablo.torres.8352@correo.com.do
8354,Lucía Medina Mendoza,Cedula,001-1008353-3,849-853-9353,lucia.medina.8353@vimenca-demo.local
8355,Andrés Ortiz Morales,Cedula,001-1008354-4,849-854-9354,andres.ortiz.8354@cliente.test
8356,José Cabrera Vargas,Cedula,001-1008355-5,829-855-9355,jose.cabrera.8355@cliente.test
8357,Alejandro Rojas Mendoza,Cedula,001-1008356-6,829-856-9356,alejandro.rojas.8356@vimenca-demo.local
8358,Rosa Romero Guerrero,Cedula,001-1008357-7,809-857-9357,rosa.romero.8357@email.do
8359,Alejandro Ortiz Castillo,Cedula,001-1008358-8,829-858-9358,alejandro.ortiz.8358@email.do
8360,Claudia Castillo Sánchez,Cedula,001-1008359-9,829-859-9359,claudia.castillo.8359@cliente.test
8361,José Gómez Ramírez,Cedula,001-1008360-1,849-860-9360,jose.gomez.8360@email.do
8362,Iván Ramírez Vargas,Cedula,001-1008361-2,849-861-9361,ivan.ramirez.8361@cliente.test
8363,Lucía Díaz Jiménez,Cedula,001-1008362-3,829-862-9362,lucia.diaz.8362@email.do
8364,Francisco Gutiérrez Ruiz,Cedula,001-1008363-4,849-863-9363,francisco.gutierrez.8363@email.do
8365,Paola Rodríguez Torres,Cedula,001-1008364-5,849-864-9364,paola.rodriguez.8364@cliente.test
8366,Yolanda Reyes Peña,Cedula,001-1008365-6,849-865-9365,yolanda.reyes.8365@email.do
8367,Laura Martínez Mendoza,Cedula,001-1008366-7,809-866-9366,laura.martinez.8366@vimenca-demo.local
8368,Sofía Sánchez Pérez,Cedula,001-1008367-8,849-867-9367,sofia.sanchez.8367@vimenca-demo.local
8369,Héctor Díaz Medina,Cedula,001-1008368-9,809-868-9368,hector.diaz.8368@vimenca-demo.local
8370,José González Gómez,Cedula,001-1008369-1,829-869-9369,jose.gonzalez.8369@correo.com.do
8371,Óscar Morales Cabrera,Cedula,001-1008370-2,849-870-9370,oscar.morales.8370@cliente.test
8372,Carlos Cruz Vargas,Cedula,001-1008371-3,809-871-9371,carlos.cruz.8371@cliente.test
8373,Rosa Ortiz Morales,Cedula,001-1008372-4,809-872-9372,rosa.ortiz.8372@cliente.test
8374,Rosa Guerrero Hernández,Cedula,001-1008373-5,809-873-9373,rosa.guerrero.8373@cliente.test
8375,Manuel Ruiz Hernández,Cedula,001-1008374-6,849-874-9374,manuel.ruiz.8374@vimenca-demo.local
8376,Claudia Martínez Cabrera,Cedula,001-1008375-7,809-875-9375,claudia.martinez.8375@correo.com.do
8377,Lucía Gómez Sánchez,Cedula,001-1008376-8,809-876-9376,lucia.gomez.8376@vimenca-demo.local
8378,Gabriela Cruz Sánchez,Cedula,001-1008377-9,809-877-9377,gabriela.cruz.8377@email.do
8379,Daniel Díaz Hernández,Cedula,001-1008378-1,809-878-9378,daniel.diaz.8378@cliente.test
8380,Iván Rivera Ramírez,Cedula,001-1008379-2,809-879-9379,ivan.rivera.8379@cliente.test
8381,Yolanda Jiménez Flores,Cedula,001-1008380-3,849-880-9380,yolanda.jimenez.8380@vimenca-demo.local
8382,Diana García Ramírez,Cedula,001-1008381-4,829-881-9381,diana.garcia.8381@vimenca-demo.local
8383,Diana Morales Díaz,Cedula,001-1008382-5,849-882-9382,diana.morales.8382@cliente.test
8384,Alejandro Ramírez Martínez,Cedula,001-1008383-6,809-883-9383,alejandro.ramirez.8383@cliente.test
8385,Camila Ortiz Ramírez,Cedula,001-1008384-7,809-884-9384,camila.ortiz.8384@correo.com.do
8386,Manuel Romero Rojas,Cedula,001-1008385-8,809-885-9385,manuel.romero.8385@correo.com.do
8387,Manuel Romero Medina,Cedula,001-1008386-9,809-886-9386,manuel.romero.8386@cliente.test
8388,Ricardo Castillo Cruz,Cedula,001-1008387-1,849-887-9387,ricardo.castillo.8387@email.do
8389,María Díaz Romero,Cedula,001-1008388-2,849-888-9388,maria.diaz.8388@cliente.test
8390,Pablo Ramírez Romero,Cedula,001-1008389-3,809-889-9389,pablo.ramirez.8389@email.do
8391,Laura Rivera Peña,Cedula,001-1008390-4,829-890-9390,laura.rivera.8390@cliente.test
8392,Paola Ramírez Jiménez,Cedula,001-1008391-5,829-891-9391,paola.ramirez.8391@correo.com.do
8393,Fernando García Medina,Cedula,001-1008392-6,849-892-9392,fernando.garcia.8392@correo.com.do
8394,Andrés Rodríguez Jiménez,Cedula,001-1008393-7,829-893-9393,andres.rodriguez.8393@correo.com.do
8395,Natalia Gutiérrez Morales,Cedula,001-1008394-8,849-894-9394,natalia.gutierrez.8394@cliente.test
8396,José Romero Reyes,Cedula,001-1008395-9,849-895-9395,jose.romero.8395@email.do
8397,Manuel Morales Rivera,Cedula,001-1008396-1,829-896-9396,manuel.morales.8396@vimenca-demo.local
8398,Natalia Cabrera Hernández,Cedula,001-1008397-2,849-897-9397,natalia.cabrera.8397@email.do
8399,Gabriela Gutiérrez Díaz,Cedula,001-1008398-3,849-898-9398,gabriela.gutierrez.8398@vimenca-demo.local
8400,Elena Martínez Ortiz,Cedula,001-1008399-4,809-899-9399,elena.martinez.8399@cliente.test
8401,Claudia Castillo García,Cedula,001-1008400-5,829-500-9400,claudia.castillo.8400@email.do
8402,Rafael Peña Morales,Cedula,001-1008401-6,849-501-9401,rafael.peña.8401@vimenca-demo.local
8403,Alejandro Vargas Ruiz,Cedula,001-1008402-7,809-502-9402,alejandro.vargas.8402@correo.com.do
8404,Diana Díaz Alvarez,Cedula,001-1008403-8,809-503-9403,diana.diaz.8403@cliente.test
8405,Elena Morales Morales,Cedula,001-1008404-9,829-504-9404,elena.morales.8404@vimenca-demo.local
8406,Isabella Medina Ramírez,Cedula,001-1008405-1,849-505-9405,isabella.medina.8405@email.do
8407,Iván Alvarez Ruiz,Cedula,001-1008406-2,849-506-9406,ivan.alvarez.8406@correo.com.do
8408,Daniel González Gutiérrez,Cedula,001-1008407-3,849-507-9407,daniel.gonzalez.8407@correo.com.do
8409,David Cruz Morales,Cedula,001-1008408-4,809-508-9408,david.cruz.8408@vimenca-demo.local
8410,Natalia Ramírez Reyes,Cedula,001-1008409-5,849-509-9409,natalia.ramirez.8409@vimenca-demo.local
8411,Iván Reyes Martínez,Cedula,001-1008410-6,829-510-9410,ivan.reyes.8410@email.do
8412,Elena Torres Guerrero,Cedula,001-1008411-7,829-511-9411,elena.torres.8411@vimenca-demo.local
8413,Carlos Jiménez Guerrero,Cedula,001-1008412-8,849-512-9412,carlos.jimenez.8412@cliente.test
8414,Daniel Jiménez Ramírez,Cedula,001-1008413-9,829-513-9413,daniel.jimenez.8413@correo.com.do
8415,María Romero Gómez,Cedula,001-1008414-1,809-514-9414,maria.romero.8414@correo.com.do
8416,Sofía Rodríguez Gutiérrez,Cedula,001-1008415-2,829-515-9415,sofia.rodriguez.8415@cliente.test
8417,Fernando Medina Jiménez,Cedula,001-1008416-3,829-516-9416,fernando.medina.8416@email.do
8418,Patricia Rivera Alvarez,Cedula,001-1008417-4,829-517-9417,patricia.rivera.8417@email.do
8419,Valeria Gutiérrez Cruz,Cedula,001-1008418-5,809-518-9418,valeria.gutierrez.8418@vimenca-demo.local
8420,Andrés Sánchez Guerrero,Cedula,001-1008419-6,849-519-9419,andres.sanchez.8419@correo.com.do
8421,Jorge Cruz Rodríguez,Cedula,001-1008420-7,849-520-9420,jorge.cruz.8420@email.do
8422,Iván Martínez García,Cedula,001-1008421-8,809-521-9421,ivan.martinez.8421@correo.com.do
8423,David Rojas Rivera,Cedula,001-1008422-9,849-522-9422,david.rojas.8422@cliente.test
8424,Diana Cruz Morales,Cedula,001-1008423-1,829-523-9423,diana.cruz.8423@correo.com.do
8425,Karina Medina Rodríguez,Cedula,001-1008424-2,829-524-9424,karina.medina.8424@email.do
8426,Fernando Flores Reyes,Cedula,001-1008425-3,829-525-9425,fernando.flores.8425@vimenca-demo.local
8427,Óscar Romero Peña,Cedula,001-1008426-4,849-526-9426,oscar.romero.8426@correo.com.do
8428,Pedro Morales Martínez,Cedula,001-1008427-5,809-527-9427,pedro.morales.8427@email.do
8429,Andrés Medina Gómez,Cedula,001-1008428-6,809-528-9428,andres.medina.8428@correo.com.do
8430,Paola Guerrero Castillo,Cedula,001-1008429-7,849-529-9429,paola.guerrero.8429@cliente.test
8431,Daniel Díaz Ruiz,Cedula,001-1008430-8,849-530-9430,daniel.diaz.8430@cliente.test
8432,Camila Mendoza Peña,Cedula,001-1008431-9,849-531-9431,camila.mendoza.8431@correo.com.do
8433,Paola Cabrera Vargas,Cedula,001-1008432-1,809-532-9432,paola.cabrera.8432@correo.com.do
8434,Rosa Pérez Gómez,Cedula,001-1008433-2,809-533-9433,rosa.perez.8433@email.do
8435,Laura Díaz González,Cedula,001-1008434-3,849-534-9434,laura.diaz.8434@cliente.test
8436,Fernando García Pérez,Cedula,001-1008435-4,849-535-9435,fernando.garcia.8435@email.do
8437,Daniel Gómez Romero,Cedula,001-1008436-5,809-536-9436,daniel.gomez.8436@correo.com.do
8438,María Hernández Gómez,Cedula,001-1008437-6,809-537-9437,maria.hernandez.8437@cliente.test
8439,Lucía García Pérez,Cedula,001-1008438-7,809-538-9438,lucia.garcia.8438@correo.com.do
8440,Ana Rojas Rivera,Cedula,001-1008439-8,829-539-9439,ana.rojas.8439@vimenca-demo.local
8441,Rafael Ruiz Martínez,Cedula,001-1008440-9,849-540-9440,rafael.ruiz.8440@vimenca-demo.local
8442,Luis Cruz Romero,Cedula,001-1008441-1,849-541-9441,luis.cruz.8441@correo.com.do
8443,Diana Jiménez Hernández,Cedula,001-1008442-2,809-542-9442,diana.jimenez.8442@correo.com.do
8444,Fernando Vargas Medina,Cedula,001-1008443-3,809-543-9443,fernando.vargas.8443@vimenca-demo.local
8445,Jorge Gómez Pérez,Cedula,001-1008444-4,849-544-9444,jorge.gomez.8444@correo.com.do
8446,Karina Torres Guerrero,Cedula,001-1008445-5,849-545-9445,karina.torres.8445@cliente.test
8447,Iván Martínez Gutiérrez,Cedula,001-1008446-6,849-546-9446,ivan.martinez.8446@cliente.test
8448,Isabella Martínez Ortiz,Cedula,001-1008447-7,849-547-9447,isabella.martinez.8447@correo.com.do
8449,Juan Vargas Rivera,Cedula,001-1008448-8,849-548-9448,juan.vargas.8448@email.do
8450,Laura Mendoza Sánchez,Cedula,001-1008449-9,809-549-9449,laura.mendoza.8449@vimenca-demo.local
8451,Isabella Peña Peña,Cedula,001-1008450-1,849-550-9450,isabella.peña.8450@correo.com.do
8452,Óscar Martínez González,Cedula,001-1008451-2,809-551-9451,oscar.martinez.8451@email.do
8453,Francisco Martínez Alvarez,Cedula,001-1008452-3,829-552-9452,francisco.martinez.8452@email.do
8454,Paola Díaz Sánchez,Cedula,001-1008453-4,809-553-9453,paola.diaz.8453@email.do
8455,Paola Rojas Rojas,Cedula,001-1008454-5,809-554-9454,paola.rojas.8454@vimenca-demo.local
8456,Luis Guerrero Ramírez,Cedula,001-1008455-6,849-555-9455,luis.guerrero.8455@cliente.test
8457,Miguel Peña Peña,Cedula,001-1008456-7,829-556-9456,miguel.peña.8456@cliente.test
8458,Alejandro Gutiérrez Ruiz,Cedula,001-1008457-8,829-557-9457,alejandro.gutierrez.8457@vimenca-demo.local
8459,Manuel Mendoza Reyes,Cedula,001-1008458-9,849-558-9458,manuel.mendoza.8458@vimenca-demo.local
8460,Juan Cruz Cruz,Cedula,001-1008459-1,809-559-9459,juan.cruz.8459@correo.com.do
8461,Ana Cabrera Morales,Cedula,001-1008460-2,849-560-9460,ana.cabrera.8460@email.do
8462,Carlos Vargas Torres,Cedula,001-1008461-3,829-561-9461,carlos.vargas.8461@correo.com.do
8463,Karina Guerrero Díaz,Cedula,001-1008462-4,829-562-9462,karina.guerrero.8462@correo.com.do
8464,Daniel Ortiz Castillo,Cedula,001-1008463-5,809-563-9463,daniel.ortiz.8463@correo.com.do
8465,Andrés Pérez Ruiz,Cedula,001-1008464-6,809-564-9464,andres.perez.8464@cliente.test
8466,Miguel Ruiz Martínez,Cedula,001-1008465-7,849-565-9465,miguel.ruiz.8465@correo.com.do
8467,Francisco Rojas Castillo,Cedula,001-1008466-8,849-566-9466,francisco.rojas.8466@email.do
8468,Claudia Rojas Jiménez,Cedula,001-1008467-9,809-567-9467,claudia.rojas.8467@email.do
8469,Luis Sánchez Gómez,Cedula,001-1008468-1,849-568-9468,luis.sanchez.8468@vimenca-demo.local
8470,Camila Alvarez Ortiz,Cedula,001-1008469-2,809-569-9469,camila.alvarez.8469@email.do
8471,Óscar Medina González,Cedula,001-1008470-3,809-570-9470,oscar.medina.8470@email.do
8472,Diana Guerrero Castillo,Cedula,001-1008471-4,849-571-9471,diana.guerrero.8471@vimenca-demo.local
8473,Óscar Ruiz Castillo,Cedula,001-1008472-5,809-572-9472,oscar.ruiz.8472@correo.com.do
8474,Karina Mendoza Cruz,Cedula,001-1008473-6,849-573-9473,karina.mendoza.8473@correo.com.do
8475,Fernando Rojas Ruiz,Cedula,001-1008474-7,829-574-9474,fernando.rojas.8474@correo.com.do
8476,Jorge García Díaz,Cedula,001-1008475-8,809-575-9475,jorge.garcia.8475@email.do
8477,Miguel González Alvarez,Cedula,001-1008476-9,809-576-9476,miguel.gonzalez.8476@correo.com.do
8478,Óscar García Gutiérrez,Cedula,001-1008477-1,829-577-9477,oscar.garcia.8477@correo.com.do
8479,Elena Alvarez Pérez,Cedula,001-1008478-2,829-578-9478,elena.alvarez.8478@correo.com.do
8480,Valeria Romero Medina,Cedula,001-1008479-3,809-579-9479,valeria.romero.8479@cliente.test
8481,Andrea Mendoza Martínez,Cedula,001-1008480-4,809-580-9480,andrea.mendoza.8480@cliente.test
8482,Valeria Rodríguez Medina,Cedula,001-1008481-5,829-581-9481,valeria.rodriguez.8481@email.do
8483,Óscar Hernández Gómez,Cedula,001-1008482-6,829-582-9482,oscar.hernandez.8482@vimenca-demo.local
8484,Paola Cabrera Díaz,Cedula,001-1008483-7,829-583-9483,paola.cabrera.8483@correo.com.do
8485,Juan Hernández Castillo,Cedula,001-1008484-8,849-584-9484,juan.hernandez.8484@vimenca-demo.local
8486,Carlos Morales Guerrero,Cedula,001-1008485-9,849-585-9485,carlos.morales.8485@email.do
8487,Pablo Flores Gómez,Cedula,001-1008486-1,829-586-9486,pablo.flores.8486@cliente.test
8488,Yolanda Ruiz Torres,Cedula,001-1008487-2,849-587-9487,yolanda.ruiz.8487@vimenca-demo.local
8489,Carlos Ortiz Flores,Cedula,001-1008488-3,849-588-9488,carlos.ortiz.8488@email.do
8490,Elena Martínez Rivera,Cedula,001-1008489-4,849-589-9489,elena.martinez.8489@email.do
8491,Claudia Castillo García,Cedula,001-1008490-5,849-590-9490,claudia.castillo.8490@vimenca-demo.local
8492,Jorge Reyes Peña,Cedula,001-1008491-6,829-591-9491,jorge.reyes.8491@cliente.test
8493,Ana Gómez Rojas,Cedula,001-1008492-7,849-592-9492,ana.gomez.8492@email.do
8494,Andrea Rivera Reyes,Cedula,001-1008493-8,829-593-9493,andrea.rivera.8493@cliente.test
8495,Yolanda Martínez Cabrera,Cedula,001-1008494-9,809-594-9494,yolanda.martinez.8494@vimenca-demo.local
8496,Carlos Pérez Cruz,Cedula,001-1008495-1,829-595-9495,carlos.perez.8495@vimenca-demo.local
8497,Francisco Gutiérrez Vargas,Cedula,001-1008496-2,809-596-9496,francisco.gutierrez.8496@cliente.test
8498,Gabriela Rivera Castillo,Cedula,001-1008497-3,849-597-9497,gabriela.rivera.8497@cliente.test
8499,Daniel Hernández Peña,Cedula,001-1008498-4,809-598-9498,daniel.hernandez.8498@correo.com.do
8500,Ricardo González Jiménez,Cedula,001-1008499-5,829-599-9499,ricardo.gonzalez.8499@cliente.test
8501,Pedro Pérez Alvarez,Cedula,001-1008500-6,829-600-9500,pedro.perez.8500@cliente.test
8502,Francisco Alvarez Romero,Cedula,001-1008501-7,829-601-9501,francisco.alvarez.8501@cliente.test
8503,Juan Alvarez Ramírez,Cedula,001-1008502-8,849-602-9502,juan.alvarez.8502@vimenca-demo.local
8504,Lucía González Flores,Cedula,001-1008503-9,849-603-9503,lucia.gonzalez.8503@cliente.test
8505,Yolanda Peña Vargas,Cedula,001-1008504-1,829-604-9504,yolanda.peña.8504@cliente.test
8506,Carlos Pérez Cruz,Cedula,001-1008505-2,829-605-9505,carlos.perez.8505@vimenca-demo.local
8507,María Guerrero Ortiz,Cedula,001-1008506-3,849-606-9506,maria.guerrero.8506@cliente.test
8508,Diana Rodríguez Sánchez,Cedula,001-1008507-4,829-607-9507,diana.rodriguez.8507@correo.com.do
8509,Isabella González Ramírez,Cedula,001-1008508-5,849-608-9508,isabella.gonzalez.8508@correo.com.do
8510,Manuel Gómez González,Cedula,001-1008509-6,809-609-9509,manuel.gomez.8509@vimenca-demo.local
8511,Carmen Gómez González,Cedula,001-1008510-7,849-610-9510,carmen.gomez.8510@vimenca-demo.local
8512,Ricardo Guerrero Rodríguez,Cedula,001-1008511-8,849-611-9511,ricardo.guerrero.8511@correo.com.do
8513,Daniel Romero Guerrero,Cedula,001-1008512-9,849-612-9512,daniel.romero.8512@vimenca-demo.local
8514,Ricardo Cabrera Martínez,Cedula,001-1008513-1,809-613-9513,ricardo.cabrera.8513@cliente.test
8515,Rafael Díaz Rojas,Cedula,001-1008514-2,829-614-9514,rafael.diaz.8514@correo.com.do
8516,Manuel García Vargas,Cedula,001-1008515-3,849-615-9515,manuel.garcia.8515@vimenca-demo.local
8517,Patricia Gómez Ramírez,Cedula,001-1008516-4,809-616-9516,patricia.gomez.8516@correo.com.do
8518,Andrés Gutiérrez Flores,Cedula,001-1008517-5,829-617-9517,andres.gutierrez.8517@vimenca-demo.local
8519,José Gómez Jiménez,Cedula,001-1008518-6,829-618-9518,jose.gomez.8518@email.do
8520,Manuel Torres González,Cedula,001-1008519-7,849-619-9519,manuel.torres.8519@email.do
8521,Andrés García Jiménez,Cedula,001-1008520-8,809-620-9520,andres.garcia.8520@correo.com.do
8522,Karina Flores Peña,Cedula,001-1008521-9,849-621-9521,karina.flores.8521@vimenca-demo.local
8523,Patricia Romero Pérez,Cedula,001-1008522-1,849-622-9522,patricia.romero.8522@vimenca-demo.local
8524,Miguel Flores Rojas,Cedula,001-1008523-2,849-623-9523,miguel.flores.8523@correo.com.do
8525,Isabella Gutiérrez Torres,Cedula,001-1008524-3,849-624-9524,isabella.gutierrez.8524@vimenca-demo.local
8526,Carmen Castillo Guerrero,Cedula,001-1008525-4,829-625-9525,carmen.castillo.8525@cliente.test
8527,Karina Alvarez Ruiz,Cedula,001-1008526-5,849-626-9526,karina.alvarez.8526@email.do
8528,Rosa Rodríguez Alvarez,Cedula,001-1008527-6,809-627-9527,rosa.rodriguez.8527@email.do
8529,Andrés Morales Peña,Cedula,001-1008528-7,809-628-9528,andres.morales.8528@email.do
8530,Pedro Ramírez Ortiz,Cedula,001-1008529-8,849-629-9529,pedro.ramirez.8529@correo.com.do
8531,Rafael Vargas García,Cedula,001-1008530-9,849-630-9530,rafael.vargas.8530@correo.com.do
8532,Paola Cruz González,Cedula,001-1008531-1,809-631-9531,paola.cruz.8531@vimenca-demo.local
8533,Héctor Díaz Reyes,Cedula,001-1008532-2,809-632-9532,hector.diaz.8532@cliente.test
8534,David Díaz Gutiérrez,Cedula,001-1008533-3,829-633-9533,david.diaz.8533@cliente.test
8535,Diana Alvarez Rojas,Cedula,001-1008534-4,809-634-9534,diana.alvarez.8534@vimenca-demo.local
8536,Héctor Ramírez Alvarez,Cedula,001-1008535-5,849-635-9535,hector.ramirez.8535@vimenca-demo.local
8537,Lucía Ruiz González,Cedula,001-1008536-6,849-636-9536,lucia.ruiz.8536@email.do
8538,Isabella Guerrero Vargas,Cedula,001-1008537-7,829-637-9537,isabella.guerrero.8537@email.do
8539,Rosa Rivera Romero,Cedula,001-1008538-8,809-638-9538,rosa.rivera.8538@email.do
8540,Daniel Ramírez Gómez,Cedula,001-1008539-9,809-639-9539,daniel.ramirez.8539@correo.com.do
8541,Pablo Gutiérrez Castillo,Cedula,001-1008540-1,849-640-9540,pablo.gutierrez.8540@email.do
8542,José Gómez Rodríguez,Cedula,001-1008541-2,829-641-9541,jose.gomez.8541@email.do
8543,David Díaz Torres,Cedula,001-1008542-3,849-642-9542,david.diaz.8542@email.do
8544,Gabriela Sánchez García,Cedula,001-1008543-4,829-643-9543,gabriela.sanchez.8543@vimenca-demo.local
8545,Fernando Ortiz Morales,Cedula,001-1008544-5,829-644-9544,fernando.ortiz.8544@cliente.test
8546,Carlos Ruiz González,Cedula,001-1008545-6,829-645-9545,carlos.ruiz.8545@cliente.test
8547,Daniel Mendoza Mendoza,Cedula,001-1008546-7,809-646-9546,daniel.mendoza.8546@cliente.test
8548,Francisco Rodríguez Vargas,Cedula,001-1008547-8,829-647-9547,francisco.rodriguez.8547@cliente.test
8549,Laura Martínez Castillo,Cedula,001-1008548-9,849-648-9548,laura.martinez.8548@email.do
8550,Ricardo Ruiz Díaz,Cedula,001-1008549-1,809-649-9549,ricardo.ruiz.8549@email.do
8551,Alejandro Alvarez Alvarez,Cedula,001-1008550-2,829-650-9550,alejandro.alvarez.8550@email.do
8552,Francisco Pérez Castillo,Cedula,001-1008551-3,829-651-9551,francisco.perez.8551@correo.com.do
8553,Diana Mendoza Cabrera,Cedula,001-1008552-4,829-652-9552,diana.mendoza.8552@correo.com.do
8554,Valeria Torres García,Cedula,001-1008553-5,809-653-9553,valeria.torres.8553@correo.com.do
8555,Ricardo Martínez Flores,Cedula,001-1008554-6,829-654-9554,ricardo.martinez.8554@vimenca-demo.local
8556,Manuel Hernández Medina,Cedula,001-1008555-7,829-655-9555,manuel.hernandez.8555@cliente.test
8557,Jorge Mendoza Reyes,Cedula,001-1008556-8,829-656-9556,jorge.mendoza.8556@vimenca-demo.local
8558,Laura Ramírez Martínez,Cedula,001-1008557-9,809-657-9557,laura.ramirez.8557@cliente.test
8559,Andrés Castillo Rojas,Cedula,001-1008558-1,809-658-9558,andres.castillo.8558@vimenca-demo.local
8560,Patricia Guerrero Torres,Cedula,001-1008559-2,849-659-9559,patricia.guerrero.8559@vimenca-demo.local
8561,Iván Sánchez Jiménez,Cedula,001-1008560-3,849-660-9560,ivan.sanchez.8560@cliente.test
8562,Pablo García Martínez,Cedula,001-1008561-4,809-661-9561,pablo.garcia.8561@correo.com.do
8563,Laura Medina Vargas,Cedula,001-1008562-5,809-662-9562,laura.medina.8562@vimenca-demo.local
8564,Diana Rivera Jiménez,Cedula,001-1008563-6,829-663-9563,diana.rivera.8563@cliente.test
8565,Andrea Mendoza Díaz,Cedula,001-1008564-7,849-664-9564,andrea.mendoza.8564@cliente.test
8566,Miguel Romero Gutiérrez,Cedula,001-1008565-8,829-665-9565,miguel.romero.8565@correo.com.do
8567,Camila Cruz Rodríguez,Cedula,001-1008566-9,809-666-9566,camila.cruz.8566@email.do
8568,Alejandro Hernández Hernández,Cedula,001-1008567-1,829-667-9567,alejandro.hernandez.8567@email.do
8569,Yolanda Flores Ramírez,Cedula,001-1008568-2,829-668-9568,yolanda.flores.8568@cliente.test
8570,Patricia Gutiérrez González,Cedula,001-1008569-3,829-669-9569,patricia.gutierrez.8569@cliente.test
8571,Karina Rojas Rodríguez,Cedula,001-1008570-4,809-670-9570,karina.rojas.8570@email.do
8572,Andrés Sánchez Sánchez,Cedula,001-1008571-5,809-671-9571,andres.sanchez.8571@email.do
8573,Yolanda Gómez Flores,Cedula,001-1008572-6,829-672-9572,yolanda.gomez.8572@correo.com.do
8574,Juan Rivera Reyes,Cedula,001-1008573-7,849-673-9573,juan.rivera.8573@email.do
8575,Andrés Rivera Romero,Cedula,001-1008574-8,829-674-9574,andres.rivera.8574@email.do
8576,Natalia Reyes Rivera,Cedula,001-1008575-9,829-675-9575,natalia.reyes.8575@cliente.test
8577,Isabella Flores García,Cedula,001-1008576-1,809-676-9576,isabella.flores.8576@cliente.test
8578,Patricia Cruz Cruz,Cedula,001-1008577-2,829-677-9577,patricia.cruz.8577@cliente.test
8579,Fernando García García,Cedula,001-1008578-3,829-678-9578,fernando.garcia.8578@cliente.test
8580,Francisco Sánchez Rojas,Cedula,001-1008579-4,809-679-9579,francisco.sanchez.8579@email.do
8581,Ana Medina Castillo,Cedula,001-1008580-5,809-680-9580,ana.medina.8580@email.do
8582,Karina Guerrero Peña,Cedula,001-1008581-6,849-681-9581,karina.guerrero.8581@email.do
8583,Héctor Rojas Ruiz,Cedula,001-1008582-7,829-682-9582,hector.rojas.8582@email.do
8584,Natalia Medina Flores,Cedula,001-1008583-8,809-683-9583,natalia.medina.8583@cliente.test
8585,Óscar Flores Mendoza,Cedula,001-1008584-9,849-684-9584,oscar.flores.8584@email.do
8586,Laura Ramírez Rojas,Cedula,001-1008585-1,829-685-9585,laura.ramirez.8585@correo.com.do
8587,Alejandro Vargas Hernández,Cedula,001-1008586-2,849-686-9586,alejandro.vargas.8586@cliente.test
8588,María Castillo Alvarez,Cedula,001-1008587-3,829-687-9587,maria.castillo.8587@correo.com.do
8589,Fernando Castillo Cruz,Cedula,001-1008588-4,829-688-9588,fernando.castillo.8588@correo.com.do
8590,Andrea Díaz Torres,Cedula,001-1008589-5,809-689-9589,andrea.diaz.8589@correo.com.do
8591,Carmen Flores Vargas,Cedula,001-1008590-6,809-690-9590,carmen.flores.8590@vimenca-demo.local
8592,David Gutiérrez Medina,Cedula,001-1008591-7,849-691-9591,david.gutierrez.8591@vimenca-demo.local
8593,Natalia Martínez Pérez,Cedula,001-1008592-8,829-692-9592,natalia.martinez.8592@vimenca-demo.local
8594,Jorge Pérez González,Cedula,001-1008593-9,809-693-9593,jorge.perez.8593@vimenca-demo.local
8595,Andrés García Rojas,Cedula,001-1008594-1,849-694-9594,andres.garcia.8594@cliente.test
8596,Sofía Reyes Ruiz,Cedula,001-1008595-2,829-695-9595,sofia.reyes.8595@correo.com.do
8597,José Rivera Ruiz,Cedula,001-1008596-3,829-696-9596,jose.rivera.8596@email.do
8598,Valeria Vargas Gutiérrez,Cedula,001-1008597-4,809-697-9597,valeria.vargas.8597@correo.com.do
8599,Héctor Romero Gómez,Cedula,001-1008598-5,829-698-9598,hector.romero.8598@vimenca-demo.local
8600,Natalia Medina Vargas,Cedula,001-1008599-6,849-699-9599,natalia.medina.8599@vimenca-demo.local
8601,Valeria Sánchez Martínez,Cedula,001-1008600-7,829-700-9600,valeria.sanchez.8600@email.do
8602,Paola Alvarez Ramírez,Cedula,001-1008601-8,809-701-9601,paola.alvarez.8601@correo.com.do
8603,Ramírez & Peña SRL,RNC,1300008602,829-702-9602,hector.ramirez.8602@cliente.test
8604,Paola Ortiz Sánchez,Cedula,001-1008603-1,829-703-9603,paola.ortiz.8603@cliente.test
8605,Pablo Morales Gutiérrez,Cedula,001-1008604-2,829-704-9604,pablo.morales.8604@cliente.test
8606,Isabella Díaz Hernández,Cedula,001-1008605-3,829-705-9605,isabella.diaz.8605@email.do
8607,Natalia Morales Martínez,Cedula,001-1008606-4,829-706-9606,natalia.morales.8606@email.do
8608,Pedro Ortiz Flores,Cedula,001-1008607-5,849-707-9607,pedro.ortiz.8607@correo.com.do
8609,Jorge Torres Alvarez,Cedula,001-1008608-6,849-708-9608,jorge.torres.8608@correo.com.do
8610,Andrea Medina Rivera,Cedula,001-1008609-7,829-709-9609,andrea.medina.8609@email.do
8611,Isabella Rojas González,Cedula,001-1008610-8,809-710-9610,isabella.rojas.8610@email.do
8612,Yolanda Jiménez García,Cedula,001-1008611-9,829-711-9611,yolanda.jimenez.8611@cliente.test
8613,Andrés Díaz Rojas,Cedula,001-1008612-1,809-712-9612,andres.diaz.8612@correo.com.do
8614,Rafael Martínez Martínez,Cedula,001-1008613-2,849-713-9613,rafael.martinez.8613@email.do
8615,Rafael Gómez Rivera,Cedula,001-1008614-3,829-714-9614,rafael.gomez.8614@correo.com.do
8616,Diana Sánchez Romero,Cedula,001-1008615-4,829-715-9615,diana.sanchez.8615@email.do
8617,Valeria Ortiz Jiménez,Cedula,001-1008616-5,809-716-9616,valeria.ortiz.8616@email.do
8618,Valeria Hernández Jiménez,Cedula,001-1008617-6,809-717-9617,valeria.hernandez.8617@correo.com.do
8619,Juan Rojas Romero,Cedula,001-1008618-7,809-718-9618,juan.rojas.8618@cliente.test
8620,Ricardo Alvarez Guerrero,Cedula,001-1008619-8,829-719-9619,ricardo.alvarez.8619@vimenca-demo.local
8621,Yolanda García Rivera,Cedula,001-1008620-9,829-720-9620,yolanda.garcia.8620@correo.com.do
8622,Gabriela Torres Gutiérrez,Cedula,001-1008621-1,829-721-9621,gabriela.torres.8621@correo.com.do
8623,Pablo Jiménez Hernández,Cedula,001-1008622-2,829-722-9622,pablo.jimenez.8622@cliente.test
8624,Patricia Cruz Reyes,Cedula,001-1008623-3,809-723-9623,patricia.cruz.8623@email.do
8625,Karina Castillo Cruz,Cedula,001-1008624-4,809-724-9624,karina.castillo.8624@correo.com.do
8626,Ana Alvarez Ramírez,Cedula,001-1008625-5,809-725-9625,ana.alvarez.8625@cliente.test
8627,Óscar Rivera Torres,Cedula,001-1008626-6,809-726-9626,oscar.rivera.8626@email.do
8628,Alejandro Gutiérrez Medina,Cedula,001-1008627-7,849-727-9627,alejandro.gutierrez.8627@cliente.test
8629,Paola Reyes Sánchez,Cedula,001-1008628-8,829-728-9628,paola.reyes.8628@vimenca-demo.local
8630,Claudia Ortiz Pérez,Cedula,001-1008629-9,829-729-9629,claudia.ortiz.8629@vimenca-demo.local
8631,Iván Jiménez Ramírez,Cedula,001-1008630-1,829-730-9630,ivan.jimenez.8630@email.do
8632,Pablo García Pérez,Cedula,001-1008631-2,849-731-9631,pablo.garcia.8631@correo.com.do
8633,David Rivera Castillo,Cedula,001-1008632-3,829-732-9632,david.rivera.8632@correo.com.do
8634,Isabella Ramírez Vargas,Cedula,001-1008633-4,849-733-9633,isabella.ramirez.8633@email.do
8635,Héctor García Guerrero,Cedula,001-1008634-5,849-734-9634,hector.garcia.8634@cliente.test
8636,David Morales Gutiérrez,Cedula,001-1008635-6,809-735-9635,david.morales.8635@cliente.test
8637,Carlos Peña Alvarez,Cedula,001-1008636-7,849-736-9636,carlos.peña.8636@vimenca-demo.local
8638,Yolanda Ortiz Ramírez,Cedula,001-1008637-8,849-737-9637,yolanda.ortiz.8637@vimenca-demo.local
8639,Ricardo Ortiz Rojas,Cedula,001-1008638-9,809-738-9638,ricardo.ortiz.8638@vimenca-demo.local
8640,Carmen Rojas Morales,Cedula,001-1008639-1,829-739-9639,carmen.rojas.8639@vimenca-demo.local
8641,Isabella Rodríguez Sánchez,Cedula,001-1008640-2,809-740-9640,isabella.rodriguez.8640@cliente.test
8642,Manuel Ortiz Cruz,Cedula,001-1008641-3,849-741-9641,manuel.ortiz.8641@cliente.test
8643,Óscar Cabrera Medina,Cedula,001-1008642-4,849-742-9642,oscar.cabrera.8642@vimenca-demo.local
8644,Fernando Medina Rojas,Cedula,001-1008643-5,849-743-9643,fernando.medina.8643@vimenca-demo.local
8645,David Gutiérrez Reyes,Cedula,001-1008644-6,829-744-9644,david.gutierrez.8644@cliente.test
8646,Claudia Flores Guerrero,Cedula,001-1008645-7,829-745-9645,claudia.flores.8645@vimenca-demo.local
8647,Pedro Díaz Díaz,Cedula,001-1008646-8,829-746-9646,pedro.diaz.8646@email.do
8648,Iván Peña Flores,Cedula,001-1008647-9,849-747-9647,ivan.peña.8647@vimenca-demo.local
8649,Carlos Mendoza Vargas,Cedula,001-1008648-1,829-748-9648,carlos.mendoza.8648@email.do
8650,José Alvarez Díaz,Cedula,001-1008649-2,829-749-9649,jose.alvarez.8649@email.do
8651,Isabella Sánchez Jiménez,Cedula,001-1008650-3,849-750-9650,isabella.sanchez.8650@correo.com.do
8652,Elena Castillo Guerrero,Cedula,001-1008651-4,829-751-9651,elena.castillo.8651@cliente.test
8653,Patricia Vargas Jiménez,Cedula,001-1008652-5,829-752-9652,patricia.vargas.8652@vimenca-demo.local
8654,José Torres Reyes,Cedula,001-1008653-6,829-753-9653,jose.torres.8653@vimenca-demo.local
8655,Natalia Rojas Rodríguez,Cedula,001-1008654-7,849-754-9654,natalia.rojas.8654@cliente.test
8656,Juan Díaz Torres,Cedula,001-1008655-8,809-755-9655,juan.diaz.8655@email.do
8657,Andrea Díaz Peña,Cedula,001-1008656-9,849-756-9656,andrea.diaz.8656@cliente.test
8658,Carmen Sánchez Romero,Cedula,001-1008657-1,809-757-9657,carmen.sanchez.8657@correo.com.do
8659,Héctor Jiménez Cruz,Cedula,001-1008658-2,849-758-9658,hector.jimenez.8658@vimenca-demo.local
8660,Lucía Rodríguez Mendoza,Cedula,001-1008659-3,809-759-9659,lucia.rodriguez.8659@vimenca-demo.local
8661,Gabriela Torres Reyes,Cedula,001-1008660-4,809-760-9660,gabriela.torres.8660@email.do
8662,Elena Martínez Díaz,Cedula,001-1008661-5,849-761-9661,elena.martinez.8661@correo.com.do
8663,Ricardo Ramírez Sánchez,Cedula,001-1008662-6,809-762-9662,ricardo.ramirez.8662@vimenca-demo.local
8664,Daniel Pérez Rodríguez,Cedula,001-1008663-7,829-763-9663,daniel.perez.8663@email.do
8665,Alejandro Gutiérrez Torres,Cedula,001-1008664-8,849-764-9664,alejandro.gutierrez.8664@cliente.test
8666,Karina Morales Ramírez,Cedula,001-1008665-9,829-765-9665,karina.morales.8665@email.do
8667,Fernando Reyes Flores,Cedula,001-1008666-1,829-766-9666,fernando.reyes.8666@cliente.test
8668,Fernando Rojas Morales,Cedula,001-1008667-2,809-767-9667,fernando.rojas.8667@correo.com.do
8669,Laura Rojas Rojas,Cedula,001-1008668-3,829-768-9668,laura.rojas.8668@email.do
8670,Carmen Guerrero Medina,Cedula,001-1008669-4,829-769-9669,carmen.guerrero.8669@cliente.test
8671,Andrés Gómez Jiménez,Cedula,001-1008670-5,809-770-9670,andres.gomez.8670@email.do
8672,Paola Rivera Guerrero,Cedula,001-1008671-6,809-771-9671,paola.rivera.8671@correo.com.do
8673,Pedro García Sánchez,Cedula,001-1008672-7,829-772-9672,pedro.garcia.8672@cliente.test
8674,Carlos Ortiz Medina,Cedula,001-1008673-8,849-773-9673,carlos.ortiz.8673@correo.com.do
8675,Yolanda Gómez Pérez,Cedula,001-1008674-9,829-774-9674,yolanda.gomez.8674@cliente.test
8676,Lucía Flores Hernández,Cedula,001-1008675-1,829-775-9675,lucia.flores.8675@cliente.test
8677,Paola Vargas Ortiz,Cedula,001-1008676-2,849-776-9676,paola.vargas.8676@email.do
8678,Carmen Torres Rojas,Cedula,001-1008677-3,829-777-9677,carmen.torres.8677@correo.com.do
8679,Pedro Flores Flores,Cedula,001-1008678-4,829-778-9678,pedro.flores.8678@email.do
8680,Iván Rojas Vargas,Cedula,001-1008679-5,829-779-9679,ivan.rojas.8679@vimenca-demo.local
8681,Gabriela Gutiérrez Hernández,Cedula,001-1008680-6,829-780-9680,gabriela.gutierrez.8680@email.do
8682,José Medina Peña,Cedula,001-1008681-7,849-781-9681,jose.medina.8681@vimenca-demo.local
8683,Ana Morales Rodríguez,Cedula,001-1008682-8,829-782-9682,ana.morales.8682@email.do
8684,José Romero Cruz,Cedula,001-1008683-9,829-783-9683,jose.romero.8683@cliente.test
8685,Óscar Alvarez Ortiz,Cedula,001-1008684-1,829-784-9684,oscar.alvarez.8684@correo.com.do
8686,Pedro Vargas Rojas,Cedula,001-1008685-2,809-785-9685,pedro.vargas.8685@correo.com.do
8687,Yolanda Sánchez Torres,Cedula,001-1008686-3,809-786-9686,yolanda.sanchez.8686@cliente.test
8688,Laura Hernández Pérez,Cedula,001-1008687-4,809-787-9687,laura.hernandez.8687@email.do
8689,Isabella Reyes Flores,Cedula,001-1008688-5,849-788-9688,isabella.reyes.8688@vimenca-demo.local
8690,Karina Gutiérrez Rivera,Cedula,001-1008689-6,849-789-9689,karina.gutierrez.8689@correo.com.do
8691,Laura Peña Peña,Cedula,001-1008690-7,829-790-9690,laura.peña.8690@email.do
8692,Héctor Peña Gutiérrez,Cedula,001-1008691-8,809-791-9691,hector.peña.8691@cliente.test
8693,David Peña Mendoza,Cedula,001-1008692-9,829-792-9692,david.peña.8692@correo.com.do
8694,Karina Martínez Alvarez,Cedula,001-1008693-1,849-793-9693,karina.martinez.8693@correo.com.do
8695,Fernando Rojas Vargas,Cedula,001-1008694-2,809-794-9694,fernando.rojas.8694@vimenca-demo.local
8696,José Guerrero Morales,Cedula,001-1008695-3,809-795-9695,jose.guerrero.8695@vimenca-demo.local
8697,Isabella Rodríguez Reyes,Cedula,001-1008696-4,849-796-9696,isabella.rodriguez.8696@email.do
8698,Rosa Reyes Gutiérrez,Cedula,001-1008697-5,849-797-9697,rosa.reyes.8697@vimenca-demo.local
8699,Carmen Medina García,Cedula,001-1008698-6,829-798-9698,carmen.medina.8698@email.do
8700,Lucía Guerrero Alvarez,Cedula,001-1008699-7,829-799-9699,lucia.guerrero.8699@vimenca-demo.local
8701,Laura Morales Peña,Cedula,001-1008700-8,849-800-9700,laura.morales.8700@vimenca-demo.local
8702,Diana Mendoza Castillo,Cedula,001-1008701-9,829-801-9701,diana.mendoza.8701@correo.com.do
8703,Valeria Jiménez González,Cedula,001-1008702-1,809-802-9702,valeria.jimenez.8702@cliente.test
8704,Camila Rodríguez Jiménez,Cedula,001-1008703-2,809-803-9703,camila.rodriguez.8703@correo.com.do
8705,Andrés Rojas Reyes,Cedula,001-1008704-3,849-804-9704,andres.rojas.8704@email.do
8706,Ricardo Medina Flores,Cedula,001-1008705-4,849-805-9705,ricardo.medina.8705@email.do
8707,Pedro Morales Ortiz,Cedula,001-1008706-5,849-806-9706,pedro.morales.8706@vimenca-demo.local
8708,Claudia Gutiérrez Guerrero,Cedula,001-1008707-6,829-807-9707,claudia.gutierrez.8707@vimenca-demo.local
8709,Elena Cabrera Rodríguez,Cedula,001-1008708-7,849-808-9708,elena.cabrera.8708@vimenca-demo.local
8710,Karina Ramírez García,Cedula,001-1008709-8,809-809-9709,karina.ramirez.8709@email.do
8711,Carlos Reyes Vargas,Cedula,001-1008710-9,829-810-9710,carlos.reyes.8710@vimenca-demo.local
8712,Juan Rojas Mendoza,Cedula,001-1008711-1,809-811-9711,juan.rojas.8711@vimenca-demo.local
8713,Óscar Jiménez Jiménez,Cedula,001-1008712-2,809-812-9712,oscar.jimenez.8712@correo.com.do
8714,Alejandro Sánchez Ramírez,Cedula,001-1008713-3,809-813-9713,alejandro.sanchez.8713@correo.com.do
8715,Yolanda Jiménez Castillo,Cedula,001-1008714-4,829-814-9714,yolanda.jimenez.8714@cliente.test
8716,Carmen Torres García,Cedula,001-1008715-5,809-815-9715,carmen.torres.8715@email.do
8717,Jorge Rojas Cruz,Cedula,001-1008716-6,829-816-9716,jorge.rojas.8716@vimenca-demo.local
8718,Juan Torres García,Cedula,001-1008717-7,849-817-9717,juan.torres.8717@cliente.test
8719,Karina Pérez Medina,Cedula,001-1008718-8,829-818-9718,karina.perez.8718@vimenca-demo.local
8720,Luis Medina Sánchez,Cedula,001-1008719-9,809-819-9719,luis.medina.8719@cliente.test
8721,María García Pérez,Cedula,001-1008720-1,849-820-9720,maria.garcia.8720@email.do
8722,Yolanda Díaz Ramírez,Cedula,001-1008721-2,849-821-9721,yolanda.diaz.8721@correo.com.do
8723,Daniel García García,Cedula,001-1008722-3,809-822-9722,daniel.garcia.8722@vimenca-demo.local
8724,Carmen Martínez Castillo,Cedula,001-1008723-4,849-823-9723,carmen.martinez.8723@email.do
8725,Carlos Alvarez Mendoza,Cedula,001-1008724-5,849-824-9724,carlos.alvarez.8724@cliente.test
8726,Francisco Medina Peña,Cedula,001-1008725-6,829-825-9725,francisco.medina.8725@correo.com.do
8727,Lucía Rojas Pérez,Cedula,001-1008726-7,849-826-9726,lucia.rojas.8726@correo.com.do
8728,Sofía Peña Rodríguez,Cedula,001-1008727-8,829-827-9727,sofia.peña.8727@vimenca-demo.local
8729,Lucía Rivera Mendoza,Cedula,001-1008728-9,809-828-9728,lucia.rivera.8728@cliente.test
8730,Lucía Díaz Reyes,Cedula,001-1008729-1,849-829-9729,lucia.diaz.8729@cliente.test
8731,Iván Cabrera Ramírez,Cedula,001-1008730-2,829-830-9730,ivan.cabrera.8730@email.do
8732,David Vargas Castillo,Cedula,001-1008731-3,809-831-9731,david.vargas.8731@vimenca-demo.local
8733,Lucía Guerrero Pérez,Cedula,001-1008732-4,809-832-9732,lucia.guerrero.8732@vimenca-demo.local
8734,Andrea Sánchez Ortiz,Cedula,001-1008733-5,849-833-9733,andrea.sanchez.8733@email.do
8735,Carmen Alvarez Gutiérrez,Cedula,001-1008734-6,829-834-9734,carmen.alvarez.8734@email.do
8736,Elena Rojas González,Cedula,001-1008735-7,809-835-9735,elena.rojas.8735@vimenca-demo.local
8737,Camila Gómez Sánchez,Cedula,001-1008736-8,829-836-9736,camila.gomez.8736@vimenca-demo.local
8738,Pablo Castillo Morales,Cedula,001-1008737-9,829-837-9737,pablo.castillo.8737@correo.com.do
8739,David Hernández Rodríguez,Cedula,001-1008738-1,809-838-9738,david.hernandez.8738@email.do
8740,Camila Pérez Hernández,Cedula,001-1008739-2,849-839-9739,camila.perez.8739@cliente.test
8741,Claudia Gómez Rojas,Cedula,001-1008740-3,829-840-9740,claudia.gomez.8740@vimenca-demo.local
8742,Camila Reyes Cruz,Cedula,001-1008741-4,849-841-9741,camila.reyes.8741@correo.com.do
8743,David García Guerrero,Cedula,001-1008742-5,849-842-9742,david.garcia.8742@vimenca-demo.local
8744,Natalia Rivera Hernández,Cedula,001-1008743-6,849-843-9743,natalia.rivera.8743@correo.com.do
8745,Daniel Romero García,Cedula,001-1008744-7,849-844-9744,daniel.romero.8744@email.do
8746,Valeria Rivera Morales,Cedula,001-1008745-8,809-845-9745,valeria.rivera.8745@vimenca-demo.local
8747,Sofía Peña Gómez,Cedula,001-1008746-9,829-846-9746,sofia.peña.8746@correo.com.do
8748,Héctor Jiménez Peña,Cedula,001-1008747-1,829-847-9747,hector.jimenez.8747@vimenca-demo.local
8749,Jorge Jiménez Mendoza,Cedula,001-1008748-2,829-848-9748,jorge.jimenez.8748@email.do
8750,David Gutiérrez Gutiérrez,Cedula,001-1008749-3,809-849-9749,david.gutierrez.8749@correo.com.do
8751,Camila Alvarez Mendoza,Cedula,001-1008750-4,849-850-9750,camila.alvarez.8750@email.do
8752,Manuel Reyes Reyes,Cedula,001-1008751-5,829-851-9751,manuel.reyes.8751@vimenca-demo.local
8753,Iván Alvarez Guerrero,Cedula,001-1008752-6,849-852-9752,ivan.alvarez.8752@cliente.test
8754,Isabella Peña Ortiz,Cedula,001-1008753-7,829-853-9753,isabella.peña.8753@vimenca-demo.local
8755,Paola Rojas Sánchez,Cedula,001-1008754-8,829-854-9754,paola.rojas.8754@vimenca-demo.local
8756,Andrés González Ramírez,Cedula,001-1008755-9,809-855-9755,andres.gonzalez.8755@cliente.test
8757,Diana Romero Hernández,Cedula,001-1008756-1,829-856-9756,diana.romero.8756@email.do
8758,Yolanda Ortiz Jiménez,Cedula,001-1008757-2,809-857-9757,yolanda.ortiz.8757@correo.com.do
8759,Isabella Rodríguez Mendoza,Cedula,001-1008758-3,829-858-9758,isabella.rodriguez.8758@vimenca-demo.local
8760,Alejandro Jiménez Rivera,Cedula,001-1008759-4,849-859-9759,alejandro.jimenez.8759@vimenca-demo.local
8761,Héctor Reyes Cabrera,Cedula,001-1008760-5,849-860-9760,hector.reyes.8760@vimenca-demo.local
8762,Rafael Morales Morales,Cedula,001-1008761-6,809-861-9761,rafael.morales.8761@email.do
8763,Paola Gómez Medina,Cedula,001-1008762-7,849-862-9762,paola.gomez.8762@cliente.test
8764,Isabella Pérez González,Cedula,001-1008763-8,829-863-9763,isabella.perez.8763@vimenca-demo.local
8765,Karina Torres Gómez,Cedula,001-1008764-9,809-864-9764,karina.torres.8764@correo.com.do
8766,Iván Morales Reyes,Cedula,001-1008765-1,849-865-9765,ivan.morales.8765@vimenca-demo.local
8767,José Cruz Rivera,Cedula,001-1008766-2,809-866-9766,jose.cruz.8766@correo.com.do
8768,Manuel Ortiz González,Cedula,001-1008767-3,829-867-9767,manuel.ortiz.8767@cliente.test
8769,Alejandro Ramírez Medina,Cedula,001-1008768-4,829-868-9768,alejandro.ramirez.8768@correo.com.do
8770,Alejandro Pérez Mendoza,Cedula,001-1008769-5,829-869-9769,alejandro.perez.8769@email.do
8771,Rafael Ortiz Peña,Cedula,001-1008770-6,809-870-9770,rafael.ortiz.8770@correo.com.do
8772,David Rivera Díaz,Cedula,001-1008771-7,849-871-9771,david.rivera.8771@vimenca-demo.local
8773,Sofía Medina Rivera,Cedula,001-1008772-8,829-872-9772,sofia.medina.8772@vimenca-demo.local
8774,Claudia Gómez Cabrera,Cedula,001-1008773-9,829-873-9773,claudia.gomez.8773@vimenca-demo.local
8775,Ana Pérez Morales,Cedula,001-1008774-1,809-874-9774,ana.perez.8774@email.do
8776,Alejandro Medina Peña,Cedula,001-1008775-2,849-875-9775,alejandro.medina.8775@cliente.test
8777,Héctor Morales Gutiérrez,Cedula,001-1008776-3,849-876-9776,hector.morales.8776@correo.com.do
8778,Claudia Díaz Alvarez,Cedula,001-1008777-4,829-877-9777,claudia.diaz.8777@correo.com.do
8779,Karina Martínez García,Cedula,001-1008778-5,849-878-9778,karina.martinez.8778@cliente.test
8780,Luis Rivera Ramírez,Cedula,001-1008779-6,829-879-9779,luis.rivera.8779@correo.com.do
8781,Pedro Díaz Peña,Cedula,001-1008780-7,849-880-9780,pedro.diaz.8780@vimenca-demo.local
8782,Gabriela Ruiz Gómez,Cedula,001-1008781-8,809-881-9781,gabriela.ruiz.8781@email.do
8783,Karina Reyes Hernández,Cedula,001-1008782-9,809-882-9782,karina.reyes.8782@email.do
8784,Fernando Ruiz Cruz,Cedula,001-1008783-1,849-883-9783,fernando.ruiz.8783@correo.com.do
8785,Sofía Rojas Martínez,Cedula,001-1008784-2,809-884-9784,sofia.rojas.8784@cliente.test
8786,Lucía Hernández Cabrera,Cedula,001-1008785-3,849-885-9785,lucia.hernandez.8785@vimenca-demo.local
8787,José Martínez Rodríguez,Cedula,001-1008786-4,829-886-9786,jose.martinez.8786@vimenca-demo.local
8788,Natalia Ramírez Jiménez,Cedula,001-1008787-5,809-887-9787,natalia.ramirez.8787@correo.com.do
8789,Rafael Díaz Guerrero,Cedula,001-1008788-6,809-888-9788,rafael.diaz.8788@email.do
8790,Carlos Sánchez Cruz,Cedula,001-1008789-7,809-889-9789,carlos.sanchez.8789@vimenca-demo.local
8791,Carlos Jiménez Mendoza,Cedula,001-1008790-8,849-890-9790,carlos.jimenez.8790@email.do
8792,Sofía Mendoza Ramírez,Cedula,001-1008791-9,809-891-9791,sofia.mendoza.8791@cliente.test
8793,Isabella Hernández Rodríguez,Cedula,001-1008792-1,809-892-9792,isabella.hernandez.8792@email.do
8794,Sofía Ruiz Ruiz,Cedula,001-1008793-2,849-893-9793,sofia.ruiz.8793@cliente.test
8795,María Vargas Martínez,Cedula,001-1008794-3,849-894-9794,maria.vargas.8794@email.do
8796,Rosa Rivera Reyes,Cedula,001-1008795-4,829-895-9795,rosa.rivera.8795@correo.com.do
8797,Iván Morales Cruz,Cedula,001-1008796-5,849-896-9796,ivan.morales.8796@email.do
8798,Elena Cabrera Guerrero,Cedula,001-1008797-6,849-897-9797,elena.cabrera.8797@email.do
8799,Juan Ruiz Torres,Cedula,001-1008798-7,849-898-9798,juan.ruiz.8798@vimenca-demo.local
8800,Pedro Sánchez Rivera,Cedula,001-1008799-8,849-899-9799,pedro.sanchez.8799@email.do
8801,Fernando Morales Rivera,Cedula,001-1008800-9,829-500-9800,fernando.morales.8800@cliente.test
8802,Manuel Romero Guerrero,Cedula,001-1008801-1,829-501-9801,manuel.romero.8801@cliente.test
8803,Elena Rojas García,Cedula,001-1008802-2,829-502-9802,elena.rojas.8802@vimenca-demo.local
8804,Natalia Ramírez Alvarez,Cedula,001-1008803-3,829-503-9803,natalia.ramirez.8803@email.do
8805,Yolanda Guerrero Morales,Cedula,001-1008804-4,809-504-9804,yolanda.guerrero.8804@cliente.test
8806,Iván Jiménez Medina,Cedula,001-1008805-5,849-505-9805,ivan.jimenez.8805@vimenca-demo.local
8807,Pedro Castillo Mendoza,Cedula,001-1008806-6,829-506-9806,pedro.castillo.8806@cliente.test
8808,Rosa Flores Jiménez,Cedula,001-1008807-7,829-507-9807,rosa.flores.8807@email.do
8809,Ricardo Gutiérrez Reyes,Cedula,001-1008808-8,829-508-9808,ricardo.gutierrez.8808@correo.com.do
8810,Valeria Cruz Guerrero,Cedula,001-1008809-9,849-509-9809,valeria.cruz.8809@email.do
8811,Claudia Mendoza Gómez,Cedula,001-1008810-1,809-510-9810,claudia.mendoza.8810@email.do
8812,Daniel Gómez Medina,Cedula,001-1008811-2,829-511-9811,daniel.gomez.8811@cliente.test
8813,Rosa Vargas González,Cedula,001-1008812-3,849-512-9812,rosa.vargas.8812@email.do
8814,Elena García González,Cedula,001-1008813-4,849-513-9813,elena.garcia.8813@cliente.test
8815,Juan Rojas Ruiz,Cedula,001-1008814-5,829-514-9814,juan.rojas.8814@cliente.test
8816,Karina Cruz Cruz,Cedula,001-1008815-6,849-515-9815,karina.cruz.8815@cliente.test
8817,Lucía Martínez Cabrera,Cedula,001-1008816-7,849-516-9816,lucia.martinez.8816@correo.com.do
8818,Andrea Sánchez Guerrero,Cedula,001-1008817-8,849-517-9817,andrea.sanchez.8817@email.do
8819,Manuel Torres Castillo,Cedula,001-1008818-9,829-518-9818,manuel.torres.8818@email.do
8820,Ricardo Ruiz Ortiz,Cedula,001-1008819-1,809-519-9819,ricardo.ruiz.8819@email.do
8821,Luis Torres Reyes,Cedula,001-1008820-2,809-520-9820,luis.torres.8820@email.do
8822,Isabella Mendoza Ruiz,Cedula,001-1008821-3,809-521-9821,isabella.mendoza.8821@vimenca-demo.local
8823,Ricardo Castillo Mendoza,Cedula,001-1008822-4,809-522-9822,ricardo.castillo.8822@correo.com.do
8824,Camila Morales Ortiz,Cedula,001-1008823-5,849-523-9823,camila.morales.8823@vimenca-demo.local
8825,Lucía Gómez Ortiz,Cedula,001-1008824-6,809-524-9824,lucia.gomez.8824@email.do
8826,Valeria Medina Gómez,Cedula,001-1008825-7,849-525-9825,valeria.medina.8825@vimenca-demo.local
8827,Ricardo Castillo Medina,Cedula,001-1008826-8,849-526-9826,ricardo.castillo.8826@vimenca-demo.local
8828,Iván Castillo Cruz,Cedula,001-1008827-9,829-527-9827,ivan.castillo.8827@vimenca-demo.local
8829,Camila Cruz Ruiz,Cedula,001-1008828-1,809-528-9828,camila.cruz.8828@correo.com.do
8830,Jorge Gómez Martínez,Cedula,001-1008829-2,829-529-9829,jorge.gomez.8829@email.do
8831,Gabriela Vargas Morales,Cedula,001-1008830-3,849-530-9830,gabriela.vargas.8830@vimenca-demo.local
8832,Valeria Jiménez Flores,Cedula,001-1008831-4,829-531-9831,valeria.jimenez.8831@email.do
8833,Patricia Sánchez Reyes,Cedula,001-1008832-5,829-532-9832,patricia.sanchez.8832@correo.com.do
8834,Héctor Pérez Flores,Cedula,001-1008833-6,829-533-9833,hector.perez.8833@cliente.test
8835,Carmen Cabrera Flores,Cedula,001-1008834-7,809-534-9834,carmen.cabrera.8834@vimenca-demo.local
8836,Carlos Rodríguez Rivera,Cedula,001-1008835-8,809-535-9835,carlos.rodriguez.8835@email.do
8837,Camila Morales Reyes,Cedula,001-1008836-9,829-536-9836,camila.morales.8836@vimenca-demo.local
8838,Rafael Rojas Díaz,Cedula,001-1008837-1,809-537-9837,rafael.rojas.8837@email.do
8839,Sofía Gómez Martínez,Cedula,001-1008838-2,849-538-9838,sofia.gomez.8838@correo.com.do
8840,Lucía Díaz Castillo,Cedula,001-1008839-3,829-539-9839,lucia.diaz.8839@correo.com.do
8841,Héctor Díaz Vargas,Cedula,001-1008840-4,809-540-9840,hector.diaz.8840@correo.com.do
8842,Patricia Gómez Cabrera,Cedula,001-1008841-5,809-541-9841,patricia.gomez.8841@vimenca-demo.local
8843,Andrea Martínez Vargas,Cedula,001-1008842-6,809-542-9842,andrea.martinez.8842@vimenca-demo.local
8844,Ana Guerrero Sánchez,Cedula,001-1008843-7,829-543-9843,ana.guerrero.8843@cliente.test
8845,Héctor Mendoza Ramírez,Cedula,001-1008844-8,829-544-9844,hector.mendoza.8844@email.do
8846,Karina Mendoza Mendoza,Cedula,001-1008845-9,829-545-9845,karina.mendoza.8845@correo.com.do
8847,Francisco Ramírez Ramírez,Cedula,001-1008846-1,809-546-9846,francisco.ramirez.8846@correo.com.do
8848,Fernando Rodríguez Peña,Cedula,001-1008847-2,849-547-9847,fernando.rodriguez.8847@correo.com.do
8849,Isabella Rodríguez Rodríguez,Cedula,001-1008848-3,809-548-9848,isabella.rodriguez.8848@vimenca-demo.local
8850,Francisco Jiménez Martínez,Cedula,001-1008849-4,829-549-9849,francisco.jimenez.8849@vimenca-demo.local
8851,Pablo Cabrera Guerrero,Cedula,001-1008850-5,849-550-9850,pablo.cabrera.8850@vimenca-demo.local
8852,Héctor Díaz Jiménez,Cedula,001-1008851-6,829-551-9851,hector.diaz.8851@correo.com.do
8853,Francisco Ortiz García,Cedula,001-1008852-7,829-552-9852,francisco.ortiz.8852@email.do
8854,Claudia Jiménez Morales,Cedula,001-1008853-8,809-553-9853,claudia.jimenez.8853@correo.com.do
8855,Diana Ramírez Gómez,Cedula,001-1008854-9,809-554-9854,diana.ramirez.8854@email.do
8856,Rosa Rojas García,Cedula,001-1008855-1,829-555-9855,rosa.rojas.8855@cliente.test
8857,Alejandro Pérez Torres,Cedula,001-1008856-2,829-556-9856,alejandro.perez.8856@correo.com.do
8858,Miguel García Jiménez,Cedula,001-1008857-3,809-557-9857,miguel.garcia.8857@email.do
8859,Rafael Cruz Ruiz,Cedula,001-1008858-4,829-558-9858,rafael.cruz.8858@cliente.test
8860,David Medina Peña,Cedula,001-1008859-5,829-559-9859,david.medina.8859@email.do
8861,Andrés Rivera Reyes,Cedula,001-1008860-6,809-560-9860,andres.rivera.8860@email.do
8862,Carlos Rivera Torres,Cedula,001-1008861-7,849-561-9861,carlos.rivera.8861@correo.com.do
8863,Francisco Reyes Rivera,Cedula,001-1008862-8,809-562-9862,francisco.reyes.8862@email.do
8864,Ana Morales Morales,Cedula,001-1008863-9,829-563-9863,ana.morales.8863@cliente.test
8865,Fernando Rojas Rodríguez,Cedula,001-1008864-1,809-564-9864,fernando.rojas.8864@email.do
8866,Carmen Cruz Martínez,Cedula,001-1008865-2,829-565-9865,carmen.cruz.8865@cliente.test
8867,David Gutiérrez García,Cedula,001-1008866-3,809-566-9866,david.gutierrez.8866@cliente.test
8868,Valeria Reyes Gómez,Cedula,001-1008867-4,829-567-9867,valeria.reyes.8867@vimenca-demo.local
8869,Manuel Morales Reyes,Cedula,001-1008868-5,809-568-9868,manuel.morales.8868@email.do
8870,Sofía Cruz Vargas,Cedula,001-1008869-6,849-569-9869,sofia.cruz.8869@cliente.test
8871,Luis González Reyes,Cedula,001-1008870-7,809-570-9870,luis.gonzalez.8870@vimenca-demo.local
8872,Juan García Cabrera,Cedula,001-1008871-8,849-571-9871,juan.garcia.8871@vimenca-demo.local
8873,Óscar Ruiz Ortiz,Cedula,001-1008872-9,829-572-9872,oscar.ruiz.8872@correo.com.do
8874,Karina García Gómez,Cedula,001-1008873-1,809-573-9873,karina.garcia.8873@cliente.test
8875,Miguel Sánchez Martínez,Cedula,001-1008874-2,829-574-9874,miguel.sanchez.8874@correo.com.do
8876,Pablo Rojas Mendoza,Cedula,001-1008875-3,809-575-9875,pablo.rojas.8875@email.do
8877,Sofía Díaz Medina,Cedula,001-1008876-4,849-576-9876,sofia.diaz.8876@email.do
8878,Patricia Alvarez Mendoza,Cedula,001-1008877-5,809-577-9877,patricia.alvarez.8877@email.do
8879,Alejandro Flores Gutiérrez,Cedula,001-1008878-6,849-578-9878,alejandro.flores.8878@vimenca-demo.local
8880,Karina Mendoza Gómez,Cedula,001-1008879-7,829-579-9879,karina.mendoza.8879@correo.com.do
8881,David Ortiz Guerrero,Cedula,001-1008880-8,829-580-9880,david.ortiz.8880@correo.com.do
8882,Karina Rivera Ramírez,Cedula,001-1008881-9,809-581-9881,karina.rivera.8881@email.do
8883,Lucía Torres Rodríguez,Cedula,001-1008882-1,829-582-9882,lucia.torres.8882@email.do
8884,Ana Cruz Castillo,Cedula,001-1008883-2,829-583-9883,ana.cruz.8883@vimenca-demo.local
8885,Lucía Medina Gómez,Cedula,001-1008884-3,849-584-9884,lucia.medina.8884@vimenca-demo.local
8886,Andrés Hernández García,Cedula,001-1008885-4,849-585-9885,andres.hernandez.8885@email.do
8887,Carlos Rivera Martínez,Cedula,001-1008886-5,829-586-9886,carlos.rivera.8886@correo.com.do
8888,Rosa Ruiz Gutiérrez,Cedula,001-1008887-6,829-587-9887,rosa.ruiz.8887@correo.com.do
8889,Rafael Rodríguez Jiménez,Cedula,001-1008888-7,809-588-9888,rafael.rodriguez.8888@email.do
8890,Diana Cruz Alvarez,Cedula,001-1008889-8,849-589-9889,diana.cruz.8889@vimenca-demo.local
8891,Sofía Torres Morales,Cedula,001-1008890-9,809-590-9890,sofia.torres.8890@email.do
8892,Juan Gómez Ortiz,Cedula,001-1008891-1,849-591-9891,juan.gomez.8891@vimenca-demo.local
8893,Rosa Ramírez Reyes,Cedula,001-1008892-2,809-592-9892,rosa.ramirez.8892@correo.com.do
8894,Paola Guerrero Ruiz,Cedula,001-1008893-3,809-593-9893,paola.guerrero.8893@vimenca-demo.local
8895,Fernando Alvarez Flores,Cedula,001-1008894-4,829-594-9894,fernando.alvarez.8894@email.do
8896,Iván Rodríguez Vargas,Cedula,001-1008895-5,809-595-9895,ivan.rodriguez.8895@email.do
8897,Pablo García Guerrero,Cedula,001-1008896-6,829-596-9896,pablo.garcia.8896@vimenca-demo.local
8898,Luis Pérez Guerrero,Cedula,001-1008897-7,829-597-9897,luis.perez.8897@email.do
8899,Claudia Sánchez Ruiz,Cedula,001-1008898-8,809-598-9898,claudia.sanchez.8898@email.do
8900,Paola Romero Ortiz,Cedula,001-1008899-9,829-599-9899,paola.romero.8899@correo.com.do
8901,Andrea Díaz Cruz,Cedula,001-1008900-1,829-600-9900,andrea.diaz.8900@correo.com.do
8902,Ricardo Jiménez Reyes,Cedula,001-1008901-2,809-601-9901,ricardo.jimenez.8901@vimenca-demo.local
8903,Jorge Jiménez Pérez,Cedula,001-1008902-3,849-602-9902,jorge.jimenez.8902@cliente.test
8904,Sofía Mendoza Alvarez,Cedula,001-1008903-4,809-603-9903,sofia.mendoza.8903@email.do
8905,Miguel Rodríguez Castillo,Cedula,001-1008904-5,849-604-9904,miguel.rodriguez.8904@vimenca-demo.local
8906,Alejandro Cabrera Guerrero,Cedula,001-1008905-6,829-605-9905,alejandro.cabrera.8905@correo.com.do
8907,Yolanda Alvarez Ruiz,Cedula,001-1008906-7,809-606-9906,yolanda.alvarez.8906@email.do
8908,Miguel Ortiz Hernández,Cedula,001-1008907-8,829-607-9907,miguel.ortiz.8907@email.do
8909,Diana Vargas Ortiz,Cedula,001-1008908-9,849-608-9908,diana.vargas.8908@correo.com.do
8910,Yolanda Mendoza Guerrero,Cedula,001-1008909-1,849-609-9909,yolanda.mendoza.8909@vimenca-demo.local
8911,Rosa Rodríguez Cruz,Cedula,001-1008910-2,849-610-9910,rosa.rodriguez.8910@vimenca-demo.local
8912,Diana Peña Rojas,Cedula,001-1008911-3,809-611-9911,diana.peña.8911@vimenca-demo.local
8913,David Hernández Ramírez,Cedula,001-1008912-4,829-612-9912,david.hernandez.8912@vimenca-demo.local
8914,José Castillo Ortiz,Cedula,001-1008913-5,829-613-9913,jose.castillo.8913@cliente.test
8915,Juan Hernández Flores,Cedula,001-1008914-6,809-614-9914,juan.hernandez.8914@cliente.test
8916,Juan Ortiz Ruiz,Cedula,001-1008915-7,829-615-9915,juan.ortiz.8915@vimenca-demo.local
8917,Manuel Vargas Romero,Cedula,001-1008916-8,829-616-9916,manuel.vargas.8916@email.do
8918,Andrés Hernández Castillo,Cedula,001-1008917-9,829-617-9917,andres.hernandez.8917@email.do
8919,José Alvarez González,Cedula,001-1008918-1,849-618-9918,jose.alvarez.8918@cliente.test
8920,Miguel Pérez Ruiz,Cedula,001-1008919-2,849-619-9919,miguel.perez.8919@cliente.test
8921,José Romero Pérez,Cedula,001-1008920-3,849-620-9920,jose.romero.8920@correo.com.do
8922,Patricia Morales Guerrero,Cedula,001-1008921-4,849-621-9921,patricia.morales.8921@correo.com.do
8923,Miguel Hernández Flores,Cedula,001-1008922-5,849-622-9922,miguel.hernandez.8922@correo.com.do
8924,Miguel Vargas Reyes,Cedula,001-1008923-6,809-623-9923,miguel.vargas.8923@correo.com.do
8925,Carmen González Ortiz,Cedula,001-1008924-7,849-624-9924,carmen.gonzalez.8924@cliente.test
8926,María Gutiérrez García,Cedula,001-1008925-8,849-625-9925,maria.gutierrez.8925@vimenca-demo.local
8927,Lucía Reyes Reyes,Cedula,001-1008926-9,829-626-9926,lucia.reyes.8926@cliente.test
8928,Luis Martínez Flores,Cedula,001-1008927-1,809-627-9927,luis.martinez.8927@cliente.test
8929,Ricardo Gutiérrez González,Cedula,001-1008928-2,809-628-9928,ricardo.gutierrez.8928@correo.com.do
8930,Paola Gómez Morales,Cedula,001-1008929-3,829-629-9929,paola.gomez.8929@cliente.test
8931,Óscar García Ortiz,Cedula,001-1008930-4,809-630-9930,oscar.garcia.8930@cliente.test
8932,Daniel Jiménez Díaz,Cedula,001-1008931-5,849-631-9931,daniel.jimenez.8931@cliente.test
8933,Paola Castillo Pérez,Cedula,001-1008932-6,809-632-9932,paola.castillo.8932@email.do
8934,Carlos Díaz Rojas,Cedula,001-1008933-7,809-633-9933,carlos.diaz.8933@correo.com.do
8935,Alejandro Cruz Torres,Cedula,001-1008934-8,829-634-9934,alejandro.cruz.8934@cliente.test
8936,Lucía Medina Castillo,Cedula,001-1008935-9,829-635-9935,lucia.medina.8935@email.do
8937,Carlos Rodríguez Ortiz,Cedula,001-1008936-1,809-636-9936,carlos.rodriguez.8936@vimenca-demo.local
8938,Óscar Reyes Romero,Cedula,001-1008937-2,849-637-9937,oscar.reyes.8937@vimenca-demo.local
8939,Lucía Morales Vargas,Cedula,001-1008938-3,809-638-9938,lucia.morales.8938@cliente.test
8940,Alejandro Ruiz Pérez,Cedula,001-1008939-4,849-639-9939,alejandro.ruiz.8939@email.do
8941,Andrés Ortiz Romero,Cedula,001-1008940-5,829-640-9940,andres.ortiz.8940@cliente.test
8942,Camila Reyes Rivera,Cedula,001-1008941-6,829-641-9941,camila.reyes.8941@cliente.test
8943,Yolanda Torres Díaz,Cedula,001-1008942-7,849-642-9942,yolanda.torres.8942@vimenca-demo.local
8944,Natalia Rivera Ramírez,Cedula,001-1008943-8,829-643-9943,natalia.rivera.8943@email.do
8945,Ricardo Jiménez Hernández,Cedula,001-1008944-9,809-644-9944,ricardo.jimenez.8944@cliente.test
8946,Ana Díaz González,Cedula,001-1008945-1,809-645-9945,ana.diaz.8945@correo.com.do
8947,Claudia Ramírez Rodríguez,Cedula,001-1008946-2,829-646-9946,claudia.ramirez.8946@cliente.test
8948,Óscar Vargas Hernández,Cedula,001-1008947-3,809-647-9947,oscar.vargas.8947@correo.com.do
8949,Ricardo Medina Ortiz,Cedula,001-1008948-4,849-648-9948,ricardo.medina.8948@correo.com.do
8950,Pedro Hernández Morales,Cedula,001-1008949-5,809-649-9949,pedro.hernandez.8949@email.do
8951,Alejandro Torres Castillo,Cedula,001-1008950-6,809-650-9950,alejandro.torres.8950@correo.com.do
8952,Miguel Torres Alvarez,Cedula,001-1008951-7,849-651-9951,miguel.torres.8951@cliente.test
8953,Laura Rodríguez Gómez,Cedula,001-1008952-8,849-652-9952,laura.rodriguez.8952@cliente.test
8954,Francisco Gutiérrez Medina,Cedula,001-1008953-9,829-653-9953,francisco.gutierrez.8953@cliente.test
8955,Patricia Torres Gómez,Cedula,001-1008954-1,809-654-9954,patricia.torres.8954@vimenca-demo.local
8956,Óscar Mendoza Sánchez,Cedula,001-1008955-2,809-655-9955,oscar.mendoza.8955@correo.com.do
8957,Yolanda Castillo Flores,Cedula,001-1008956-3,829-656-9956,yolanda.castillo.8956@cliente.test
8958,Gabriela Gutiérrez Pérez,Cedula,001-1008957-4,809-657-9957,gabriela.gutierrez.8957@correo.com.do
8959,Natalia Sánchez Cruz,Cedula,001-1008958-5,829-658-9958,natalia.sanchez.8958@email.do
8960,Alejandro Pérez Reyes,Cedula,001-1008959-6,849-659-9959,alejandro.perez.8959@email.do
8961,María Medina González,Cedula,001-1008960-7,849-660-9960,maria.medina.8960@email.do
8962,Patricia Martínez Reyes,Cedula,001-1008961-8,849-661-9961,patricia.martinez.8961@cliente.test
8963,Óscar Gómez Cabrera,Cedula,001-1008962-9,809-662-9962,oscar.gomez.8962@correo.com.do
8964,Paola Vargas Flores,Cedula,001-1008963-1,829-663-9963,paola.vargas.8963@cliente.test
8965,Luis Gómez Gómez,Cedula,001-1008964-2,849-664-9964,luis.gomez.8964@cliente.test
8966,Isabella Romero Ortiz,Cedula,001-1008965-3,829-665-9965,isabella.romero.8965@correo.com.do
8967,Rosa Ramírez Martínez,Cedula,001-1008966-4,849-666-9966,rosa.ramirez.8966@email.do
8968,Rosa Ramírez Rivera,Cedula,001-1008967-5,809-667-9967,rosa.ramirez.8967@vimenca-demo.local
8969,Jorge Torres Gutiérrez,Cedula,001-1008968-6,809-668-9968,jorge.torres.8968@correo.com.do
8970,David Ortiz Díaz,Cedula,001-1008969-7,849-669-9969,david.ortiz.8969@correo.com.do
8971,Manuel Cabrera Reyes,Cedula,001-1008970-8,809-670-9970,manuel.cabrera.8970@email.do
8972,Claudia Flores Gutiérrez,Cedula,001-1008971-9,849-671-9971,claudia.flores.8971@correo.com.do
8973,Carmen Cruz Hernández,Cedula,001-1008972-1,829-672-9972,carmen.cruz.8972@vimenca-demo.local
8974,Jorge Morales Sánchez,Cedula,001-1008973-2,809-673-9973,jorge.morales.8973@vimenca-demo.local
8975,Carmen Hernández Pérez,Cedula,001-1008974-3,849-674-9974,carmen.hernandez.8974@cliente.test
8976,Ricardo Cabrera Guerrero,Cedula,001-1008975-4,809-675-9975,ricardo.cabrera.8975@cliente.test
8977,Lucía Ruiz Gómez,Cedula,001-1008976-5,809-676-9976,lucia.ruiz.8976@vimenca-demo.local
8978,Fernando Hernández Alvarez,Cedula,001-1008977-6,809-677-9977,fernando.hernandez.8977@vimenca-demo.local
8979,Karina Vargas Peña,Cedula,001-1008978-7,829-678-9978,karina.vargas.8978@vimenca-demo.local
8980,Rafael Rodríguez Medina,Cedula,001-1008979-8,809-679-9979,rafael.rodriguez.8979@correo.com.do
8981,Rosa González Rojas,Cedula,001-1008980-9,849-680-9980,rosa.gonzalez.8980@cliente.test
8982,Karina Ortiz Flores,Cedula,001-1008981-1,829-681-9981,karina.ortiz.8981@email.do
8983,Elena Guerrero Hernández,Cedula,001-1008982-2,809-682-9982,elena.guerrero.8982@email.do
8984,Juan Pérez Rojas,Cedula,001-1008983-3,849-683-9983,juan.perez.8983@correo.com.do
8985,Andrea Cabrera Vargas,Cedula,001-1008984-4,849-684-9984,andrea.cabrera.8984@cliente.test
8986,Claudia Vargas Pérez,Cedula,001-1008985-5,809-685-9985,claudia.vargas.8985@email.do
8987,Karina Torres Díaz,Cedula,001-1008986-6,829-686-9986,karina.torres.8986@cliente.test
8988,Laura Gutiérrez Rivera,Cedula,001-1008987-7,809-687-9987,laura.gutierrez.8987@correo.com.do
8989,Pedro Gómez Mendoza,Cedula,001-1008988-8,809-688-9988,pedro.gomez.8988@cliente.test
8990,Carmen Rivera Reyes,Cedula,001-1008989-9,829-689-9989,carmen.rivera.8989@vimenca-demo.local
8991,Luis Vargas Martínez,Cedula,001-1008990-1,829-690-9990,luis.vargas.8990@cliente.test
8992,María Cruz Sánchez,Cedula,001-1008991-2,829-691-9991,maria.cruz.8991@vimenca-demo.local
8993,Daniel Rivera Morales,Cedula,001-1008992-3,809-692-9992,daniel.rivera.8992@email.do
8994,Pérez & Guerrero SRL,RNC,1300008993,829-693-9993,ana.perez.8993@email.do
8995,Valeria Medina Cruz,Cedula,001-1008994-5,809-694-9994,valeria.medina.8994@email.do
8996,Sofía Hernández Rivera,Cedula,001-1008995-6,829-695-9995,sofia.hernandez.8995@correo.com.do
8997,Pedro Alvarez Reyes,Cedula,001-1008996-7,849-696-9996,pedro.alvarez.8996@email.do
8998,Diana Torres Flores,Cedula,001-1008997-8,829-697-9997,diana.torres.8997@cliente.test
8999,Luis Peña Medina,Cedula,001-1008998-9,829-698-9998,luis.peña.8998@vimenca-demo.local
9000,Gabriela Castillo Rodríguez,Cedula,001-1008999-1,829-699-9999,gabriela.castillo.8999@correo.com.do
9001,Luis Medina Medina,Cedula,001-1009000-2,849-700-1000,luis.medina.9000@email.do
9002,Lucía Rojas Martínez,Cedula,001-1009001-3,829-701-1001,lucia.rojas.9001@correo.com.do
9003,Paola Alvarez Díaz,Cedula,001-1009002-4,829-702-1002,paola.alvarez.9002@correo.com.do
9004,Carmen Gómez González,Cedula,001-1009003-5,829-703-1003,carmen.gomez.9003@correo.com.do
9005,Pedro Romero Sánchez,Cedula,001-1009004-6,809-704-1004,pedro.romero.9004@correo.com.do
9006,María Rivera Vargas,Cedula,001-1009005-7,829-705-1005,maria.rivera.9005@correo.com.do
9007,David Cruz Martínez,Cedula,001-1009006-8,849-706-1006,david.cruz.9006@cliente.test
9008,Carlos Cabrera Jiménez,Cedula,001-1009007-9,829-707-1007,carlos.cabrera.9007@vimenca-demo.local
9009,Valeria Castillo Guerrero,Cedula,001-1009008-1,849-708-1008,valeria.castillo.9008@correo.com.do
9010,David Flores Pérez,Cedula,001-1009009-2,809-709-1009,david.flores.9009@email.do
9011,Carmen Morales Cruz,Cedula,001-1009010-3,849-710-1010,carmen.morales.9010@vimenca-demo.local
9012,Juan González Gutiérrez,Cedula,001-1009011-4,849-711-1011,juan.gonzalez.9011@vimenca-demo.local
9013,Miguel Gómez Cabrera,Cedula,001-1009012-5,849-712-1012,miguel.gomez.9012@cliente.test
9014,Daniel Ruiz Pérez,Cedula,001-1009013-6,849-713-1013,daniel.ruiz.9013@cliente.test
9015,Claudia Pérez Castillo,Cedula,001-1009014-7,849-714-1014,claudia.perez.9014@vimenca-demo.local
9016,Gabriela Ruiz Sánchez,Cedula,001-1009015-8,849-715-1015,gabriela.ruiz.9015@correo.com.do
9017,David Sánchez Romero,Cedula,001-1009016-9,849-716-1016,david.sanchez.9016@vimenca-demo.local
9018,Ana Sánchez Martínez,Cedula,001-1009017-1,849-717-1017,ana.sanchez.9017@correo.com.do
9019,Rafael Vargas Rivera,Cedula,001-1009018-2,849-718-1018,rafael.vargas.9018@email.do
9020,Karina Peña Jiménez,Cedula,001-1009019-3,849-719-1019,karina.peña.9019@vimenca-demo.local
9021,Andrés Rivera Pérez,Cedula,001-1009020-4,809-720-1020,andres.rivera.9020@vimenca-demo.local
9022,Pedro Ramírez Guerrero,Cedula,001-1009021-5,849-721-1021,pedro.ramirez.9021@vimenca-demo.local
9023,Fernando Cabrera Hernández,Cedula,001-1009022-6,849-722-1022,fernando.cabrera.9022@email.do
9024,Andrés Rivera Rojas,Cedula,001-1009023-7,829-723-1023,andres.rivera.9023@email.do
9025,Daniel González García,Cedula,001-1009024-8,809-724-1024,daniel.gonzalez.9024@correo.com.do
9026,José Pérez Reyes,Cedula,001-1009025-9,809-725-1025,jose.perez.9025@vimenca-demo.local
9027,Manuel Rodríguez Jiménez,Cedula,001-1009026-1,849-726-1026,manuel.rodriguez.9026@vimenca-demo.local
9028,Rosa Morales Jiménez,Cedula,001-1009027-2,829-727-1027,rosa.morales.9027@cliente.test
9029,Alejandro Jiménez Rivera,Cedula,001-1009028-3,849-728-1028,alejandro.jimenez.9028@correo.com.do
9030,Andrea González Reyes,Cedula,001-1009029-4,849-729-1029,andrea.gonzalez.9029@email.do
9031,Andrés Torres Castillo,Cedula,001-1009030-5,829-730-1030,andres.torres.9030@cliente.test
9032,Daniel Jiménez Pérez,Cedula,001-1009031-6,829-731-1031,daniel.jimenez.9031@cliente.test
9033,Elena Mendoza Vargas,Cedula,001-1009032-7,829-732-1032,elena.mendoza.9032@correo.com.do
9034,Carmen Medina González,Cedula,001-1009033-8,849-733-1033,carmen.medina.9033@correo.com.do
9035,José Cabrera Pérez,Cedula,001-1009034-9,809-734-1034,jose.cabrera.9034@correo.com.do
9036,Luis Gutiérrez Gómez,Cedula,001-1009035-1,809-735-1035,luis.gutierrez.9035@email.do
9037,Rafael Díaz Cruz,Cedula,001-1009036-2,809-736-1036,rafael.diaz.9036@email.do
9038,Diana Sánchez Ruiz,Cedula,001-1009037-3,849-737-1037,diana.sanchez.9037@vimenca-demo.local
9039,Juan Romero González,Cedula,001-1009038-4,849-738-1038,juan.romero.9038@email.do
9040,Valeria Cruz Sánchez,Cedula,001-1009039-5,829-739-1039,valeria.cruz.9039@cliente.test
9041,Pedro Vargas Torres,Cedula,001-1009040-6,809-740-1040,pedro.vargas.9040@email.do
9042,Francisco Gómez Torres,Cedula,001-1009041-7,809-741-1041,francisco.gomez.9041@vimenca-demo.local
9043,Sofía Ruiz Morales,Cedula,001-1009042-8,809-742-1042,sofia.ruiz.9042@cliente.test
9044,Iván Ortiz Cruz,Cedula,001-1009043-9,829-743-1043,ivan.ortiz.9043@correo.com.do
9045,Francisco Jiménez Peña,Cedula,001-1009044-1,849-744-1044,francisco.jimenez.9044@email.do
9046,Karina Alvarez Ruiz,Cedula,001-1009045-2,849-745-1045,karina.alvarez.9045@cliente.test
9047,Óscar Mendoza Cruz,Cedula,001-1009046-3,829-746-1046,oscar.mendoza.9046@cliente.test
9048,Luis Ruiz Mendoza,Cedula,001-1009047-4,829-747-1047,luis.ruiz.9047@cliente.test
9049,Francisco Martínez Rodríguez,Cedula,001-1009048-5,849-748-1048,francisco.martinez.9048@cliente.test
9050,David Sánchez Medina,Cedula,001-1009049-6,849-749-1049,david.sanchez.9049@vimenca-demo.local
9051,Luis García Torres,Cedula,001-1009050-7,849-750-1050,luis.garcia.9050@email.do
9052,Carlos Cabrera Medina,Cedula,001-1009051-8,809-751-1051,carlos.cabrera.9051@vimenca-demo.local
9053,José Mendoza Castillo,Cedula,001-1009052-9,809-752-1052,jose.mendoza.9052@cliente.test
9054,Diana Medina Reyes,Cedula,001-1009053-1,829-753-1053,diana.medina.9053@email.do
9055,Elena Sánchez Morales,Cedula,001-1009054-2,829-754-1054,elena.sanchez.9054@vimenca-demo.local
9056,Miguel Morales Romero,Cedula,001-1009055-3,849-755-1055,miguel.morales.9055@email.do
9057,Ana Ortiz Rojas,Cedula,001-1009056-4,849-756-1056,ana.ortiz.9056@cliente.test
9058,Patricia Hernández Ruiz,Cedula,001-1009057-5,849-757-1057,patricia.hernandez.9057@vimenca-demo.local
9059,Ana Torres Ruiz,Cedula,001-1009058-6,849-758-1058,ana.torres.9058@correo.com.do
9060,María Medina Peña,Cedula,001-1009059-7,829-759-1059,maria.medina.9059@email.do
9061,Carmen Castillo Vargas,Cedula,001-1009060-8,829-760-1060,carmen.castillo.9060@email.do
9062,Natalia Vargas Morales,Cedula,001-1009061-9,829-761-1061,natalia.vargas.9061@correo.com.do
9063,Carlos Flores Sánchez,Cedula,001-1009062-1,829-762-1062,carlos.flores.9062@email.do
9064,Pablo Alvarez Vargas,Cedula,001-1009063-2,809-763-1063,pablo.alvarez.9063@email.do
9065,Lucía Jiménez Jiménez,Cedula,001-1009064-3,849-764-1064,lucia.jimenez.9064@vimenca-demo.local
9066,Sofía Martínez Guerrero,Cedula,001-1009065-4,849-765-1065,sofia.martinez.9065@correo.com.do
9067,Óscar Castillo Hernández,Cedula,001-1009066-5,849-766-1066,oscar.castillo.9066@email.do
9068,Pedro Vargas Ramírez,Cedula,001-1009067-6,809-767-1067,pedro.vargas.9067@vimenca-demo.local
9069,Rosa Mendoza Reyes,Cedula,001-1009068-7,829-768-1068,rosa.mendoza.9068@correo.com.do
9070,Juan Guerrero Ortiz,Cedula,001-1009069-8,829-769-1069,juan.guerrero.9069@correo.com.do
9071,Gabriela Díaz García,Cedula,001-1009070-9,849-770-1070,gabriela.diaz.9070@vimenca-demo.local
9072,Diana Castillo Hernández,Cedula,001-1009071-1,809-771-1071,diana.castillo.9071@cliente.test
9073,Jorge Reyes Cruz,Cedula,001-1009072-2,849-772-1072,jorge.reyes.9072@cliente.test
9074,Héctor González Alvarez,Cedula,001-1009073-3,809-773-1073,hector.gonzalez.9073@correo.com.do
9075,Andrea Peña García,Cedula,001-1009074-4,849-774-1074,andrea.peña.9074@vimenca-demo.local
9076,Jorge Martínez Jiménez,Cedula,001-1009075-5,849-775-1075,jorge.martinez.9075@vimenca-demo.local
9077,Elena Romero Díaz,Cedula,001-1009076-6,849-776-1076,elena.romero.9076@vimenca-demo.local
9078,María Sánchez Cabrera,Cedula,001-1009077-7,849-777-1077,maria.sanchez.9077@vimenca-demo.local
9079,David Gómez Pérez,Cedula,001-1009078-8,809-778-1078,david.gomez.9078@email.do
9080,Carlos Romero Gómez,Cedula,001-1009079-9,829-779-1079,carlos.romero.9079@correo.com.do
9081,Diana Pérez Hernández,Cedula,001-1009080-1,809-780-1080,diana.perez.9080@cliente.test
9082,Jorge Pérez Peña,Cedula,001-1009081-2,809-781-1081,jorge.perez.9081@correo.com.do
9083,Yolanda Morales Ortiz,Cedula,001-1009082-3,829-782-1082,yolanda.morales.9082@vimenca-demo.local
9084,Rafael Castillo Torres,Cedula,001-1009083-4,809-783-1083,rafael.castillo.9083@cliente.test
9085,Fernando Alvarez Díaz,Cedula,001-1009084-5,829-784-1084,fernando.alvarez.9084@correo.com.do
9086,José Flores Martínez,Cedula,001-1009085-6,809-785-1085,jose.flores.9085@cliente.test
9087,Isabella Cabrera Peña,Cedula,001-1009086-7,809-786-1086,isabella.cabrera.9086@email.do
9088,Sofía Flores González,Cedula,001-1009087-8,849-787-1087,sofia.flores.9087@cliente.test
9089,Isabella Guerrero Gutiérrez,Cedula,001-1009088-9,809-788-1088,isabella.guerrero.9088@cliente.test
9090,Carmen Cabrera Guerrero,Cedula,001-1009089-1,809-789-1089,carmen.cabrera.9089@email.do
9091,Andrea Pérez González,Cedula,001-1009090-2,829-790-1090,andrea.perez.9090@correo.com.do
9092,Miguel Cabrera Medina,Cedula,001-1009091-3,829-791-1091,miguel.cabrera.9091@email.do
9093,Rosa Castillo Reyes,Cedula,001-1009092-4,809-792-1092,rosa.castillo.9092@vimenca-demo.local
9094,Andrés Martínez Cabrera,Cedula,001-1009093-5,829-793-1093,andres.martinez.9093@email.do
9095,Daniel Hernández Morales,Cedula,001-1009094-6,829-794-1094,daniel.hernandez.9094@email.do
9096,Laura Martínez Martínez,Cedula,001-1009095-7,849-795-1095,laura.martinez.9095@vimenca-demo.local
9097,Laura Torres Pérez,Cedula,001-1009096-8,849-796-1096,laura.torres.9096@correo.com.do
9098,Camila Cruz Sánchez,Cedula,001-1009097-9,809-797-1097,camila.cruz.9097@email.do
9099,Óscar Romero Alvarez,Cedula,001-1009098-1,849-798-1098,oscar.romero.9098@vimenca-demo.local
9100,Valeria Castillo Guerrero,Cedula,001-1009099-2,809-799-1099,valeria.castillo.9099@correo.com.do
9101,Sofía Guerrero Peña,Cedula,001-1009100-3,849-800-1100,sofia.guerrero.9100@correo.com.do
9102,José Torres Mendoza,Cedula,001-1009101-4,829-801-1101,jose.torres.9101@cliente.test
9103,Natalia Díaz Mendoza,Cedula,001-1009102-5,849-802-1102,natalia.diaz.9102@correo.com.do
9104,Carlos Peña Rodríguez,Cedula,001-1009103-6,809-803-1103,carlos.peña.9103@email.do
9105,Camila González Rivera,Cedula,001-1009104-7,849-804-1104,camila.gonzalez.9104@correo.com.do
9106,Valeria García Ruiz,Cedula,001-1009105-8,829-805-1105,valeria.garcia.9105@correo.com.do
9107,Carlos González Gutiérrez,Cedula,001-1009106-9,829-806-1106,carlos.gonzalez.9106@vimenca-demo.local
9108,Miguel Morales Vargas,Cedula,001-1009107-1,849-807-1107,miguel.morales.9107@cliente.test
9109,Iván Vargas Medina,Cedula,001-1009108-2,809-808-1108,ivan.vargas.9108@email.do
9110,Miguel Rivera Hernández,Cedula,001-1009109-3,809-809-1109,miguel.rivera.9109@cliente.test
9111,Laura Castillo González,Cedula,001-1009110-4,829-810-1110,laura.castillo.9110@correo.com.do
9112,Carmen Vargas Rivera,Cedula,001-1009111-5,829-811-1111,carmen.vargas.9111@cliente.test
9113,Laura Romero Ramírez,Cedula,001-1009112-6,829-812-1112,laura.romero.9112@vimenca-demo.local
9114,Francisco Pérez Rodríguez,Cedula,001-1009113-7,829-813-1113,francisco.perez.9113@cliente.test
9115,Miguel Rojas Rodríguez,Cedula,001-1009114-8,829-814-1114,miguel.rojas.9114@correo.com.do
9116,Fernando García Martínez,Cedula,001-1009115-9,849-815-1115,fernando.garcia.9115@correo.com.do
9117,Diana Pérez Ramírez,Cedula,001-1009116-1,809-816-1116,diana.perez.9116@correo.com.do
9118,David Díaz Gómez,Cedula,001-1009117-2,849-817-1117,david.diaz.9117@cliente.test
9119,Rosa González Rodríguez,Cedula,001-1009118-3,809-818-1118,rosa.gonzalez.9118@cliente.test
9120,Francisco Castillo Torres,Cedula,001-1009119-4,829-819-1119,francisco.castillo.9119@vimenca-demo.local
9121,Pablo González Castillo,Cedula,001-1009120-5,829-820-1120,pablo.gonzalez.9120@correo.com.do
9122,Ricardo Medina Alvarez,Cedula,001-1009121-6,849-821-1121,ricardo.medina.9121@correo.com.do
9123,Lucía Medina Alvarez,Cedula,001-1009122-7,849-822-1122,lucia.medina.9122@cliente.test
9124,Natalia Cabrera Rojas,Cedula,001-1009123-8,829-823-1123,natalia.cabrera.9123@cliente.test
9125,Óscar Ortiz Romero,Cedula,001-1009124-9,829-824-1124,oscar.ortiz.9124@cliente.test
9126,Miguel Ramírez Gutiérrez,Cedula,001-1009125-1,829-825-1125,miguel.ramirez.9125@cliente.test
9127,Miguel González Medina,Cedula,001-1009126-2,849-826-1126,miguel.gonzalez.9126@email.do
9128,Andrea Martínez Ruiz,Cedula,001-1009127-3,849-827-1127,andrea.martinez.9127@email.do
9129,Pablo Vargas Vargas,Cedula,001-1009128-4,809-828-1128,pablo.vargas.9128@email.do
9130,Elena Gutiérrez Ortiz,Cedula,001-1009129-5,809-829-1129,elena.gutierrez.9129@email.do
9131,Elena Díaz Pérez,Cedula,001-1009130-6,829-830-1130,elena.diaz.9130@vimenca-demo.local
9132,David Romero Gutiérrez,Cedula,001-1009131-7,849-831-1131,david.romero.9131@cliente.test
9133,Pedro Vargas Romero,Cedula,001-1009132-8,849-832-1132,pedro.vargas.9132@cliente.test
9134,Patricia Flores Pérez,Cedula,001-1009133-9,829-833-1133,patricia.flores.9133@correo.com.do
9135,Karina Castillo Cruz,Cedula,001-1009134-1,849-834-1134,karina.castillo.9134@vimenca-demo.local
9136,Carlos Torres Vargas,Cedula,001-1009135-2,829-835-1135,carlos.torres.9135@correo.com.do
9137,Isabella Medina Gómez,Cedula,001-1009136-3,849-836-1136,isabella.medina.9136@vimenca-demo.local
9138,Carmen Peña Hernández,Cedula,001-1009137-4,849-837-1137,carmen.peña.9137@correo.com.do
9139,Daniel Torres Castillo,Cedula,001-1009138-5,849-838-1138,daniel.torres.9138@cliente.test
9140,Francisco Rodríguez Díaz,Cedula,001-1009139-6,829-839-1139,francisco.rodriguez.9139@vimenca-demo.local
9141,Yolanda Ramírez Alvarez,Cedula,001-1009140-7,849-840-1140,yolanda.ramirez.9140@email.do
9142,Ana Reyes Martínez,Cedula,001-1009141-8,829-841-1141,ana.reyes.9141@vimenca-demo.local
9143,José Morales Torres,Cedula,001-1009142-9,829-842-1142,jose.morales.9142@vimenca-demo.local
9144,Pablo García González,Cedula,001-1009143-1,849-843-1143,pablo.garcia.9143@correo.com.do
9145,Pablo Vargas Martínez,Cedula,001-1009144-2,809-844-1144,pablo.vargas.9144@vimenca-demo.local
9146,Pablo Ruiz Castillo,Cedula,001-1009145-3,809-845-1145,pablo.ruiz.9145@vimenca-demo.local
9147,Luis Castillo Cabrera,Cedula,001-1009146-4,829-846-1146,luis.castillo.9146@vimenca-demo.local
9148,Jorge Romero Gómez,Cedula,001-1009147-5,849-847-1147,jorge.romero.9147@email.do
9149,Daniel Flores Rivera,Cedula,001-1009148-6,829-848-1148,daniel.flores.9148@correo.com.do
9150,Lucía Mendoza Hernández,Cedula,001-1009149-7,829-849-1149,lucia.mendoza.9149@cliente.test
9151,Pablo Mendoza Gutiérrez,Cedula,001-1009150-8,849-850-1150,pablo.mendoza.9150@email.do
9152,Francisco Medina Pérez,Cedula,001-1009151-9,849-851-1151,francisco.medina.9151@correo.com.do
9153,Carlos Reyes Alvarez,Cedula,001-1009152-1,849-852-1152,carlos.reyes.9152@email.do
9154,Juan Peña Flores,Cedula,001-1009153-2,849-853-1153,juan.peña.9153@correo.com.do
9155,Rosa Ortiz Alvarez,Cedula,001-1009154-3,809-854-1154,rosa.ortiz.9154@correo.com.do
9156,Ana Rivera Cruz,Cedula,001-1009155-4,849-855-1155,ana.rivera.9155@correo.com.do
9157,Iván Díaz Castillo,Cedula,001-1009156-5,849-856-1156,ivan.diaz.9156@cliente.test
9158,Juan Cabrera Flores,Cedula,001-1009157-6,809-857-1157,juan.cabrera.9157@correo.com.do
9159,Rosa Ruiz Morales,Cedula,001-1009158-7,829-858-1158,rosa.ruiz.9158@cliente.test
9160,Pedro Gutiérrez Morales,Cedula,001-1009159-8,829-859-1159,pedro.gutierrez.9159@vimenca-demo.local
9161,Manuel Morales González,Cedula,001-1009160-9,829-860-1160,manuel.morales.9160@vimenca-demo.local
9162,Isabella Rodríguez Mendoza,Cedula,001-1009161-1,849-861-1161,isabella.rodriguez.9161@vimenca-demo.local
9163,Natalia Morales Ortiz,Cedula,001-1009162-2,809-862-1162,natalia.morales.9162@correo.com.do
9164,José Pérez Gutiérrez,Cedula,001-1009163-3,829-863-1163,jose.perez.9163@cliente.test
9165,Juan Torres Torres,Cedula,001-1009164-4,829-864-1164,juan.torres.9164@email.do
9166,Pablo Alvarez Rodríguez,Cedula,001-1009165-5,849-865-1165,pablo.alvarez.9165@vimenca-demo.local
9167,Diana Torres Medina,Cedula,001-1009166-6,829-866-1166,diana.torres.9166@correo.com.do
9168,Sofía González Rivera,Cedula,001-1009167-7,849-867-1167,sofia.gonzalez.9167@cliente.test
9169,Óscar Alvarez Gutiérrez,Cedula,001-1009168-8,849-868-1168,oscar.alvarez.9168@cliente.test
9170,Valeria Jiménez Medina,Cedula,001-1009169-9,809-869-1169,valeria.jimenez.9169@correo.com.do
9171,Luis Flores Medina,Cedula,001-1009170-1,849-870-1170,luis.flores.9170@email.do
9172,Rafael Medina Reyes,Cedula,001-1009171-2,849-871-1171,rafael.medina.9171@cliente.test
9173,Yolanda Cabrera Romero,Cedula,001-1009172-3,829-872-1172,yolanda.cabrera.9172@email.do
9174,Fernando Guerrero Hernández,Cedula,001-1009173-4,829-873-1173,fernando.guerrero.9173@email.do
9175,Pablo García Rivera,Cedula,001-1009174-5,809-874-1174,pablo.garcia.9174@correo.com.do
9176,Carmen Rodríguez Martínez,Cedula,001-1009175-6,829-875-1175,carmen.rodriguez.9175@cliente.test
9177,Sofía González Torres,Cedula,001-1009176-7,829-876-1176,sofia.gonzalez.9176@correo.com.do
9178,Jorge Mendoza Cruz,Cedula,001-1009177-8,809-877-1177,jorge.mendoza.9177@vimenca-demo.local
9179,Camila Medina Pérez,Cedula,001-1009178-9,829-878-1178,camila.medina.9178@email.do
9180,Alejandro Jiménez Martínez,Cedula,001-1009179-1,809-879-1179,alejandro.jimenez.9179@cliente.test
9181,José Torres Flores,Cedula,001-1009180-2,829-880-1180,jose.torres.9180@email.do
9182,Elena Ramírez Romero,Cedula,001-1009181-3,829-881-1181,elena.ramirez.9181@email.do
9183,Ricardo Medina Castillo,Cedula,001-1009182-4,829-882-1182,ricardo.medina.9182@cliente.test
9184,José Guerrero Medina,Cedula,001-1009183-5,809-883-1183,jose.guerrero.9183@vimenca-demo.local
9185,Ricardo González Gómez,Cedula,001-1009184-6,849-884-1184,ricardo.gonzalez.9184@correo.com.do
9186,Manuel Ramírez Pérez,Cedula,001-1009185-7,829-885-1185,manuel.ramirez.9185@correo.com.do
9187,Valeria Pérez Vargas,Cedula,001-1009186-8,809-886-1186,valeria.perez.9186@correo.com.do
9188,Karina Guerrero Peña,Cedula,001-1009187-9,849-887-1187,karina.guerrero.9187@correo.com.do
9189,Francisco García Cruz,Cedula,001-1009188-1,829-888-1188,francisco.garcia.9188@correo.com.do
9190,Rafael Torres Romero,Cedula,001-1009189-2,849-889-1189,rafael.torres.9189@cliente.test
9191,Karina Ramírez Rodríguez,Cedula,001-1009190-3,829-890-1190,karina.ramirez.9190@correo.com.do
9192,Francisco Sánchez Martínez,Cedula,001-1009191-4,829-891-1191,francisco.sanchez.9191@vimenca-demo.local
9193,María Vargas Rojas,Cedula,001-1009192-5,829-892-1192,maria.vargas.9192@cliente.test
9194,Sofía Romero Alvarez,Cedula,001-1009193-6,809-893-1193,sofia.romero.9193@vimenca-demo.local
9195,Natalia Flores Castillo,Cedula,001-1009194-7,829-894-1194,natalia.flores.9194@email.do
9196,Óscar Pérez Pérez,Cedula,001-1009195-8,809-895-1195,oscar.perez.9195@cliente.test
9197,Daniel Castillo Alvarez,Cedula,001-1009196-9,829-896-1196,daniel.castillo.9196@vimenca-demo.local
9198,Manuel Morales Medina,Cedula,001-1009197-1,849-897-1197,manuel.morales.9197@correo.com.do
9199,Elena Rojas Guerrero,Cedula,001-1009198-2,829-898-1198,elena.rojas.9198@vimenca-demo.local
9200,Laura Reyes Alvarez,Cedula,001-1009199-3,849-899-1199,laura.reyes.9199@vimenca-demo.local
9201,Manuel Cruz Gutiérrez,Cedula,001-1009200-4,849-500-1200,manuel.cruz.9200@email.do
9202,Claudia Díaz Rodríguez,Cedula,001-1009201-5,829-501-1201,claudia.diaz.9201@correo.com.do
9203,Claudia Hernández Guerrero,Cedula,001-1009202-6,809-502-1202,claudia.hernandez.9202@vimenca-demo.local
9204,Ana Medina Ramírez,Cedula,001-1009203-7,809-503-1203,ana.medina.9203@email.do
9205,Jorge Ruiz Díaz,Cedula,001-1009204-8,829-504-1204,jorge.ruiz.9204@email.do
9206,Camila Rodríguez Mendoza,Cedula,001-1009205-9,849-505-1205,camila.rodriguez.9205@email.do
9207,David Cabrera Vargas,Cedula,001-1009206-1,849-506-1206,david.cabrera.9206@email.do
9208,Lucía García Gómez,Cedula,001-1009207-2,829-507-1207,lucia.garcia.9207@correo.com.do
9209,Daniel Rodríguez Rojas,Cedula,001-1009208-3,849-508-1208,daniel.rodriguez.9208@cliente.test
9210,Camila Martínez Hernández,Cedula,001-1009209-4,809-509-1209,camila.martinez.9209@cliente.test
9211,Alejandro Flores Medina,Cedula,001-1009210-5,809-510-1210,alejandro.flores.9210@vimenca-demo.local
9212,Jorge Sánchez Flores,Cedula,001-1009211-6,829-511-1211,jorge.sanchez.9211@cliente.test
9213,Isabella Ortiz Flores,Cedula,001-1009212-7,829-512-1212,isabella.ortiz.9212@vimenca-demo.local
9214,Paola Cruz Flores,Cedula,001-1009213-8,809-513-1213,paola.cruz.9213@email.do
9215,Rosa Morales Rivera,Cedula,001-1009214-9,809-514-1214,rosa.morales.9214@correo.com.do
9216,Óscar García Cruz,Cedula,001-1009215-1,829-515-1215,oscar.garcia.9215@email.do
9217,Rosa Ruiz Morales,Cedula,001-1009216-2,849-516-1216,rosa.ruiz.9216@email.do
9218,Pablo Díaz Medina,Cedula,001-1009217-3,809-517-1217,pablo.diaz.9217@vimenca-demo.local
9219,Isabella Reyes Hernández,Cedula,001-1009218-4,849-518-1218,isabella.reyes.9218@email.do
9220,Jorge Cabrera Vargas,Cedula,001-1009219-5,849-519-1219,jorge.cabrera.9219@vimenca-demo.local
9221,Ricardo García Hernández,Cedula,001-1009220-6,809-520-1220,ricardo.garcia.9220@correo.com.do
9222,Andrés García Cabrera,Cedula,001-1009221-7,809-521-1221,andres.garcia.9221@vimenca-demo.local
9223,Pablo Sánchez Rojas,Cedula,001-1009222-8,829-522-1222,pablo.sanchez.9222@vimenca-demo.local
9224,Jorge Romero Ramírez,Cedula,001-1009223-9,809-523-1223,jorge.romero.9223@cliente.test
9225,Pedro Alvarez Morales,Cedula,001-1009224-1,849-524-1224,pedro.alvarez.9224@correo.com.do
9226,Claudia Rojas Guerrero,Cedula,001-1009225-2,809-525-1225,claudia.rojas.9225@email.do
9227,Valeria Reyes García,Cedula,001-1009226-3,849-526-1226,valeria.reyes.9226@cliente.test
9228,Manuel Cruz González,Cedula,001-1009227-4,849-527-1227,manuel.cruz.9227@vimenca-demo.local
9229,Rafael Mendoza Ortiz,Cedula,001-1009228-5,809-528-1228,rafael.mendoza.9228@vimenca-demo.local
9230,Andrés Castillo Cruz,Cedula,001-1009229-6,809-529-1229,andres.castillo.9229@correo.com.do
9231,Francisco Díaz Rodríguez,Cedula,001-1009230-7,849-530-1230,francisco.diaz.9230@email.do
9232,Karina Rivera Torres,Cedula,001-1009231-8,829-531-1231,karina.rivera.9231@vimenca-demo.local
9233,Manuel Reyes Ruiz,Cedula,001-1009232-9,809-532-1232,manuel.reyes.9232@vimenca-demo.local
9234,Sofía Morales Martínez,Cedula,001-1009233-1,849-533-1233,sofia.morales.9233@cliente.test
9235,Valeria Hernández Morales,Cedula,001-1009234-2,829-534-1234,valeria.hernandez.9234@vimenca-demo.local
9236,Rosa Jiménez Mendoza,Cedula,001-1009235-3,849-535-1235,rosa.jimenez.9235@vimenca-demo.local
9237,Claudia Díaz Guerrero,Cedula,001-1009236-4,849-536-1236,claudia.diaz.9236@cliente.test
9238,Camila Cabrera Pérez,Cedula,001-1009237-5,829-537-1237,camila.cabrera.9237@email.do
9239,Carmen Romero Pérez,Cedula,001-1009238-6,849-538-1238,carmen.romero.9238@cliente.test
9240,Diana Castillo Romero,Cedula,001-1009239-7,829-539-1239,diana.castillo.9239@email.do
9241,Rafael Gutiérrez Torres,Cedula,001-1009240-8,809-540-1240,rafael.gutierrez.9240@email.do
9242,Elena Cabrera García,Cedula,001-1009241-9,809-541-1241,elena.cabrera.9241@email.do
9243,Yolanda Ramírez Cruz,Cedula,001-1009242-1,829-542-1242,yolanda.ramirez.9242@email.do
9244,Ricardo Pérez Reyes,Cedula,001-1009243-2,829-543-1243,ricardo.perez.9243@cliente.test
9245,José Alvarez Castillo,Cedula,001-1009244-3,809-544-1244,jose.alvarez.9244@vimenca-demo.local
9246,Elena Romero Peña,Cedula,001-1009245-4,829-545-1245,elena.romero.9245@cliente.test
9247,Alejandro Pérez Martínez,Cedula,001-1009246-5,849-546-1246,alejandro.perez.9246@email.do
9248,Ricardo Torres Gutiérrez,Cedula,001-1009247-6,809-547-1247,ricardo.torres.9247@correo.com.do
9249,José Díaz García,Cedula,001-1009248-7,849-548-1248,jose.diaz.9248@email.do
9250,Francisco Ruiz Mendoza,Cedula,001-1009249-8,809-549-1249,francisco.ruiz.9249@email.do
9251,Gabriela Alvarez Vargas,Cedula,001-1009250-9,849-550-1250,gabriela.alvarez.9250@vimenca-demo.local
9252,David Hernández Díaz,Cedula,001-1009251-1,849-551-1251,david.hernandez.9251@email.do
9253,Francisco Reyes Alvarez,Cedula,001-1009252-2,829-552-1252,francisco.reyes.9252@cliente.test
9254,Gabriela Medina Flores,Cedula,001-1009253-3,809-553-1253,gabriela.medina.9253@email.do
9255,Claudia Ramírez Gómez,Cedula,001-1009254-4,809-554-1254,claudia.ramirez.9254@vimenca-demo.local
9256,Patricia Guerrero Vargas,Cedula,001-1009255-5,809-555-1255,patricia.guerrero.9255@cliente.test
9257,Francisco Mendoza Reyes,Cedula,001-1009256-6,849-556-1256,francisco.mendoza.9256@email.do
9258,Héctor Alvarez Romero,Cedula,001-1009257-7,809-557-1257,hector.alvarez.9257@email.do
9259,Jorge Pérez Rodríguez,Cedula,001-1009258-8,809-558-1258,jorge.perez.9258@correo.com.do
9260,Ricardo García Ortiz,Cedula,001-1009259-9,809-559-1259,ricardo.garcia.9259@cliente.test
9261,Miguel Flores Ramírez,Cedula,001-1009260-1,849-560-1260,miguel.flores.9260@vimenca-demo.local
9262,Lucía Cruz Cabrera,Cedula,001-1009261-2,829-561-1261,lucia.cruz.9261@cliente.test
9263,Laura Rojas Ortiz,Cedula,001-1009262-3,829-562-1262,laura.rojas.9262@correo.com.do
9264,Jorge Ortiz Torres,Cedula,001-1009263-4,809-563-1263,jorge.ortiz.9263@correo.com.do
9265,Jorge Sánchez García,Cedula,001-1009264-5,809-564-1264,jorge.sanchez.9264@email.do
9266,Natalia Reyes Torres,Cedula,001-1009265-6,849-565-1265,natalia.reyes.9265@correo.com.do
9267,Paola Díaz Rodríguez,Cedula,001-1009266-7,849-566-1266,paola.diaz.9266@cliente.test
9268,Laura Guerrero Torres,Cedula,001-1009267-8,829-567-1267,laura.guerrero.9267@cliente.test
9269,Patricia Pérez González,Cedula,001-1009268-9,809-568-1268,patricia.perez.9268@cliente.test
9270,Elena Martínez Romero,Cedula,001-1009269-1,849-569-1269,elena.martinez.9269@vimenca-demo.local
9271,David Rodríguez Cabrera,Cedula,001-1009270-2,849-570-1270,david.rodriguez.9270@email.do
9272,Pablo Castillo Peña,Cedula,001-1009271-3,849-571-1271,pablo.castillo.9271@vimenca-demo.local
9273,José Gutiérrez González,Cedula,001-1009272-4,849-572-1272,jose.gutierrez.9272@cliente.test
9274,José García Jiménez,Cedula,001-1009273-5,829-573-1273,jose.garcia.9273@correo.com.do
9275,Manuel Sánchez García,Cedula,001-1009274-6,809-574-1274,manuel.sanchez.9274@cliente.test
9276,María Alvarez Pérez,Cedula,001-1009275-7,829-575-1275,maria.alvarez.9275@vimenca-demo.local
9277,Ana Torres Jiménez,Cedula,001-1009276-8,849-576-1276,ana.torres.9276@vimenca-demo.local
9278,Héctor Alvarez Rodríguez,Cedula,001-1009277-9,809-577-1277,hector.alvarez.9277@email.do
9279,Laura Martínez Guerrero,Cedula,001-1009278-1,849-578-1278,laura.martinez.9278@vimenca-demo.local
9280,Claudia Gutiérrez Romero,Cedula,001-1009279-2,829-579-1279,claudia.gutierrez.9279@cliente.test
9281,Andrés Reyes Díaz,Cedula,001-1009280-3,849-580-1280,andres.reyes.9280@cliente.test
9282,José Ramírez Sánchez,Cedula,001-1009281-4,809-581-1281,jose.ramirez.9281@email.do
9283,Natalia Gutiérrez Ruiz,Cedula,001-1009282-5,829-582-1282,natalia.gutierrez.9282@correo.com.do
9284,Juan Cabrera Jiménez,Cedula,001-1009283-6,809-583-1283,juan.cabrera.9283@vimenca-demo.local
9285,Pablo Gómez García,Cedula,001-1009284-7,849-584-1284,pablo.gomez.9284@email.do
9286,Elena Pérez Torres,Cedula,001-1009285-8,809-585-1285,elena.perez.9285@correo.com.do
9287,Iván Gutiérrez Vargas,Cedula,001-1009286-9,829-586-1286,ivan.gutierrez.9286@cliente.test
9288,Jorge Gutiérrez Mendoza,Cedula,001-1009287-1,829-587-1287,jorge.gutierrez.9287@cliente.test
9289,David Castillo Ruiz,Cedula,001-1009288-2,809-588-1288,david.castillo.9288@vimenca-demo.local
9290,Karina Gómez Hernández,Cedula,001-1009289-3,829-589-1289,karina.gomez.9289@correo.com.do
9291,David Rodríguez Rivera,Cedula,001-1009290-4,809-590-1290,david.rodriguez.9290@cliente.test
9292,Sofía Cruz Morales,Cedula,001-1009291-5,849-591-1291,sofia.cruz.9291@vimenca-demo.local
9293,Fernando González Reyes,Cedula,001-1009292-6,849-592-1292,fernando.gonzalez.9292@email.do
9294,Óscar Gómez Pérez,Cedula,001-1009293-7,829-593-1293,oscar.gomez.9293@correo.com.do
9295,Francisco Rodríguez Rivera,Cedula,001-1009294-8,849-594-1294,francisco.rodriguez.9294@email.do
9296,Natalia Flores Alvarez,Cedula,001-1009295-9,809-595-1295,natalia.flores.9295@vimenca-demo.local
9297,Valeria Peña Cruz,Cedula,001-1009296-1,809-596-1296,valeria.peña.9296@email.do
9298,Isabella Cabrera Cruz,Cedula,001-1009297-2,849-597-1297,isabella.cabrera.9297@vimenca-demo.local
9299,Carmen Peña Rivera,Cedula,001-1009298-3,849-598-1298,carmen.peña.9298@email.do
9300,Diana Pérez Morales,Cedula,001-1009299-4,829-599-1299,diana.perez.9299@cliente.test
9301,Valeria Rodríguez Reyes,Cedula,001-1009300-5,849-600-1300,valeria.rodriguez.9300@cliente.test
9302,Camila Romero Guerrero,Cedula,001-1009301-6,849-601-1301,camila.romero.9301@vimenca-demo.local
9303,Daniel Reyes Flores,Cedula,001-1009302-7,809-602-1302,daniel.reyes.9302@correo.com.do
9304,Luis Cruz Vargas,Cedula,001-1009303-8,829-603-1303,luis.cruz.9303@cliente.test
9305,Manuel Morales Rivera,Cedula,001-1009304-9,849-604-1304,manuel.morales.9304@correo.com.do
9306,Iván Jiménez Torres,Cedula,001-1009305-1,849-605-1305,ivan.jimenez.9305@cliente.test
9307,Claudia Cabrera Gómez,Cedula,001-1009306-2,829-606-1306,claudia.cabrera.9306@email.do
9308,Gabriela Rodríguez Martínez,Cedula,001-1009307-3,829-607-1307,gabriela.rodriguez.9307@email.do
9309,Paola Ramírez Cabrera,Cedula,001-1009308-4,829-608-1308,paola.ramirez.9308@correo.com.do
9310,Elena Díaz Castillo,Cedula,001-1009309-5,829-609-1309,elena.diaz.9309@email.do
9311,Sofía Peña Reyes,Cedula,001-1009310-6,829-610-1310,sofia.peña.9310@correo.com.do
9312,Iván García Rivera,Cedula,001-1009311-7,829-611-1311,ivan.garcia.9311@correo.com.do
9313,Karina Ramírez Cruz,Cedula,001-1009312-8,809-612-1312,karina.ramirez.9312@vimenca-demo.local
9314,Camila Guerrero Reyes,Cedula,001-1009313-9,829-613-1313,camila.guerrero.9313@vimenca-demo.local
9315,Karina Sánchez Morales,Cedula,001-1009314-1,809-614-1314,karina.sanchez.9314@email.do
9316,Patricia Castillo Romero,Cedula,001-1009315-2,829-615-1315,patricia.castillo.9315@email.do
9317,Laura Gómez Alvarez,Cedula,001-1009316-3,809-616-1316,laura.gomez.9316@cliente.test
9318,Manuel Díaz Cruz,Cedula,001-1009317-4,809-617-1317,manuel.diaz.9317@cliente.test
9319,Miguel González Rojas,Cedula,001-1009318-5,809-618-1318,miguel.gonzalez.9318@email.do
9320,José Ruiz Alvarez,Cedula,001-1009319-6,829-619-1319,jose.ruiz.9319@vimenca-demo.local
9321,Camila Rojas Hernández,Cedula,001-1009320-7,849-620-1320,camila.rojas.9320@vimenca-demo.local
9322,Andrés Díaz Torres,Cedula,001-1009321-8,849-621-1321,andres.diaz.9321@email.do
9323,Rosa Sánchez Gómez,Cedula,001-1009322-9,829-622-1322,rosa.sanchez.9322@cliente.test
9324,José García Hernández,Cedula,001-1009323-1,829-623-1323,jose.garcia.9323@correo.com.do
9325,Isabella Medina Ruiz,Cedula,001-1009324-2,829-624-1324,isabella.medina.9324@email.do
9326,Yolanda Rodríguez Mendoza,Cedula,001-1009325-3,809-625-1325,yolanda.rodriguez.9325@email.do
9327,Carmen Cabrera Peña,Cedula,001-1009326-4,809-626-1326,carmen.cabrera.9326@vimenca-demo.local
9328,Sofía Guerrero Vargas,Cedula,001-1009327-5,829-627-1327,sofia.guerrero.9327@cliente.test
9329,Carmen González Hernández,Cedula,001-1009328-6,829-628-1328,carmen.gonzalez.9328@vimenca-demo.local
9330,Andrea Flores Jiménez,Cedula,001-1009329-7,849-629-1329,andrea.flores.9329@cliente.test
9331,Iván Guerrero García,Cedula,001-1009330-8,809-630-1330,ivan.guerrero.9330@cliente.test
9332,Óscar Rodríguez García,Cedula,001-1009331-9,829-631-1331,oscar.rodriguez.9331@cliente.test
9333,Ricardo Pérez Guerrero,Cedula,001-1009332-1,809-632-1332,ricardo.perez.9332@vimenca-demo.local
9334,Sofía Rojas Reyes,Cedula,001-1009333-2,809-633-1333,sofia.rojas.9333@correo.com.do
9335,Elena Romero Hernández,Cedula,001-1009334-3,849-634-1334,elena.romero.9334@correo.com.do
9336,Isabella Rivera Cabrera,Cedula,001-1009335-4,809-635-1335,isabella.rivera.9335@vimenca-demo.local
9337,Ricardo Ruiz Reyes,Cedula,001-1009336-5,849-636-1336,ricardo.ruiz.9336@correo.com.do
9338,Ricardo Torres Gutiérrez,Cedula,001-1009337-6,829-637-1337,ricardo.torres.9337@cliente.test
9339,Ana Rojas Martínez,Cedula,001-1009338-7,829-638-1338,ana.rojas.9338@vimenca-demo.local
9340,Isabella Medina Rivera,Cedula,001-1009339-8,849-639-1339,isabella.medina.9339@correo.com.do
9341,Daniel Flores Díaz,Cedula,001-1009340-9,829-640-1340,daniel.flores.9340@cliente.test
9342,Andrés Gutiérrez González,Cedula,001-1009341-1,849-641-1341,andres.gutierrez.9341@vimenca-demo.local
9343,Isabella Rivera Martínez,Cedula,001-1009342-2,809-642-1342,isabella.rivera.9342@vimenca-demo.local
9344,Isabella Gutiérrez Díaz,Cedula,001-1009343-3,849-643-1343,isabella.gutierrez.9343@email.do
9345,Miguel Flores Pérez,Cedula,001-1009344-4,809-644-1344,miguel.flores.9344@cliente.test
9346,Héctor Ramírez Mendoza,Cedula,001-1009345-5,849-645-1345,hector.ramirez.9345@vimenca-demo.local
9347,Paola Sánchez Martínez,Cedula,001-1009346-6,809-646-1346,paola.sanchez.9346@email.do
9348,Laura Mendoza Torres,Cedula,001-1009347-7,809-647-1347,laura.mendoza.9347@email.do
9349,Daniel Hernández Medina,Cedula,001-1009348-8,809-648-1348,daniel.hernandez.9348@correo.com.do
9350,Pablo Mendoza Guerrero,Cedula,001-1009349-9,809-649-1349,pablo.mendoza.9349@correo.com.do
9351,Francisco Castillo Mendoza,Cedula,001-1009350-1,829-650-1350,francisco.castillo.9350@correo.com.do
9352,Elena Gutiérrez Flores,Cedula,001-1009351-2,829-651-1351,elena.gutierrez.9351@vimenca-demo.local
9353,Pablo Peña Medina,Cedula,001-1009352-3,809-652-1352,pablo.peña.9352@cliente.test
9354,Alejandro Guerrero Guerrero,Cedula,001-1009353-4,809-653-1353,alejandro.guerrero.9353@vimenca-demo.local
9355,Pablo Vargas Mendoza,Cedula,001-1009354-5,829-654-1354,pablo.vargas.9354@cliente.test
9356,Juan Rivera Gómez,Cedula,001-1009355-6,849-655-1355,juan.rivera.9355@cliente.test
9357,Karina Guerrero Torres,Cedula,001-1009356-7,809-656-1356,karina.guerrero.9356@correo.com.do
9358,Fernando Castillo Guerrero,Cedula,001-1009357-8,829-657-1357,fernando.castillo.9357@vimenca-demo.local
9359,Iván Vargas Cruz,Cedula,001-1009358-9,849-658-1358,ivan.vargas.9358@cliente.test
9360,Iván Alvarez Guerrero,Cedula,001-1009359-1,829-659-1359,ivan.alvarez.9359@cliente.test
9361,Gabriela Romero Morales,Cedula,001-1009360-2,829-660-1360,gabriela.romero.9360@cliente.test
9362,Valeria Ortiz Cruz,Cedula,001-1009361-3,849-661-1361,valeria.ortiz.9361@correo.com.do
9363,Jorge González García,Cedula,001-1009362-4,849-662-1362,jorge.gonzalez.9362@vimenca-demo.local
9364,Francisco Hernández Morales,Cedula,001-1009363-5,829-663-1363,francisco.hernandez.9363@vimenca-demo.local
9365,Daniel Peña Sánchez,Cedula,001-1009364-6,829-664-1364,daniel.peña.9364@correo.com.do
9366,Alejandro Rodríguez Rivera,Cedula,001-1009365-7,849-665-1365,alejandro.rodriguez.9365@cliente.test
9367,Francisco Hernández Ruiz,Cedula,001-1009366-8,809-666-1366,francisco.hernandez.9366@cliente.test
9368,Pablo Díaz Rivera,Cedula,001-1009367-9,809-667-1367,pablo.diaz.9367@vimenca-demo.local
9369,María García Morales,Cedula,001-1009368-1,849-668-1368,maria.garcia.9368@correo.com.do
9370,Natalia Díaz Mendoza,Cedula,001-1009369-2,829-669-1369,natalia.diaz.9369@correo.com.do
9371,Yolanda Sánchez Jiménez,Cedula,001-1009370-3,849-670-1370,yolanda.sanchez.9370@cliente.test
9372,Patricia Vargas Gutiérrez,Cedula,001-1009371-4,849-671-1371,patricia.vargas.9371@cliente.test
9373,Elena Rodríguez Rodríguez,Cedula,001-1009372-5,829-672-1372,elena.rodriguez.9372@cliente.test
9374,Francisco Rivera Morales,Cedula,001-1009373-6,809-673-1373,francisco.rivera.9373@cliente.test
9375,Karina Rodríguez Torres,Cedula,001-1009374-7,809-674-1374,karina.rodriguez.9374@email.do
9376,Valeria Torres Rodríguez,Cedula,001-1009375-8,809-675-1375,valeria.torres.9375@email.do
9377,Andrea Mendoza Ramírez,Cedula,001-1009376-9,809-676-1376,andrea.mendoza.9376@email.do
9378,José Cabrera Martínez,Cedula,001-1009377-1,809-677-1377,jose.cabrera.9377@correo.com.do
9379,Camila Flores Castillo,Cedula,001-1009378-2,829-678-1378,camila.flores.9378@correo.com.do
9380,Jorge Flores Gutiérrez,Cedula,001-1009379-3,829-679-1379,jorge.flores.9379@vimenca-demo.local
9381,Lucía Ortiz Gómez,Cedula,001-1009380-4,809-680-1380,lucia.ortiz.9380@vimenca-demo.local
9382,Diana Díaz González,Cedula,001-1009381-5,809-681-1381,diana.diaz.9381@cliente.test
9383,David Martínez Flores,Cedula,001-1009382-6,829-682-1382,david.martinez.9382@email.do
9384,Yolanda Reyes Peña,Cedula,001-1009383-7,829-683-1383,yolanda.reyes.9383@vimenca-demo.local
9385,Mendoza & Gutiérrez SRL,RNC,1300009384,829-684-1384,pablo.mendoza.9384@email.do
9386,Miguel Peña Reyes,Cedula,001-1009385-9,849-685-1385,miguel.peña.9385@email.do
9387,Camila Reyes Mendoza,Cedula,001-1009386-1,849-686-1386,camila.reyes.9386@correo.com.do
9388,Sofía Gómez Díaz,Cedula,001-1009387-2,829-687-1387,sofia.gomez.9387@cliente.test
9389,Claudia Morales Cabrera,Cedula,001-1009388-3,849-688-1388,claudia.morales.9388@email.do
9390,Laura Medina Guerrero,Cedula,001-1009389-4,849-689-1389,laura.medina.9389@vimenca-demo.local
9391,Andrea Morales Castillo,Cedula,001-1009390-5,809-690-1390,andrea.morales.9390@vimenca-demo.local
9392,Pablo Vargas Ruiz,Cedula,001-1009391-6,829-691-1391,pablo.vargas.9391@email.do
9393,Ricardo Cabrera Rodríguez,Cedula,001-1009392-7,849-692-1392,ricardo.cabrera.9392@correo.com.do
9394,Claudia Romero Hernández,Cedula,001-1009393-8,849-693-1393,claudia.romero.9393@correo.com.do
9395,Óscar González Flores,Cedula,001-1009394-9,849-694-1394,oscar.gonzalez.9394@cliente.test
9396,Rosa Vargas Ortiz,Cedula,001-1009395-1,849-695-1395,rosa.vargas.9395@cliente.test
9397,María Hernández Ramírez,Cedula,001-1009396-2,849-696-1396,maria.hernandez.9396@cliente.test
9398,Andrea Rivera González,Cedula,001-1009397-3,849-697-1397,andrea.rivera.9397@cliente.test
9399,Alejandro Guerrero Pérez,Cedula,001-1009398-4,849-698-1398,alejandro.guerrero.9398@cliente.test
9400,Pablo Ramírez Morales,Cedula,001-1009399-5,849-699-1399,pablo.ramirez.9399@cliente.test
9401,Yolanda Cabrera Rodríguez,Cedula,001-1009400-6,809-700-1400,yolanda.cabrera.9400@correo.com.do
9402,Francisco Vargas Peña,Cedula,001-1009401-7,809-701-1401,francisco.vargas.9401@cliente.test
9403,Yolanda Alvarez Rodríguez,Cedula,001-1009402-8,849-702-1402,yolanda.alvarez.9402@vimenca-demo.local
9404,Francisco Guerrero García,Cedula,001-1009403-9,849-703-1403,francisco.guerrero.9403@email.do
9405,Pablo Sánchez Pérez,Cedula,001-1009404-1,809-704-1404,pablo.sanchez.9404@email.do
9406,Alejandro Vargas Martínez,Cedula,001-1009405-2,849-705-1405,alejandro.vargas.9405@correo.com.do
9407,Elena Cabrera Díaz,Cedula,001-1009406-3,809-706-1406,elena.cabrera.9406@cliente.test
9408,Rosa Guerrero Romero,Cedula,001-1009407-4,829-707-1407,rosa.guerrero.9407@vimenca-demo.local
9409,Ana González Rodríguez,Cedula,001-1009408-5,829-708-1408,ana.gonzalez.9408@correo.com.do
9410,David Morales Morales,Cedula,001-1009409-6,849-709-1409,david.morales.9409@email.do
9411,Sofía Jiménez Ramírez,Cedula,001-1009410-7,809-710-1410,sofia.jimenez.9410@vimenca-demo.local
9412,Lucía González Rivera,Cedula,001-1009411-8,849-711-1411,lucia.gonzalez.9411@email.do
9413,Francisco Cruz González,Cedula,001-1009412-9,809-712-1412,francisco.cruz.9412@vimenca-demo.local
9414,Andrea Martínez Flores,Cedula,001-1009413-1,809-713-1413,andrea.martinez.9413@correo.com.do
9415,Luis Vargas Ortiz,Cedula,001-1009414-2,829-714-1414,luis.vargas.9414@vimenca-demo.local
9416,Yolanda Alvarez Gutiérrez,Cedula,001-1009415-3,809-715-1415,yolanda.alvarez.9415@vimenca-demo.local
9417,Elena Cabrera Sánchez,Cedula,001-1009416-4,809-716-1416,elena.cabrera.9416@correo.com.do
9418,Diana Gutiérrez Rivera,Cedula,001-1009417-5,829-717-1417,diana.gutierrez.9417@email.do
9419,Luis Ortiz Flores,Cedula,001-1009418-6,809-718-1418,luis.ortiz.9418@vimenca-demo.local
9420,Yolanda Ramírez Romero,Cedula,001-1009419-7,809-719-1419,yolanda.ramirez.9419@email.do
9421,Camila Rodríguez Rojas,Cedula,001-1009420-8,809-720-1420,camila.rodriguez.9420@cliente.test
9422,Francisco Flores Flores,Cedula,001-1009421-9,829-721-1421,francisco.flores.9421@correo.com.do
9423,Carmen Martínez García,Cedula,001-1009422-1,829-722-1422,carmen.martinez.9422@correo.com.do
9424,Gabriela Pérez Castillo,Cedula,001-1009423-2,809-723-1423,gabriela.perez.9423@email.do
9425,David Mendoza Mendoza,Cedula,001-1009424-3,809-724-1424,david.mendoza.9424@email.do
9426,Isabella Ortiz Vargas,Cedula,001-1009425-4,829-725-1425,isabella.ortiz.9425@email.do
9427,Óscar Díaz Gómez,Cedula,001-1009426-5,829-726-1426,oscar.diaz.9426@vimenca-demo.local
9428,Fernando Martínez Reyes,Cedula,001-1009427-6,829-727-1427,fernando.martinez.9427@email.do
9429,Jorge Ortiz Torres,Cedula,001-1009428-7,829-728-1428,jorge.ortiz.9428@vimenca-demo.local
9430,Rosa Ruiz Peña,Cedula,001-1009429-8,829-729-1429,rosa.ruiz.9429@correo.com.do
9431,Pablo Pérez Sánchez,Cedula,001-1009430-9,829-730-1430,pablo.perez.9430@cliente.test
9432,Óscar Pérez Gómez,Cedula,001-1009431-1,849-731-1431,oscar.perez.9431@email.do
9433,Laura Medina Alvarez,Cedula,001-1009432-2,849-732-1432,laura.medina.9432@email.do
9434,Elena Sánchez Reyes,Cedula,001-1009433-3,809-733-1433,elena.sanchez.9433@correo.com.do
9435,Miguel Díaz Rodríguez,Cedula,001-1009434-4,809-734-1434,miguel.diaz.9434@correo.com.do
9436,Valeria Guerrero Rojas,Cedula,001-1009435-5,849-735-1435,valeria.guerrero.9435@email.do
9437,Sofía Hernández Rodríguez,Cedula,001-1009436-6,809-736-1436,sofia.hernandez.9436@cliente.test
9438,Gabriela Jiménez Rojas,Cedula,001-1009437-7,849-737-1437,gabriela.jimenez.9437@vimenca-demo.local
9439,Ana Cabrera Rivera,Cedula,001-1009438-8,829-738-1438,ana.cabrera.9438@cliente.test
9440,Carmen Ramírez Mendoza,Cedula,001-1009439-9,809-739-1439,carmen.ramirez.9439@correo.com.do
9441,Yolanda Rojas Jiménez,Cedula,001-1009440-1,809-740-1440,yolanda.rojas.9440@correo.com.do
9442,Iván Peña Pérez,Cedula,001-1009441-2,809-741-1441,ivan.peña.9441@correo.com.do
9443,Iván Díaz Jiménez,Cedula,001-1009442-3,849-742-1442,ivan.diaz.9442@email.do
9444,Alejandro Gómez Reyes,Cedula,001-1009443-4,829-743-1443,alejandro.gomez.9443@correo.com.do
9445,Ana Martínez Medina,Cedula,001-1009444-5,829-744-1444,ana.martinez.9444@correo.com.do
9446,Ana Sánchez Rodríguez,Cedula,001-1009445-6,849-745-1445,ana.sanchez.9445@cliente.test
9447,Daniel Jiménez Martínez,Cedula,001-1009446-7,809-746-1446,daniel.jimenez.9446@correo.com.do
9448,Elena Guerrero Flores,Cedula,001-1009447-8,829-747-1447,elena.guerrero.9447@email.do
9449,Valeria Cabrera Ramírez,Cedula,001-1009448-9,829-748-1448,valeria.cabrera.9448@cliente.test
9450,Diana Flores Ramírez,Cedula,001-1009449-1,849-749-1449,diana.flores.9449@email.do
9451,Paola Medina Medina,Cedula,001-1009450-2,849-750-1450,paola.medina.9450@cliente.test
9452,Pedro Flores González,Cedula,001-1009451-3,849-751-1451,pedro.flores.9451@email.do
9453,Juan Vargas Rodríguez,Cedula,001-1009452-4,849-752-1452,juan.vargas.9452@cliente.test
9454,Manuel Sánchez Peña,Cedula,001-1009453-5,829-753-1453,manuel.sanchez.9453@cliente.test
9455,Camila Torres Gómez,Cedula,001-1009454-6,829-754-1454,camila.torres.9454@email.do
9456,Camila Rodríguez Rojas,Cedula,001-1009455-7,849-755-1455,camila.rodriguez.9455@cliente.test
9457,Daniel Castillo Ortiz,Cedula,001-1009456-8,809-756-1456,daniel.castillo.9456@correo.com.do
9458,Yolanda Peña Ramírez,Cedula,001-1009457-9,849-757-1457,yolanda.peña.9457@email.do
9459,Alejandro Ramírez Rodríguez,Cedula,001-1009458-1,809-758-1458,alejandro.ramirez.9458@correo.com.do
9460,Karina Rodríguez Cabrera,Cedula,001-1009459-2,849-759-1459,karina.rodriguez.9459@correo.com.do
9461,Óscar Ramírez Vargas,Cedula,001-1009460-3,829-760-1460,oscar.ramirez.9460@email.do
9462,Camila Romero Rojas,Cedula,001-1009461-4,849-761-1461,camila.romero.9461@cliente.test
9463,Gabriela Peña Reyes,Cedula,001-1009462-5,829-762-1462,gabriela.peña.9462@vimenca-demo.local
9464,Fernando Díaz Ruiz,Cedula,001-1009463-6,809-763-1463,fernando.diaz.9463@cliente.test
9465,Gabriela Sánchez Ruiz,Cedula,001-1009464-7,829-764-1464,gabriela.sanchez.9464@vimenca-demo.local
9466,José Torres Rivera,Cedula,001-1009465-8,829-765-1465,jose.torres.9465@vimenca-demo.local
9467,Laura Torres Sánchez,Cedula,001-1009466-9,829-766-1466,laura.torres.9466@vimenca-demo.local
9468,Jorge Vargas Medina,Cedula,001-1009467-1,849-767-1467,jorge.vargas.9467@cliente.test
9469,Diana Guerrero Alvarez,Cedula,001-1009468-2,829-768-1468,diana.guerrero.9468@correo.com.do
9470,Diana Romero Morales,Cedula,001-1009469-3,829-769-1469,diana.romero.9469@email.do
9471,Andrés Reyes Gómez,Cedula,001-1009470-4,809-770-1470,andres.reyes.9470@cliente.test
9472,Daniel Alvarez Martínez,Cedula,001-1009471-5,809-771-1471,daniel.alvarez.9471@vimenca-demo.local
9473,Isabella Cruz Hernández,Cedula,001-1009472-6,829-772-1472,isabella.cruz.9472@cliente.test
9474,Paola Díaz Peña,Cedula,001-1009473-7,829-773-1473,paola.diaz.9473@cliente.test
9475,Héctor García Rodríguez,Cedula,001-1009474-8,849-774-1474,hector.garcia.9474@email.do
9476,Patricia Reyes Romero,Cedula,001-1009475-9,809-775-1475,patricia.reyes.9475@vimenca-demo.local
9477,Ana Hernández Guerrero,Cedula,001-1009476-1,849-776-1476,ana.hernandez.9476@cliente.test
9478,Elena Gutiérrez Flores,Cedula,001-1009477-2,809-777-1477,elena.gutierrez.9477@email.do
9479,Juan Hernández Sánchez,Cedula,001-1009478-3,809-778-1478,juan.hernandez.9478@email.do
9480,Daniel Martínez Romero,Cedula,001-1009479-4,829-779-1479,daniel.martinez.9479@vimenca-demo.local
9481,Jorge Ortiz Peña,Cedula,001-1009480-5,849-780-1480,jorge.ortiz.9480@vimenca-demo.local
9482,Carmen Reyes Vargas,Cedula,001-1009481-6,809-781-1481,carmen.reyes.9481@email.do
9483,Isabella Cruz Morales,Cedula,001-1009482-7,829-782-1482,isabella.cruz.9482@correo.com.do
9484,Miguel Rivera González,Cedula,001-1009483-8,829-783-1483,miguel.rivera.9483@cliente.test
9485,Laura Rodríguez Sánchez,Cedula,001-1009484-9,809-784-1484,laura.rodriguez.9484@cliente.test
9486,Andrea Martínez Torres,Cedula,001-1009485-1,809-785-1485,andrea.martinez.9485@cliente.test
9487,Ana Hernández Ruiz,Cedula,001-1009486-2,809-786-1486,ana.hernandez.9486@email.do
9488,José Jiménez Alvarez,Cedula,001-1009487-3,829-787-1487,jose.jimenez.9487@email.do
9489,Manuel Rivera Cabrera,Cedula,001-1009488-4,849-788-1488,manuel.rivera.9488@email.do
9490,Manuel Sánchez Jiménez,Cedula,001-1009489-5,809-789-1489,manuel.sanchez.9489@vimenca-demo.local
9491,Pedro Mendoza Castillo,Cedula,001-1009490-6,849-790-1490,pedro.mendoza.9490@vimenca-demo.local
9492,Fernando Cabrera González,Cedula,001-1009491-7,809-791-1491,fernando.cabrera.9491@vimenca-demo.local
9493,Pablo Medina Morales,Cedula,001-1009492-8,809-792-1492,pablo.medina.9492@vimenca-demo.local
9494,Yolanda Rodríguez Peña,Cedula,001-1009493-9,849-793-1493,yolanda.rodriguez.9493@cliente.test
9495,Laura Castillo Castillo,Cedula,001-1009494-1,829-794-1494,laura.castillo.9494@vimenca-demo.local
9496,Fernando Reyes Castillo,Cedula,001-1009495-2,809-795-1495,fernando.reyes.9495@correo.com.do
9497,Iván Gutiérrez González,Cedula,001-1009496-3,829-796-1496,ivan.gutierrez.9496@vimenca-demo.local
9498,Fernando Morales Cruz,Cedula,001-1009497-4,849-797-1497,fernando.morales.9497@cliente.test
9499,Rosa Mendoza Ruiz,Cedula,001-1009498-5,829-798-1498,rosa.mendoza.9498@email.do
9500,Juan Castillo Hernández,Cedula,001-1009499-6,809-799-1499,juan.castillo.9499@vimenca-demo.local
9501,Lucía Morales Gutiérrez,Cedula,001-1009500-7,849-800-1500,lucia.morales.9500@email.do
9502,Jorge Cabrera Romero,Cedula,001-1009501-8,849-801-1501,jorge.cabrera.9501@correo.com.do
9503,Daniel Gómez Hernández,Cedula,001-1009502-9,829-802-1502,daniel.gomez.9502@email.do
9504,Óscar Sánchez Hernández,Cedula,001-1009503-1,809-803-1503,oscar.sanchez.9503@cliente.test
9505,Ricardo Cruz Hernández,Cedula,001-1009504-2,809-804-1504,ricardo.cruz.9504@email.do
9506,Manuel Gómez Reyes,Cedula,001-1009505-3,829-805-1505,manuel.gomez.9505@email.do
9507,Sofía Vargas Rivera,Cedula,001-1009506-4,849-806-1506,sofia.vargas.9506@cliente.test
9508,Yolanda Mendoza Sánchez,Cedula,001-1009507-5,809-807-1507,yolanda.mendoza.9507@cliente.test
9509,Elena Reyes Sánchez,Cedula,001-1009508-6,849-808-1508,elena.reyes.9508@email.do
9510,Sofía Flores Vargas,Cedula,001-1009509-7,829-809-1509,sofia.flores.9509@vimenca-demo.local
9511,Héctor Cruz Pérez,Cedula,001-1009510-8,829-810-1510,hector.cruz.9510@correo.com.do
9512,Rafael Peña Rivera,Cedula,001-1009511-9,809-811-1511,rafael.peña.9511@cliente.test
9513,Andrea Rodríguez Cruz,Cedula,001-1009512-1,809-812-1512,andrea.rodriguez.9512@cliente.test
9514,Camila Guerrero Ruiz,Cedula,001-1009513-2,849-813-1513,camila.guerrero.9513@cliente.test
9515,Lucía Mendoza Gutiérrez,Cedula,001-1009514-3,849-814-1514,lucia.mendoza.9514@cliente.test
9516,María Flores Flores,Cedula,001-1009515-4,809-815-1515,maria.flores.9515@vimenca-demo.local
9517,Sofía Castillo Peña,Cedula,001-1009516-5,809-816-1516,sofia.castillo.9516@vimenca-demo.local
9518,Lucía Morales Jiménez,Cedula,001-1009517-6,829-817-1517,lucia.morales.9517@vimenca-demo.local
9519,Pedro Torres Castillo,Cedula,001-1009518-7,829-818-1518,pedro.torres.9518@vimenca-demo.local
9520,Luis Rojas Ruiz,Cedula,001-1009519-8,849-819-1519,luis.rojas.9519@email.do
9521,Sofía Rojas Pérez,Cedula,001-1009520-9,849-820-1520,sofia.rojas.9520@email.do
9522,José Pérez Cruz,Cedula,001-1009521-1,829-821-1521,jose.perez.9521@email.do
9523,Gabriela Morales Hernández,Cedula,001-1009522-2,809-822-1522,gabriela.morales.9522@correo.com.do
9524,Laura Ortiz Ortiz,Cedula,001-1009523-3,849-823-1523,laura.ortiz.9523@email.do
9525,Claudia Ruiz Medina,Cedula,001-1009524-4,809-824-1524,claudia.ruiz.9524@correo.com.do
9526,María Sánchez Peña,Cedula,001-1009525-5,809-825-1525,maria.sanchez.9525@correo.com.do
9527,Ricardo Ramírez Pérez,Cedula,001-1009526-6,809-826-1526,ricardo.ramirez.9526@vimenca-demo.local
9528,José García Vargas,Cedula,001-1009527-7,809-827-1527,jose.garcia.9527@email.do
9529,Karina Pérez Díaz,Cedula,001-1009528-8,809-828-1528,karina.perez.9528@email.do
9530,Miguel Peña Ramírez,Cedula,001-1009529-9,829-829-1529,miguel.peña.9529@email.do
9531,Laura Castillo Martínez,Cedula,001-1009530-1,809-830-1530,laura.castillo.9530@vimenca-demo.local
9532,Karina Ruiz Sánchez,Cedula,001-1009531-2,809-831-1531,karina.ruiz.9531@correo.com.do
9533,Isabella Rodríguez Sánchez,Cedula,001-1009532-3,809-832-1532,isabella.rodriguez.9532@email.do
9534,Natalia Jiménez Peña,Cedula,001-1009533-4,829-833-1533,natalia.jimenez.9533@cliente.test
9535,Ana Rodríguez Guerrero,Cedula,001-1009534-5,809-834-1534,ana.rodriguez.9534@correo.com.do
9536,Claudia Díaz Jiménez,Cedula,001-1009535-6,809-835-1535,claudia.diaz.9535@correo.com.do
9537,Rafael Castillo Alvarez,Cedula,001-1009536-7,829-836-1536,rafael.castillo.9536@cliente.test
9538,Daniel Cruz Cabrera,Cedula,001-1009537-8,809-837-1537,daniel.cruz.9537@correo.com.do
9539,Juan Mendoza Pérez,Cedula,001-1009538-9,829-838-1538,juan.mendoza.9538@correo.com.do
9540,Ricardo Rojas Gómez,Cedula,001-1009539-1,809-839-1539,ricardo.rojas.9539@email.do
9541,Diana Rojas Rivera,Cedula,001-1009540-2,829-840-1540,diana.rojas.9540@email.do
9542,Laura Medina Rojas,Cedula,001-1009541-3,809-841-1541,laura.medina.9541@cliente.test
9543,Alejandro Peña Martínez,Cedula,001-1009542-4,829-842-1542,alejandro.peña.9542@vimenca-demo.local
9544,Isabella Rivera Morales,Cedula,001-1009543-5,809-843-1543,isabella.rivera.9543@correo.com.do
9545,Pablo Vargas Rodríguez,Cedula,001-1009544-6,809-844-1544,pablo.vargas.9544@cliente.test
9546,Francisco Ortiz González,Cedula,001-1009545-7,809-845-1545,francisco.ortiz.9545@email.do
9547,Valeria Rodríguez Rodríguez,Cedula,001-1009546-8,849-846-1546,valeria.rodriguez.9546@email.do
9548,Lucía García Rojas,Cedula,001-1009547-9,829-847-1547,lucia.garcia.9547@email.do
9549,Paola Vargas Pérez,Cedula,001-1009548-1,809-848-1548,paola.vargas.9548@email.do
9550,María Pérez Cruz,Cedula,001-1009549-2,809-849-1549,maria.perez.9549@correo.com.do
9551,Alejandro Rojas Jiménez,Cedula,001-1009550-3,809-850-1550,alejandro.rojas.9550@email.do
9552,Valeria Mendoza Martínez,Cedula,001-1009551-4,809-851-1551,valeria.mendoza.9551@email.do
9553,Jorge Sánchez Mendoza,Cedula,001-1009552-5,829-852-1552,jorge.sanchez.9552@cliente.test
9554,María Díaz González,Cedula,001-1009553-6,809-853-1553,maria.diaz.9553@correo.com.do
9555,Pedro Torres Pérez,Cedula,001-1009554-7,829-854-1554,pedro.torres.9554@correo.com.do
9556,Pablo Hernández Díaz,Cedula,001-1009555-8,809-855-1555,pablo.hernandez.9555@vimenca-demo.local
9557,Lucía Cabrera Romero,Cedula,001-1009556-9,809-856-1556,lucia.cabrera.9556@email.do
9558,Ricardo Ortiz Castillo,Cedula,001-1009557-1,809-857-1557,ricardo.ortiz.9557@correo.com.do
9559,Pedro Cruz Reyes,Cedula,001-1009558-2,809-858-1558,pedro.cruz.9558@correo.com.do
9560,Óscar Peña Reyes,Cedula,001-1009559-3,849-859-1559,oscar.peña.9559@cliente.test
9561,Francisco Jiménez García,Cedula,001-1009560-4,829-860-1560,francisco.jimenez.9560@email.do
9562,Rafael Gómez Ramírez,Cedula,001-1009561-5,829-861-1561,rafael.gomez.9561@cliente.test
9563,María Morales Reyes,Cedula,001-1009562-6,809-862-1562,maria.morales.9562@email.do
9564,María Sánchez Rodríguez,Cedula,001-1009563-7,809-863-1563,maria.sanchez.9563@vimenca-demo.local
9565,Gabriela Castillo Medina,Cedula,001-1009564-8,809-864-1564,gabriela.castillo.9564@vimenca-demo.local
9566,José Rivera Castillo,Cedula,001-1009565-9,829-865-1565,jose.rivera.9565@correo.com.do
9567,Carmen Martínez Jiménez,Cedula,001-1009566-1,809-866-1566,carmen.martinez.9566@vimenca-demo.local
9568,Luis Castillo Gómez,Cedula,001-1009567-2,829-867-1567,luis.castillo.9567@correo.com.do
9569,Daniel Medina Gómez,Cedula,001-1009568-3,849-868-1568,daniel.medina.9568@correo.com.do
9570,Valeria Gutiérrez Gómez,Cedula,001-1009569-4,849-869-1569,valeria.gutierrez.9569@email.do
9571,Diana Morales Peña,Cedula,001-1009570-5,829-870-1570,diana.morales.9570@cliente.test
9572,Luis Torres Medina,Cedula,001-1009571-6,849-871-1571,luis.torres.9571@cliente.test
9573,Valeria Morales Reyes,Cedula,001-1009572-7,809-872-1572,valeria.morales.9572@cliente.test
9574,Juan Ruiz Vargas,Cedula,001-1009573-8,809-873-1573,juan.ruiz.9573@email.do
9575,Iván Cruz Flores,Cedula,001-1009574-9,809-874-1574,ivan.cruz.9574@vimenca-demo.local
9576,David Peña Gutiérrez,Cedula,001-1009575-1,829-875-1575,david.peña.9575@email.do
9577,Daniel Mendoza Cabrera,Cedula,001-1009576-2,809-876-1576,daniel.mendoza.9576@correo.com.do
9578,Isabella Cabrera Sánchez,Cedula,001-1009577-3,809-877-1577,isabella.cabrera.9577@cliente.test
9579,Pablo Vargas Jiménez,Cedula,001-1009578-4,809-878-1578,pablo.vargas.9578@cliente.test
9580,Francisco Ruiz Sánchez,Cedula,001-1009579-5,809-879-1579,francisco.ruiz.9579@correo.com.do
9581,Natalia Peña Torres,Cedula,001-1009580-6,809-880-1580,natalia.peña.9580@email.do
9582,Alejandro Pérez Martínez,Cedula,001-1009581-7,809-881-1581,alejandro.perez.9581@email.do
9583,Carmen Flores García,Cedula,001-1009582-8,809-882-1582,carmen.flores.9582@cliente.test
9584,Ricardo Ruiz García,Cedula,001-1009583-9,849-883-1583,ricardo.ruiz.9583@correo.com.do
9585,Yolanda Rodríguez Díaz,Cedula,001-1009584-1,809-884-1584,yolanda.rodriguez.9584@correo.com.do
9586,Rosa Rodríguez Cruz,Cedula,001-1009585-2,809-885-1585,rosa.rodriguez.9585@vimenca-demo.local
9587,Miguel Castillo Ortiz,Cedula,001-1009586-3,829-886-1586,miguel.castillo.9586@vimenca-demo.local
9588,Miguel Romero Martínez,Cedula,001-1009587-4,809-887-1587,miguel.romero.9587@cliente.test
9589,Fernando Flores Ruiz,Cedula,001-1009588-5,829-888-1588,fernando.flores.9588@vimenca-demo.local
9590,Paola Morales Peña,Cedula,001-1009589-6,809-889-1589,paola.morales.9589@cliente.test
9591,Pedro Sánchez Cabrera,Cedula,001-1009590-7,809-890-1590,pedro.sanchez.9590@vimenca-demo.local
9592,Iván Romero Castillo,Cedula,001-1009591-8,829-891-1591,ivan.romero.9591@correo.com.do
9593,Rosa Ruiz Castillo,Cedula,001-1009592-9,809-892-1592,rosa.ruiz.9592@correo.com.do
9594,Andrea Castillo Gutiérrez,Cedula,001-1009593-1,849-893-1593,andrea.castillo.9593@correo.com.do
9595,Luis Peña Pérez,Cedula,001-1009594-2,829-894-1594,luis.peña.9594@correo.com.do
9596,David Mendoza Morales,Cedula,001-1009595-3,849-895-1595,david.mendoza.9595@cliente.test
9597,Fernando Reyes Reyes,Cedula,001-1009596-4,809-896-1596,fernando.reyes.9596@cliente.test
9598,Karina Rojas Gómez,Cedula,001-1009597-5,829-897-1597,karina.rojas.9597@email.do
9599,Paola Cruz Romero,Cedula,001-1009598-6,809-898-1598,paola.cruz.9598@correo.com.do
9600,Gabriela Rodríguez Hernández,Cedula,001-1009599-7,809-899-1599,gabriela.rodriguez.9599@email.do
9601,Iván Morales Rivera,Cedula,001-1009600-8,809-500-1600,ivan.morales.9600@vimenca-demo.local
9602,Gabriela Rojas Reyes,Cedula,001-1009601-9,809-501-1601,gabriela.rojas.9601@correo.com.do
9603,Manuel Castillo Ramírez,Cedula,001-1009602-1,829-502-1602,manuel.castillo.9602@correo.com.do
9604,Jorge Torres Rivera,Cedula,001-1009603-2,849-503-1603,jorge.torres.9603@cliente.test
9605,María Reyes Reyes,Cedula,001-1009604-3,829-504-1604,maria.reyes.9604@email.do
9606,Carmen Romero González,Cedula,001-1009605-4,849-505-1605,carmen.romero.9605@correo.com.do
9607,Jorge Vargas Hernández,Cedula,001-1009606-5,849-506-1606,jorge.vargas.9606@email.do
9608,Elena Gutiérrez Hernández,Cedula,001-1009607-6,809-507-1607,elena.gutierrez.9607@cliente.test
9609,Alejandro Mendoza Gutiérrez,Cedula,001-1009608-7,809-508-1608,alejandro.mendoza.9608@cliente.test
9610,Pablo Sánchez Jiménez,Cedula,001-1009609-8,809-509-1609,pablo.sanchez.9609@email.do
9611,David Mendoza Ortiz,Cedula,001-1009610-9,809-510-1610,david.mendoza.9610@correo.com.do
9612,Valeria García Cabrera,Cedula,001-1009611-1,849-511-1611,valeria.garcia.9611@email.do
9613,Camila Cruz Castillo,Cedula,001-1009612-2,809-512-1612,camila.cruz.9612@cliente.test
9614,Yolanda Medina Gutiérrez,Cedula,001-1009613-3,829-513-1613,yolanda.medina.9613@vimenca-demo.local
9615,Diana Ruiz Rivera,Cedula,001-1009614-4,809-514-1614,diana.ruiz.9614@vimenca-demo.local
9616,Pablo Torres Hernández,Cedula,001-1009615-5,829-515-1615,pablo.torres.9615@email.do
9617,Fernando Medina Castillo,Cedula,001-1009616-6,809-516-1616,fernando.medina.9616@vimenca-demo.local
9618,Sofía Jiménez Martínez,Cedula,001-1009617-7,849-517-1617,sofia.jimenez.9617@cliente.test
9619,Pablo Cruz Sánchez,Cedula,001-1009618-8,829-518-1618,pablo.cruz.9618@email.do
9620,Sofía Gómez Rojas,Cedula,001-1009619-9,809-519-1619,sofia.gomez.9619@email.do
9621,Rosa Cabrera García,Cedula,001-1009620-1,849-520-1620,rosa.cabrera.9620@cliente.test
9622,María Rodríguez Rojas,Cedula,001-1009621-2,829-521-1621,maria.rodriguez.9621@correo.com.do
9623,Óscar Ramírez Torres,Cedula,001-1009622-3,809-522-1622,oscar.ramirez.9622@vimenca-demo.local
9624,Andrés Flores Mendoza,Cedula,001-1009623-4,809-523-1623,andres.flores.9623@email.do
9625,Alejandro Cruz Mendoza,Cedula,001-1009624-5,829-524-1624,alejandro.cruz.9624@email.do
9626,David Sánchez Rojas,Cedula,001-1009625-6,809-525-1625,david.sanchez.9625@cliente.test
9627,Fernando Sánchez Medina,Cedula,001-1009626-7,809-526-1626,fernando.sanchez.9626@cliente.test
9628,Laura Ramírez Díaz,Cedula,001-1009627-8,809-527-1627,laura.ramirez.9627@cliente.test
9629,Diana Flores Flores,Cedula,001-1009628-9,829-528-1628,diana.flores.9628@vimenca-demo.local
9630,Andrés Romero Peña,Cedula,001-1009629-1,809-529-1629,andres.romero.9629@vimenca-demo.local
9631,Elena Rojas Rivera,Cedula,001-1009630-2,809-530-1630,elena.rojas.9630@email.do
9632,Miguel Pérez Reyes,Cedula,001-1009631-3,829-531-1631,miguel.perez.9631@vimenca-demo.local
9633,Paola Flores Rivera,Cedula,001-1009632-4,829-532-1632,paola.flores.9632@vimenca-demo.local
9634,Diana Sánchez Alvarez,Cedula,001-1009633-5,849-533-1633,diana.sanchez.9633@correo.com.do
9635,Natalia Ruiz Mendoza,Cedula,001-1009634-6,809-534-1634,natalia.ruiz.9634@vimenca-demo.local
9636,Rosa Cruz Torres,Cedula,001-1009635-7,829-535-1635,rosa.cruz.9635@correo.com.do
9637,Miguel Sánchez Jiménez,Cedula,001-1009636-8,809-536-1636,miguel.sanchez.9636@correo.com.do
9638,Héctor Flores Alvarez,Cedula,001-1009637-9,849-537-1637,hector.flores.9637@cliente.test
9639,Claudia Sánchez Cabrera,Cedula,001-1009638-1,849-538-1638,claudia.sanchez.9638@vimenca-demo.local
9640,Ricardo Rivera Sánchez,Cedula,001-1009639-2,809-539-1639,ricardo.rivera.9639@cliente.test
9641,Valeria Reyes Romero,Cedula,001-1009640-3,829-540-1640,valeria.reyes.9640@email.do
9642,Laura Vargas Peña,Cedula,001-1009641-4,829-541-1641,laura.vargas.9641@cliente.test
9643,Paola Medina Pérez,Cedula,001-1009642-5,809-542-1642,paola.medina.9642@vimenca-demo.local
9644,Juan Rodríguez Reyes,Cedula,001-1009643-6,809-543-1643,juan.rodriguez.9643@vimenca-demo.local
9645,Valeria Díaz Vargas,Cedula,001-1009644-7,849-544-1644,valeria.diaz.9644@correo.com.do
9646,Patricia Rojas Flores,Cedula,001-1009645-8,849-545-1645,patricia.rojas.9645@cliente.test
9647,Ana Peña Castillo,Cedula,001-1009646-9,809-546-1646,ana.peña.9646@email.do
9648,David Reyes Guerrero,Cedula,001-1009647-1,829-547-1647,david.reyes.9647@email.do
9649,Daniel Romero Ramírez,Cedula,001-1009648-2,809-548-1648,daniel.romero.9648@correo.com.do
9650,Camila Martínez González,Cedula,001-1009649-3,829-549-1649,camila.martinez.9649@vimenca-demo.local
9651,Rosa Cabrera Torres,Cedula,001-1009650-4,849-550-1650,rosa.cabrera.9650@cliente.test
9652,Ricardo Sánchez Rivera,Cedula,001-1009651-5,849-551-1651,ricardo.sanchez.9651@email.do
9653,Luis Guerrero Vargas,Cedula,001-1009652-6,829-552-1652,luis.guerrero.9652@correo.com.do
9654,Héctor García Morales,Cedula,001-1009653-7,849-553-1653,hector.garcia.9653@cliente.test
9655,Karina Cruz Pérez,Cedula,001-1009654-8,829-554-1654,karina.cruz.9654@correo.com.do
9656,Yolanda Vargas Morales,Cedula,001-1009655-9,849-555-1655,yolanda.vargas.9655@email.do
9657,Iván Peña Rivera,Cedula,001-1009656-1,809-556-1656,ivan.peña.9656@correo.com.do
9658,Miguel Gutiérrez Peña,Cedula,001-1009657-2,849-557-1657,miguel.gutierrez.9657@cliente.test
9659,Carlos Cruz Gómez,Cedula,001-1009658-3,829-558-1658,carlos.cruz.9658@correo.com.do
9660,Miguel Rojas Alvarez,Cedula,001-1009659-4,829-559-1659,miguel.rojas.9659@vimenca-demo.local
9661,Pedro Díaz Hernández,Cedula,001-1009660-5,809-560-1660,pedro.diaz.9660@correo.com.do
9662,Rafael Cabrera Sánchez,Cedula,001-1009661-6,809-561-1661,rafael.cabrera.9661@vimenca-demo.local
9663,Francisco Romero Ramírez,Cedula,001-1009662-7,829-562-1662,francisco.romero.9662@correo.com.do
9664,Carlos García Peña,Cedula,001-1009663-8,809-563-1663,carlos.garcia.9663@vimenca-demo.local
9665,Ana Peña Ortiz,Cedula,001-1009664-9,849-564-1664,ana.peña.9664@email.do
9666,Claudia Ruiz Morales,Cedula,001-1009665-1,849-565-1665,claudia.ruiz.9665@email.do
9667,Francisco Pérez Peña,Cedula,001-1009666-2,809-566-1666,francisco.perez.9666@email.do
9668,Natalia Cruz Cabrera,Cedula,001-1009667-3,829-567-1667,natalia.cruz.9667@correo.com.do
9669,Claudia Ruiz Rivera,Cedula,001-1009668-4,829-568-1668,claudia.ruiz.9668@email.do
9670,Carlos Rojas Reyes,Cedula,001-1009669-5,829-569-1669,carlos.rojas.9669@cliente.test
9671,Claudia Jiménez Guerrero,Cedula,001-1009670-6,849-570-1670,claudia.jimenez.9670@cliente.test
9672,Valeria Sánchez Rodríguez,Cedula,001-1009671-7,849-571-1671,valeria.sanchez.9671@correo.com.do
9673,Miguel Rivera Martínez,Cedula,001-1009672-8,829-572-1672,miguel.rivera.9672@vimenca-demo.local
9674,Francisco Flores Cruz,Cedula,001-1009673-9,849-573-1673,francisco.flores.9673@correo.com.do
9675,Gabriela Torres Guerrero,Cedula,001-1009674-1,809-574-1674,gabriela.torres.9674@cliente.test
9676,Sofía Mendoza Rojas,Cedula,001-1009675-2,809-575-1675,sofia.mendoza.9675@cliente.test
9677,Jorge Hernández Díaz,Cedula,001-1009676-3,849-576-1676,jorge.hernandez.9676@email.do
9678,Daniel Romero Jiménez,Cedula,001-1009677-4,829-577-1677,daniel.romero.9677@vimenca-demo.local
9679,Daniel Castillo Ortiz,Cedula,001-1009678-5,809-578-1678,daniel.castillo.9678@cliente.test
9680,Isabella Mendoza Alvarez,Cedula,001-1009679-6,849-579-1679,isabella.mendoza.9679@email.do
9681,Patricia García Gómez,Cedula,001-1009680-7,829-580-1680,patricia.garcia.9680@vimenca-demo.local
9682,Gabriela Hernández Ortiz,Cedula,001-1009681-8,829-581-1681,gabriela.hernandez.9681@email.do
9683,Iván Morales García,Cedula,001-1009682-9,829-582-1682,ivan.morales.9682@cliente.test
9684,Rafael Rodríguez Díaz,Cedula,001-1009683-1,849-583-1683,rafael.rodriguez.9683@email.do
9685,Elena Romero Castillo,Cedula,001-1009684-2,829-584-1684,elena.romero.9684@correo.com.do
9686,Juan Alvarez Flores,Cedula,001-1009685-3,849-585-1685,juan.alvarez.9685@email.do
9687,Luis Torres Gómez,Cedula,001-1009686-4,849-586-1686,luis.torres.9686@cliente.test
9688,José Rojas González,Cedula,001-1009687-5,849-587-1687,jose.rojas.9687@vimenca-demo.local
9689,Héctor Jiménez Vargas,Cedula,001-1009688-6,829-588-1688,hector.jimenez.9688@cliente.test
9690,Juan Rojas Jiménez,Cedula,001-1009689-7,809-589-1689,juan.rojas.9689@cliente.test
9691,Jorge Rivera Castillo,Cedula,001-1009690-8,829-590-1690,jorge.rivera.9690@cliente.test
9692,José Peña Ortiz,Cedula,001-1009691-9,809-591-1691,jose.peña.9691@vimenca-demo.local
9693,María Martínez Rodríguez,Cedula,001-1009692-1,849-592-1692,maria.martinez.9692@correo.com.do
9694,Diana González Cruz,Cedula,001-1009693-2,849-593-1693,diana.gonzalez.9693@email.do
9695,Francisco Cruz Rivera,Cedula,001-1009694-3,809-594-1694,francisco.cruz.9694@vimenca-demo.local
9696,Lucía García Cabrera,Cedula,001-1009695-4,829-595-1695,lucia.garcia.9695@email.do
9697,Jorge Hernández Rivera,Cedula,001-1009696-5,849-596-1696,jorge.hernandez.9696@correo.com.do
9698,Jorge Medina Jiménez,Cedula,001-1009697-6,829-597-1697,jorge.medina.9697@email.do
9699,Fernando Díaz Torres,Cedula,001-1009698-7,809-598-1698,fernando.diaz.9698@vimenca-demo.local
9700,Elena Vargas Torres,Cedula,001-1009699-8,829-599-1699,elena.vargas.9699@cliente.test
9701,Karina Gómez Rodríguez,Cedula,001-1009700-9,849-600-1700,karina.gomez.9700@cliente.test
9702,Héctor Peña Castillo,Cedula,001-1009701-1,829-601-1701,hector.peña.9701@vimenca-demo.local
9703,Pablo Cabrera Torres,Cedula,001-1009702-2,829-602-1702,pablo.cabrera.9702@cliente.test
9704,Natalia Medina Romero,Cedula,001-1009703-3,849-603-1703,natalia.medina.9703@vimenca-demo.local
9705,Manuel Gómez Martínez,Cedula,001-1009704-4,809-604-1704,manuel.gomez.9704@email.do
9706,David Guerrero Romero,Cedula,001-1009705-5,829-605-1705,david.guerrero.9705@vimenca-demo.local
9707,Pablo Medina Hernández,Cedula,001-1009706-6,809-606-1706,pablo.medina.9706@correo.com.do
9708,Isabella Medina Gómez,Cedula,001-1009707-7,809-607-1707,isabella.medina.9707@email.do
9709,Gabriela Hernández Alvarez,Cedula,001-1009708-8,849-608-1708,gabriela.hernandez.9708@email.do
9710,Elena Hernández Castillo,Cedula,001-1009709-9,829-609-1709,elena.hernandez.9709@cliente.test
9711,María Ramírez Medina,Cedula,001-1009710-1,829-610-1710,maria.ramirez.9710@cliente.test
9712,Valeria Castillo Rojas,Cedula,001-1009711-2,809-611-1711,valeria.castillo.9711@correo.com.do
9713,Luis Guerrero Torres,Cedula,001-1009712-3,829-612-1712,luis.guerrero.9712@vimenca-demo.local
9714,Carlos Reyes García,Cedula,001-1009713-4,849-613-1713,carlos.reyes.9713@correo.com.do
9715,Valeria Alvarez Martínez,Cedula,001-1009714-5,849-614-1714,valeria.alvarez.9714@vimenca-demo.local
9716,Pedro González Rivera,Cedula,001-1009715-6,829-615-1715,pedro.gonzalez.9715@email.do
9717,Paola Romero Gómez,Cedula,001-1009716-7,829-616-1716,paola.romero.9716@cliente.test
9718,Patricia Guerrero Mendoza,Cedula,001-1009717-8,809-617-1717,patricia.guerrero.9717@vimenca-demo.local
9719,Carmen Castillo Jiménez,Cedula,001-1009718-9,829-618-1718,carmen.castillo.9718@cliente.test
9720,Sofía Gómez Sánchez,Cedula,001-1009719-1,829-619-1719,sofia.gomez.9719@vimenca-demo.local
9721,Miguel Rivera González,Cedula,001-1009720-2,849-620-1720,miguel.rivera.9720@cliente.test
9722,María García Flores,Cedula,001-1009721-3,849-621-1721,maria.garcia.9721@correo.com.do
9723,Jorge González García,Cedula,001-1009722-4,809-622-1722,jorge.gonzalez.9722@cliente.test
9724,Laura Flores Cabrera,Cedula,001-1009723-5,809-623-1723,laura.flores.9723@cliente.test
9725,Miguel Gutiérrez Jiménez,Cedula,001-1009724-6,849-624-1724,miguel.gutierrez.9724@cliente.test
9726,Isabella Ramírez Reyes,Cedula,001-1009725-7,849-625-1725,isabella.ramirez.9725@email.do
9727,Ana Vargas Cruz,Cedula,001-1009726-8,849-626-1726,ana.vargas.9726@vimenca-demo.local
9728,Carmen Castillo Ramírez,Cedula,001-1009727-9,829-627-1727,carmen.castillo.9727@correo.com.do
9729,Rafael Mendoza Jiménez,Cedula,001-1009728-1,829-628-1728,rafael.mendoza.9728@correo.com.do
9730,Pedro Medina Cabrera,Cedula,001-1009729-2,809-629-1729,pedro.medina.9729@cliente.test
9731,Sofía Ramírez Guerrero,Cedula,001-1009730-3,809-630-1730,sofia.ramirez.9730@email.do
9732,Camila Guerrero Díaz,Cedula,001-1009731-4,829-631-1731,camila.guerrero.9731@vimenca-demo.local
9733,Pedro Gutiérrez Vargas,Cedula,001-1009732-5,809-632-1732,pedro.gutierrez.9732@vimenca-demo.local
9734,Héctor Vargas Medina,Cedula,001-1009733-6,809-633-1733,hector.vargas.9733@cliente.test
9735,Ana Castillo García,Cedula,001-1009734-7,809-634-1734,ana.castillo.9734@email.do
9736,Patricia Ortiz Peña,Cedula,001-1009735-8,849-635-1735,patricia.ortiz.9735@correo.com.do
9737,María Castillo Peña,Cedula,001-1009736-9,809-636-1736,maria.castillo.9736@correo.com.do
9738,Karina Torres Peña,Cedula,001-1009737-1,829-637-1737,karina.torres.9737@cliente.test
9739,Héctor Ortiz Reyes,Cedula,001-1009738-2,829-638-1738,hector.ortiz.9738@cliente.test
9740,Sofía Rojas Morales,Cedula,001-1009739-3,829-639-1739,sofia.rojas.9739@vimenca-demo.local
9741,Ricardo Rivera Díaz,Cedula,001-1009740-4,829-640-1740,ricardo.rivera.9740@vimenca-demo.local
9742,David Jiménez Cabrera,Cedula,001-1009741-5,809-641-1741,david.jimenez.9741@correo.com.do
9743,Valeria Cabrera Gutiérrez,Cedula,001-1009742-6,849-642-1742,valeria.cabrera.9742@correo.com.do
9744,David Medina Rojas,Cedula,001-1009743-7,809-643-1743,david.medina.9743@vimenca-demo.local
9745,Jorge Alvarez Romero,Cedula,001-1009744-8,809-644-1744,jorge.alvarez.9744@correo.com.do
9746,Luis González Cruz,Cedula,001-1009745-9,849-645-1745,luis.gonzalez.9745@email.do
9747,Daniel Díaz Ramírez,Cedula,001-1009746-1,809-646-1746,daniel.diaz.9746@email.do
9748,Andrea Jiménez Romero,Cedula,001-1009747-2,809-647-1747,andrea.jimenez.9747@email.do
9749,Sofía Ramírez Vargas,Cedula,001-1009748-3,809-648-1748,sofia.ramirez.9748@correo.com.do
9750,Alejandro Castillo Romero,Cedula,001-1009749-4,829-649-1749,alejandro.castillo.9749@correo.com.do
9751,Lucía Gómez Gómez,Cedula,001-1009750-5,829-650-1750,lucia.gomez.9750@correo.com.do
9752,José González Cruz,Cedula,001-1009751-6,809-651-1751,jose.gonzalez.9751@vimenca-demo.local
9753,Óscar González Medina,Cedula,001-1009752-7,809-652-1752,oscar.gonzalez.9752@cliente.test
9754,Ricardo Reyes Rivera,Cedula,001-1009753-8,829-653-1753,ricardo.reyes.9753@correo.com.do
9755,Andrés Romero Guerrero,Cedula,001-1009754-9,829-654-1754,andres.romero.9754@vimenca-demo.local
9756,Camila Ortiz Morales,Cedula,001-1009755-1,809-655-1755,camila.ortiz.9755@email.do
9757,Héctor Rivera Ruiz,Cedula,001-1009756-2,849-656-1756,hector.rivera.9756@email.do
9758,Valeria Castillo González,Cedula,001-1009757-3,849-657-1757,valeria.castillo.9757@cliente.test
9759,Karina Reyes Torres,Cedula,001-1009758-4,809-658-1758,karina.reyes.9758@correo.com.do
9760,Karina Rivera Rodríguez,Cedula,001-1009759-5,849-659-1759,karina.rivera.9759@cliente.test
9761,Daniel Guerrero Ortiz,Cedula,001-1009760-6,829-660-1760,daniel.guerrero.9760@email.do
9762,María Castillo Rodríguez,Cedula,001-1009761-7,809-661-1761,maria.castillo.9761@email.do
9763,Alejandro Gutiérrez Jiménez,Cedula,001-1009762-8,829-662-1762,alejandro.gutierrez.9762@email.do
9764,Pablo Alvarez Pérez,Cedula,001-1009763-9,829-663-1763,pablo.alvarez.9763@email.do
9765,Andrea Sánchez Ruiz,Cedula,001-1009764-1,849-664-1764,andrea.sanchez.9764@vimenca-demo.local
9766,Natalia Jiménez Cabrera,Cedula,001-1009765-2,849-665-1765,natalia.jimenez.9765@correo.com.do
9767,Karina Rivera Guerrero,Cedula,001-1009766-3,809-666-1766,karina.rivera.9766@vimenca-demo.local
9768,Ricardo Castillo Romero,Cedula,001-1009767-4,849-667-1767,ricardo.castillo.9767@vimenca-demo.local
9769,Karina Martínez Romero,Cedula,001-1009768-5,829-668-1768,karina.martinez.9768@vimenca-demo.local
9770,Fernando Castillo Rivera,Cedula,001-1009769-6,829-669-1769,fernando.castillo.9769@vimenca-demo.local
9771,Valeria Alvarez Gómez,Cedula,001-1009770-7,809-670-1770,valeria.alvarez.9770@email.do
9772,Karina García García,Cedula,001-1009771-8,809-671-1771,karina.garcia.9771@vimenca-demo.local
9773,Alejandro Sánchez Rivera,Cedula,001-1009772-9,849-672-1772,alejandro.sanchez.9772@email.do
9774,Lucía Cruz Ortiz,Cedula,001-1009773-1,829-673-1773,lucia.cruz.9773@vimenca-demo.local
9775,Valeria Ortiz Cabrera,Cedula,001-1009774-2,809-674-1774,valeria.ortiz.9774@correo.com.do
9776,Hernández & Ortiz SRL,RNC,1300009775,849-675-1775,camila.hernandez.9775@cliente.test
9777,Jorge Alvarez Rodríguez,Cedula,001-1009776-4,849-676-1776,jorge.alvarez.9776@correo.com.do
9778,Rosa Cruz Reyes,Cedula,001-1009777-5,849-677-1777,rosa.cruz.9777@correo.com.do
9779,Claudia Castillo Alvarez,Cedula,001-1009778-6,829-678-1778,claudia.castillo.9778@email.do
9780,Isabella González Alvarez,Cedula,001-1009779-7,809-679-1779,isabella.gonzalez.9779@vimenca-demo.local
9781,Francisco Peña Gutiérrez,Cedula,001-1009780-8,809-680-1780,francisco.peña.9780@correo.com.do
9782,Rosa Castillo Martínez,Cedula,001-1009781-9,829-681-1781,rosa.castillo.9781@cliente.test
9783,Carlos Guerrero Vargas,Cedula,001-1009782-1,809-682-1782,carlos.guerrero.9782@cliente.test
9784,Elena Mendoza Rojas,Cedula,001-1009783-2,809-683-1783,elena.mendoza.9783@cliente.test
9785,Sofía Pérez Morales,Cedula,001-1009784-3,809-684-1784,sofia.perez.9784@correo.com.do
9786,Rosa García Romero,Cedula,001-1009785-4,849-685-1785,rosa.garcia.9785@cliente.test
9787,Claudia González Medina,Cedula,001-1009786-5,829-686-1786,claudia.gonzalez.9786@correo.com.do
9788,Elena Díaz Ortiz,Cedula,001-1009787-6,809-687-1787,elena.diaz.9787@vimenca-demo.local
9789,Isabella Díaz Rivera,Cedula,001-1009788-7,849-688-1788,isabella.diaz.9788@email.do
9790,Camila Mendoza Peña,Cedula,001-1009789-8,809-689-1789,camila.mendoza.9789@email.do
9791,Natalia Alvarez Cruz,Cedula,001-1009790-9,849-690-1790,natalia.alvarez.9790@cliente.test
9792,Camila Gómez Peña,Cedula,001-1009791-1,829-691-1791,camila.gomez.9791@correo.com.do
9793,Luis Morales Peña,Cedula,001-1009792-2,849-692-1792,luis.morales.9792@cliente.test
9794,Camila Martínez Díaz,Cedula,001-1009793-3,849-693-1793,camila.martinez.9793@vimenca-demo.local
9795,Pablo Pérez Mendoza,Cedula,001-1009794-4,829-694-1794,pablo.perez.9794@vimenca-demo.local
9796,Héctor Castillo Morales,Cedula,001-1009795-5,829-695-1795,hector.castillo.9795@correo.com.do
9797,Héctor Ruiz Hernández,Cedula,001-1009796-6,809-696-1796,hector.ruiz.9796@vimenca-demo.local
9798,Paola Torres Morales,Cedula,001-1009797-7,829-697-1797,paola.torres.9797@email.do
9799,Valeria Morales Vargas,Cedula,001-1009798-8,829-698-1798,valeria.morales.9798@correo.com.do
9800,Paola Cabrera Díaz,Cedula,001-1009799-9,809-699-1799,paola.cabrera.9799@vimenca-demo.local
9801,Héctor Pérez Rojas,Cedula,001-1009800-1,809-700-1800,hector.perez.9800@correo.com.do
9802,Laura Hernández Gómez,Cedula,001-1009801-2,809-701-1801,laura.hernandez.9801@cliente.test
9803,Ana González Flores,Cedula,001-1009802-3,809-702-1802,ana.gonzalez.9802@vimenca-demo.local
9804,Camila González Díaz,Cedula,001-1009803-4,849-703-1803,camila.gonzalez.9803@cliente.test
9805,Fernando Martínez Hernández,Cedula,001-1009804-5,809-704-1804,fernando.martinez.9804@email.do
9806,Manuel Vargas Mendoza,Cedula,001-1009805-6,849-705-1805,manuel.vargas.9805@cliente.test
9807,Iván Rojas Romero,Cedula,001-1009806-7,849-706-1806,ivan.rojas.9806@vimenca-demo.local
9808,Ricardo Hernández Ortiz,Cedula,001-1009807-8,849-707-1807,ricardo.hernandez.9807@vimenca-demo.local
9809,Gabriela Hernández Alvarez,Cedula,001-1009808-9,849-708-1808,gabriela.hernandez.9808@cliente.test
9810,Carmen Martínez Hernández,Cedula,001-1009809-1,809-709-1809,carmen.martinez.9809@cliente.test
9811,Luis Díaz Sánchez,Cedula,001-1009810-2,849-710-1810,luis.diaz.9810@cliente.test
9812,Luis Flores Mendoza,Cedula,001-1009811-3,829-711-1811,luis.flores.9811@email.do
9813,Paola Cabrera Guerrero,Cedula,001-1009812-4,809-712-1812,paola.cabrera.9812@email.do
9814,Jorge Guerrero Hernández,Cedula,001-1009813-5,829-713-1813,jorge.guerrero.9813@correo.com.do
9815,Valeria González Torres,Cedula,001-1009814-6,809-714-1814,valeria.gonzalez.9814@correo.com.do
9816,Francisco Ortiz Rivera,Cedula,001-1009815-7,849-715-1815,francisco.ortiz.9815@cliente.test
9817,Juan Pérez Ortiz,Cedula,001-1009816-8,809-716-1816,juan.perez.9816@cliente.test
9818,Rafael Alvarez Jiménez,Cedula,001-1009817-9,849-717-1817,rafael.alvarez.9817@correo.com.do
9819,Camila Rojas Morales,Cedula,001-1009818-1,829-718-1818,camila.rojas.9818@email.do
9820,José Guerrero Gutiérrez,Cedula,001-1009819-2,849-719-1819,jose.guerrero.9819@vimenca-demo.local
9821,Jorge Torres Medina,Cedula,001-1009820-3,809-720-1820,jorge.torres.9820@cliente.test
9822,Héctor Medina González,Cedula,001-1009821-4,809-721-1821,hector.medina.9821@email.do
9823,Juan Morales Ramírez,Cedula,001-1009822-5,829-722-1822,juan.morales.9822@vimenca-demo.local
9824,Gabriela Ramírez Vargas,Cedula,001-1009823-6,829-723-1823,gabriela.ramirez.9823@vimenca-demo.local
9825,Pablo Díaz Cruz,Cedula,001-1009824-7,809-724-1824,pablo.diaz.9824@vimenca-demo.local
9826,Yolanda Gutiérrez Rivera,Cedula,001-1009825-8,809-725-1825,yolanda.gutierrez.9825@correo.com.do
9827,Rosa Cabrera García,Cedula,001-1009826-9,809-726-1826,rosa.cabrera.9826@correo.com.do
9828,María Ortiz Ramírez,Cedula,001-1009827-1,809-727-1827,maria.ortiz.9827@correo.com.do
9829,Francisco Rivera Alvarez,Cedula,001-1009828-2,849-728-1828,francisco.rivera.9828@email.do
9830,Iván Rivera Rojas,Cedula,001-1009829-3,809-729-1829,ivan.rivera.9829@cliente.test
9831,Daniel González Castillo,Cedula,001-1009830-4,829-730-1830,daniel.gonzalez.9830@email.do
9832,Héctor Martínez Pérez,Cedula,001-1009831-5,809-731-1831,hector.martinez.9831@email.do
9833,Sofía Guerrero Ruiz,Cedula,001-1009832-6,849-732-1832,sofia.guerrero.9832@correo.com.do
9834,Óscar Rojas Guerrero,Cedula,001-1009833-7,849-733-1833,oscar.rojas.9833@vimenca-demo.local
9835,Héctor González Castillo,Cedula,001-1009834-8,849-734-1834,hector.gonzalez.9834@correo.com.do
9836,David Ramírez Peña,Cedula,001-1009835-9,849-735-1835,david.ramirez.9835@correo.com.do
9837,Rafael Pérez Vargas,Cedula,001-1009836-1,849-736-1836,rafael.perez.9836@email.do
9838,Pedro Reyes Ortiz,Cedula,001-1009837-2,809-737-1837,pedro.reyes.9837@correo.com.do
9839,Fernando Morales Cruz,Cedula,001-1009838-3,809-738-1838,fernando.morales.9838@cliente.test
9840,Fernando Vargas Romero,Cedula,001-1009839-4,829-739-1839,fernando.vargas.9839@vimenca-demo.local
9841,Ana Gutiérrez Martínez,Cedula,001-1009840-5,809-740-1840,ana.gutierrez.9840@email.do
9842,Héctor Rojas Gómez,Cedula,001-1009841-6,829-741-1841,hector.rojas.9841@vimenca-demo.local
9843,Juan Ramírez Ramírez,Cedula,001-1009842-7,849-742-1842,juan.ramirez.9842@cliente.test
9844,Luis Mendoza Sánchez,Cedula,001-1009843-8,809-743-1843,luis.mendoza.9843@vimenca-demo.local
9845,Patricia Ortiz Díaz,Cedula,001-1009844-9,829-744-1844,patricia.ortiz.9844@email.do
9846,Carmen Castillo Romero,Cedula,001-1009845-1,849-745-1845,carmen.castillo.9845@correo.com.do
9847,Carmen González Mendoza,Cedula,001-1009846-2,849-746-1846,carmen.gonzalez.9846@vimenca-demo.local
9848,David González Rojas,Cedula,001-1009847-3,849-747-1847,david.gonzalez.9847@cliente.test
9849,David Morales Reyes,Cedula,001-1009848-4,849-748-1848,david.morales.9848@correo.com.do
9850,David Rodríguez Guerrero,Cedula,001-1009849-5,809-749-1849,david.rodriguez.9849@email.do
9851,Alejandro Cruz Gutiérrez,Cedula,001-1009850-6,849-750-1850,alejandro.cruz.9850@cliente.test
9852,Luis Reyes Medina,Cedula,001-1009851-7,809-751-1851,luis.reyes.9851@correo.com.do
9853,Fernando Gómez González,Cedula,001-1009852-8,849-752-1852,fernando.gomez.9852@vimenca-demo.local
9854,Diana Medina Ruiz,Cedula,001-1009853-9,849-753-1853,diana.medina.9853@correo.com.do
9855,Jorge Sánchez Medina,Cedula,001-1009854-1,849-754-1854,jorge.sanchez.9854@email.do
9856,Camila Cabrera Sánchez,Cedula,001-1009855-2,849-755-1855,camila.cabrera.9855@correo.com.do
9857,Miguel Gómez Pérez,Cedula,001-1009856-3,849-756-1856,miguel.gomez.9856@vimenca-demo.local
9858,Pablo Reyes Ortiz,Cedula,001-1009857-4,829-757-1857,pablo.reyes.9857@cliente.test
9859,Paola Martínez Torres,Cedula,001-1009858-5,849-758-1858,paola.martinez.9858@cliente.test
9860,Pedro Morales Rojas,Cedula,001-1009859-6,829-759-1859,pedro.morales.9859@vimenca-demo.local
9861,Héctor Guerrero Díaz,Cedula,001-1009860-7,849-760-1860,hector.guerrero.9860@email.do
9862,María González Mendoza,Cedula,001-1009861-8,809-761-1861,maria.gonzalez.9861@cliente.test
9863,Paola Vargas Gómez,Cedula,001-1009862-9,849-762-1862,paola.vargas.9862@vimenca-demo.local
9864,Paola Castillo Guerrero,Cedula,001-1009863-1,809-763-1863,paola.castillo.9863@correo.com.do
9865,Paola Rivera Ruiz,Cedula,001-1009864-2,849-764-1864,paola.rivera.9864@vimenca-demo.local
9866,Diana Ramírez Castillo,Cedula,001-1009865-3,849-765-1865,diana.ramirez.9865@vimenca-demo.local
9867,Daniel Reyes Ortiz,Cedula,001-1009866-4,829-766-1866,daniel.reyes.9866@cliente.test
9868,Miguel Romero Cabrera,Cedula,001-1009867-5,849-767-1867,miguel.romero.9867@email.do
9869,Andrea Rojas Morales,Cedula,001-1009868-6,849-768-1868,andrea.rojas.9868@vimenca-demo.local
9870,David García Alvarez,Cedula,001-1009869-7,849-769-1869,david.garcia.9869@correo.com.do
9871,Karina Rojas Martínez,Cedula,001-1009870-8,849-770-1870,karina.rojas.9870@vimenca-demo.local
9872,Jorge Romero Cruz,Cedula,001-1009871-9,849-771-1871,jorge.romero.9871@cliente.test
9873,Carmen González Ramírez,Cedula,001-1009872-1,849-772-1872,carmen.gonzalez.9872@vimenca-demo.local
9874,Carmen Cruz Medina,Cedula,001-1009873-2,809-773-1873,carmen.cruz.9873@correo.com.do
9875,Karina Alvarez Rivera,Cedula,001-1009874-3,809-774-1874,karina.alvarez.9874@correo.com.do
9876,Pablo García Morales,Cedula,001-1009875-4,809-775-1875,pablo.garcia.9875@cliente.test
9877,Natalia Alvarez Gómez,Cedula,001-1009876-5,829-776-1876,natalia.alvarez.9876@email.do
9878,Carlos Mendoza Gutiérrez,Cedula,001-1009877-6,849-777-1877,carlos.mendoza.9877@cliente.test
9879,Carlos Peña Reyes,Cedula,001-1009878-7,809-778-1878,carlos.peña.9878@email.do
9880,Francisco García Cabrera,Cedula,001-1009879-8,849-779-1879,francisco.garcia.9879@email.do
9881,Laura Ruiz Ruiz,Cedula,001-1009880-9,809-780-1880,laura.ruiz.9880@correo.com.do
9882,María García Alvarez,Cedula,001-1009881-1,829-781-1881,maria.garcia.9881@cliente.test
9883,Gabriela Morales Torres,Cedula,001-1009882-2,809-782-1882,gabriela.morales.9882@cliente.test
9884,José Ramírez Vargas,Cedula,001-1009883-3,809-783-1883,jose.ramirez.9883@cliente.test
9885,Diana Alvarez Flores,Cedula,001-1009884-4,829-784-1884,diana.alvarez.9884@email.do
9886,Alejandro Morales Ortiz,Cedula,001-1009885-5,829-785-1885,alejandro.morales.9885@correo.com.do
9887,Rafael Hernández Vargas,Cedula,001-1009886-6,829-786-1886,rafael.hernandez.9886@correo.com.do
9888,Fernando Castillo Rojas,Cedula,001-1009887-7,829-787-1887,fernando.castillo.9887@vimenca-demo.local
9889,Diana Guerrero Rojas,Cedula,001-1009888-8,849-788-1888,diana.guerrero.9888@email.do
9890,Héctor Ortiz Ortiz,Cedula,001-1009889-9,829-789-1889,hector.ortiz.9889@correo.com.do
9891,Valeria Cruz Guerrero,Cedula,001-1009890-1,809-790-1890,valeria.cruz.9890@cliente.test
9892,Yolanda Torres Martínez,Cedula,001-1009891-2,829-791-1891,yolanda.torres.9891@cliente.test
9893,Yolanda García Hernández,Cedula,001-1009892-3,829-792-1892,yolanda.garcia.9892@vimenca-demo.local
9894,Óscar Cabrera Ruiz,Cedula,001-1009893-4,849-793-1893,oscar.cabrera.9893@cliente.test
9895,Sofía Mendoza Castillo,Cedula,001-1009894-5,829-794-1894,sofia.mendoza.9894@correo.com.do
9896,Lucía Gutiérrez Morales,Cedula,001-1009895-6,809-795-1895,lucia.gutierrez.9895@correo.com.do
9897,María Gómez Ramírez,Cedula,001-1009896-7,809-796-1896,maria.gomez.9896@correo.com.do
9898,Karina Medina Sánchez,Cedula,001-1009897-8,829-797-1897,karina.medina.9897@cliente.test
9899,Francisco Gómez Flores,Cedula,001-1009898-9,849-798-1898,francisco.gomez.9898@cliente.test
9900,Luis Castillo Rodríguez,Cedula,001-1009899-1,849-799-1899,luis.castillo.9899@vimenca-demo.local
9901,Luis Rivera García,Cedula,001-1009900-2,829-800-1900,luis.rivera.9900@correo.com.do
9902,Ricardo Pérez Guerrero,Cedula,001-1009901-3,849-801-1901,ricardo.perez.9901@vimenca-demo.local
9903,Pablo Alvarez Romero,Cedula,001-1009902-4,809-802-1902,pablo.alvarez.9902@correo.com.do
9904,José Martínez Peña,Cedula,001-1009903-5,809-803-1903,jose.martinez.9903@correo.com.do
9905,Iván Ramírez Gutiérrez,Cedula,001-1009904-6,829-804-1904,ivan.ramirez.9904@vimenca-demo.local
9906,Fernando Reyes Peña,Cedula,001-1009905-7,849-805-1905,fernando.reyes.9905@email.do
9907,Rosa Romero Ortiz,Cedula,001-1009906-8,809-806-1906,rosa.romero.9906@vimenca-demo.local
9908,Fernando Alvarez Hernández,Cedula,001-1009907-9,849-807-1907,fernando.alvarez.9907@email.do
9909,Carlos Ruiz Jiménez,Cedula,001-1009908-1,809-808-1908,carlos.ruiz.9908@vimenca-demo.local
9910,Laura Pérez Hernández,Cedula,001-1009909-2,849-809-1909,laura.perez.9909@vimenca-demo.local
9911,Ricardo Ortiz Martínez,Cedula,001-1009910-3,809-810-1910,ricardo.ortiz.9910@email.do
9912,Rafael Ramírez García,Cedula,001-1009911-4,829-811-1911,rafael.ramirez.9911@vimenca-demo.local
9913,Francisco Peña Castillo,Cedula,001-1009912-5,849-812-1912,francisco.peña.9912@vimenca-demo.local
9914,Ana Díaz Vargas,Cedula,001-1009913-6,809-813-1913,ana.diaz.9913@correo.com.do
9915,Pedro Cabrera Hernández,Cedula,001-1009914-7,809-814-1914,pedro.cabrera.9914@correo.com.do
9916,Jorge Jiménez Rivera,Cedula,001-1009915-8,849-815-1915,jorge.jimenez.9915@correo.com.do
9917,Diana Sánchez Castillo,Cedula,001-1009916-9,809-816-1916,diana.sanchez.9916@vimenca-demo.local
9918,Ana Gómez Hernández,Cedula,001-1009917-1,849-817-1917,ana.gomez.9917@cliente.test
9919,Claudia Romero Guerrero,Cedula,001-1009918-2,849-818-1918,claudia.romero.9918@correo.com.do
9920,Patricia Alvarez Alvarez,Cedula,001-1009919-3,809-819-1919,patricia.alvarez.9919@email.do
9921,Natalia Ruiz Mendoza,Cedula,001-1009920-4,849-820-1920,natalia.ruiz.9920@cliente.test
9922,Héctor Reyes Cruz,Cedula,001-1009921-5,809-821-1921,hector.reyes.9921@cliente.test
9923,Ricardo Guerrero Sánchez,Cedula,001-1009922-6,809-822-1922,ricardo.guerrero.9922@vimenca-demo.local
9924,Carmen Alvarez Guerrero,Cedula,001-1009923-7,809-823-1923,carmen.alvarez.9923@vimenca-demo.local
9925,Laura Hernández Jiménez,Cedula,001-1009924-8,849-824-1924,laura.hernandez.9924@cliente.test
9926,Laura Ruiz Reyes,Cedula,001-1009925-9,829-825-1925,laura.ruiz.9925@vimenca-demo.local
9927,Carmen García Gutiérrez,Cedula,001-1009926-1,849-826-1926,carmen.garcia.9926@correo.com.do
9928,Carmen Morales Torres,Cedula,001-1009927-2,849-827-1927,carmen.morales.9927@email.do
9929,Paola Castillo Ramírez,Cedula,001-1009928-3,849-828-1928,paola.castillo.9928@cliente.test
9930,Juan Sánchez Cruz,Cedula,001-1009929-4,809-829-1929,juan.sanchez.9929@cliente.test
9931,Camila Sánchez Cabrera,Cedula,001-1009930-5,829-830-1930,camila.sanchez.9930@correo.com.do
9932,Andrés Díaz Peña,Cedula,001-1009931-6,849-831-1931,andres.diaz.9931@vimenca-demo.local
9933,Pedro Ruiz Gómez,Cedula,001-1009932-7,809-832-1932,pedro.ruiz.9932@correo.com.do
9934,Patricia Guerrero Rojas,Cedula,001-1009933-8,809-833-1933,patricia.guerrero.9933@correo.com.do
9935,Gabriela Gutiérrez Morales,Cedula,001-1009934-9,829-834-1934,gabriela.gutierrez.9934@correo.com.do
9936,Iván Guerrero Reyes,Cedula,001-1009935-1,829-835-1935,ivan.guerrero.9935@cliente.test
9937,Isabella Martínez Hernández,Cedula,001-1009936-2,849-836-1936,isabella.martinez.9936@email.do
9938,Natalia Ruiz Jiménez,Cedula,001-1009937-3,809-837-1937,natalia.ruiz.9937@email.do
9939,Patricia Rodríguez Peña,Cedula,001-1009938-4,849-838-1938,patricia.rodriguez.9938@email.do
9940,Iván Gómez Medina,Cedula,001-1009939-5,829-839-1939,ivan.gomez.9939@cliente.test
9941,Carlos Díaz Gutiérrez,Cedula,001-1009940-6,809-840-1940,carlos.diaz.9940@email.do
9942,Juan Ramírez Morales,Cedula,001-1009941-7,829-841-1941,juan.ramirez.9941@correo.com.do
9943,Iván Ortiz Gutiérrez,Cedula,001-1009942-8,809-842-1942,ivan.ortiz.9942@cliente.test
9944,Yolanda Rojas Vargas,Cedula,001-1009943-9,829-843-1943,yolanda.rojas.9943@email.do
9945,Yolanda Ortiz Castillo,Cedula,001-1009944-1,829-844-1944,yolanda.ortiz.9944@email.do
9946,Daniel Gómez Alvarez,Cedula,001-1009945-2,809-845-1945,daniel.gomez.9945@cliente.test
9947,Carmen Peña Cruz,Cedula,001-1009946-3,849-846-1946,carmen.peña.9946@vimenca-demo.local
9948,Héctor Ortiz Flores,Cedula,001-1009947-4,809-847-1947,hector.ortiz.9947@vimenca-demo.local
9949,Rosa Gómez Torres,Cedula,001-1009948-5,829-848-1948,rosa.gomez.9948@cliente.test
9950,Ana Díaz Reyes,Cedula,001-1009949-6,829-849-1949,ana.diaz.9949@vimenca-demo.local
9951,Lucía Ruiz González,Cedula,001-1009950-7,809-850-1950,lucia.ruiz.9950@vimenca-demo.local
9952,Héctor Vargas Guerrero,Cedula,001-1009951-8,849-851-1951,hector.vargas.9951@correo.com.do
9953,Andrés Guerrero Gutiérrez,Cedula,001-1009952-9,809-852-1952,andres.guerrero.9952@vimenca-demo.local
9954,Rafael Guerrero Pérez,Cedula,001-1009953-1,849-853-1953,rafael.guerrero.9953@vimenca-demo.local
9955,Óscar Ortiz Cabrera,Cedula,001-1009954-2,809-854-1954,oscar.ortiz.9954@email.do
9956,Andrea Rojas Díaz,Cedula,001-1009955-3,829-855-1955,andrea.rojas.9955@correo.com.do
9957,Pablo Morales Rivera,Cedula,001-1009956-4,829-856-1956,pablo.morales.9956@cliente.test
9958,Carlos Vargas Díaz,Cedula,001-1009957-5,849-857-1957,carlos.vargas.9957@correo.com.do
9959,Héctor Alvarez Rojas,Cedula,001-1009958-6,849-858-1958,hector.alvarez.9958@correo.com.do
9960,Andrea Ramírez Gutiérrez,Cedula,001-1009959-7,809-859-1959,andrea.ramirez.9959@email.do
9961,Karina Torres Flores,Cedula,001-1009960-8,829-860-1960,karina.torres.9960@cliente.test
9962,Luis Sánchez Alvarez,Cedula,001-1009961-9,829-861-1961,luis.sanchez.9961@cliente.test
9963,Camila Morales Rodríguez,Cedula,001-1009962-1,849-862-1962,camila.morales.9962@email.do
9964,Rosa Romero Romero,Cedula,001-1009963-2,829-863-1963,rosa.romero.9963@vimenca-demo.local
9965,Carmen Mendoza Torres,Cedula,001-1009964-3,849-864-1964,carmen.mendoza.9964@email.do
9966,Paola González Torres,Cedula,001-1009965-4,849-865-1965,paola.gonzalez.9965@vimenca-demo.local
9967,Alejandro González Flores,Cedula,001-1009966-5,829-866-1966,alejandro.gonzalez.9966@vimenca-demo.local
9968,Luis Gómez Martínez,Cedula,001-1009967-6,829-867-1967,luis.gomez.9967@vimenca-demo.local
9969,Gabriela Rojas Gutiérrez,Cedula,001-1009968-7,829-868-1968,gabriela.rojas.9968@email.do
9970,Carmen Ruiz Ruiz,Cedula,001-1009969-8,849-869-1969,carmen.ruiz.9969@correo.com.do
9971,Carmen Medina Sánchez,Cedula,001-1009970-9,849-870-1970,carmen.medina.9970@vimenca-demo.local
9972,Manuel Reyes Martínez,Cedula,001-1009971-1,809-871-1971,manuel.reyes.9971@cliente.test
9973,Lucía Romero Castillo,Cedula,001-1009972-2,809-872-1972,lucia.romero.9972@cliente.test
9974,Camila Peña Vargas,Cedula,001-1009973-3,849-873-1973,camila.peña.9973@cliente.test
9975,Pablo Romero Flores,Cedula,001-1009974-4,829-874-1974,pablo.romero.9974@cliente.test
9976,Ana Cabrera Ramírez,Cedula,001-1009975-5,809-875-1975,ana.cabrera.9975@cliente.test
9977,Laura Castillo Ruiz,Cedula,001-1009976-6,849-876-1976,laura.castillo.9976@vimenca-demo.local
9978,Elena Ortiz Ruiz,Cedula,001-1009977-7,849-877-1977,elena.ortiz.9977@cliente.test
9979,Ana Morales Gutiérrez,Cedula,001-1009978-8,849-878-1978,ana.morales.9978@correo.com.do
9980,Carmen Peña Pérez,Cedula,001-1009979-9,809-879-1979,carmen.peña.9979@email.do
9981,Paola Flores Martínez,Cedula,001-1009980-1,849-880-1980,paola.flores.9980@email.do
9982,Patricia González Gutiérrez,Cedula,001-1009981-2,829-881-1981,patricia.gonzalez.9981@correo.com.do
9983,Ana Díaz Torres,Cedula,001-1009982-3,849-882-1982,ana.diaz.9982@vimenca-demo.local
9984,Rafael Peña Gutiérrez,Cedula,001-1009983-4,829-883-1983,rafael.peña.9983@vimenca-demo.local
9985,David Díaz Flores,Cedula,001-1009984-5,849-884-1984,david.diaz.9984@correo.com.do
9986,Claudia Sánchez Gómez,Cedula,001-1009985-6,809-885-1985,claudia.sanchez.9985@email.do
9987,Valeria Alvarez García,Cedula,001-1009986-7,809-886-1986,valeria.alvarez.9986@correo.com.do
9988,Jorge Cruz Torres,Cedula,001-1009987-8,809-887-1987,jorge.cruz.9987@correo.com.do
9989,María Gutiérrez González,Cedula,001-1009988-9,829-888-1988,maria.gutierrez.9988@cliente.test
9990,Carmen Gómez Castillo,Cedula,001-1009989-1,849-889-1989,carmen.gomez.9989@vimenca-demo.local
9991,Juan Rivera Reyes,Cedula,001-1009990-2,829-890-1990,juan.rivera.9990@cliente.test
9992,Iván Pérez Morales,Cedula,001-1009991-3,849-891-1991,ivan.perez.9991@cliente.test
9993,Francisco Martínez Ramírez,Cedula,001-1009992-4,849-892-1992,francisco.martinez.9992@email.do
9994,Alejandro Rodríguez Gutiérrez,Cedula,001-1009993-5,809-893-1993,alejandro.rodriguez.9993@cliente.test
9995,Andrea Morales Peña,Cedula,001-1009994-6,829-894-1994,andrea.morales.9994@vimenca-demo.local
9996,Diana Vargas Ramírez,Cedula,001-1009995-7,829-895-1995,diana.vargas.9995@vimenca-demo.local
9997,Ricardo Rodríguez Castillo,Cedula,001-1009996-8,809-896-1996,ricardo.rodriguez.9996@email.do
9998,José Hernández Sánchez,Cedula,001-1009997-9,849-897-1997,jose.hernandez.9997@vimenca-demo.local
9999,Iván Sánchez Gutiérrez,Cedula,001-1009998-1,829-898-1998,ivan.sanchez.9998@vimenca-demo.local
10000,Pablo Peña Cabrera,Cedula,001-1009999-2,829-899-1999,pablo.peña.9999@email.do
10001,Laura Martínez Cruz,Cedula,001-1010000-3,809-500-2000,laura.martinez.10000@email.do
10002,Juan Rosario,Cedula,22301179952,8094654165,juanrosarioprenza@gmail.com
